timestamp,temperature_c,humidity_pct,rain_mm,wind_speed_ms,wind_gust_ms,wind_dir_deg,pressure_hpa,wet_bulb_c,uv_raw,ir_raw,vis_raw
2025-10-01 03:00:33,13.3,77.2,0.0,0.0,0.0,182.0,848.9,10.8,0,253,259
2025-10-01 03:15:35,13.2,77.0,0.0,0.0,0.0,182.0,849.2,10.7,0,253,261
2025-10-01 03:30:40,13.1,78.2,0.0,0.0,0.0,182.0,849.3,10.8,0,254,261
2025-10-01 03:45:44,12.9,80.0,0.0,0.0,0.0,182.0,849.6,10.8,0,253,261
2025-10-01 04:00:49,13.0,79.2,0.0,0.0,0.0,182.0,849.6,10.8,0,254,259
2025-10-01 04:15:54,12.6,79.9,0.0,0.0,0.0,182.0,849.6,10.4,0,254,261
2025-10-01 04:30:58,12.4,81.6,0.0,0.0,0.0,182.0,849.6,10.4,0,253,261
2025-10-01 04:46:03,12.3,81.3,0.0,0.0,0.2,183.0,849.5,10.3,0,254,260
2025-10-01 05:01:07,12.1,82.2,0.0,0.0,0.2,183.0,849.8,10.2,0,254,261
2025-10-01 05:16:12,12.1,81.9,0.0,0.0,0.0,182.0,849.8,10.1,0,253,260
2025-10-01 05:31:34,11.8,83.1,0.0,0.0,0.2,183.0,849.8,10.0,0,254,260
2025-10-01 05:46:38,11.6,83.9,0.0,0.0,0.0,182.0,849.8,9.8,0,254,260
2025-10-01 06:01:43,11.5,84.4,0.0,0.1,0.2,183.0,850.0,9.8,0,255,260
2025-10-01 06:16:48,11.4,83.8,0.0,0.0,0.0,182.0,850.2,9.6,0,280,263
2025-10-01 06:32:05,11.4,84.4,0.0,0.0,0.0,182.0,850.4,9.7,0,447,277
2025-10-01 06:47:30,11.8,84.4,0.0,0.0,0.0,182.0,850.7,10.1,0,589,294
2025-10-01 07:02:34,12.5,79.9,0.0,0.0,0.2,280.0,850.8,10.3,0,632,302
2025-10-01 07:17:39,13.0,76.4,0.0,0.1,0.4,280.0,851.0,10.5,0,1254,347
2025-10-01 07:32:43,14.3,72.9,0.0,0.1,0.4,280.0,851.1,11.2,0,1669,383
2025-10-01 07:47:48,15.0,71.9,0.0,0.3,0.7,5.0,851.2,11.9,0,2090,420
2025-10-01 08:02:52,16.3,69.0,0.0,0.1,0.4,326.0,851.4,12.7,0,2572,464
2025-10-01 08:17:57,17.2,66.9,0.0,1.2,1.7,276.0,851.5,13.3,0,3031,506
2025-10-01 08:33:39,19.6,61.8,0.0,0.1,0.2,15.0,851.4,14.9,0,3616,560
2025-10-01 08:48:43,21.1,56.3,0.0,0.2,0.6,14.0,851.4,15.5,0,4159,614
2025-10-01 09:03:47,20.9,54.8,0.0,0.2,0.7,238.0,851.5,15.1,0,4643,658
2025-10-01 09:18:52,21.8,53.1,0.0,0.4,1.3,227.0,851.5,15.7,0,5064,696
2025-10-01 09:34:45,22.5,50.2,0.0,0.1,0.7,233.0,851.5,15.9,0,5526,742
2025-10-01 09:49:50,23.3,46.6,0.0,0.5,1.1,22.0,851.5,16.0,0,5962,783
2025-10-01 10:05:27,24.7,42.2,0.0,0.9,1.3,18.0,851.2,16.5,0,6499,833
2025-10-01 10:20:36,23.7,43.6,0.0,0.5,1.1,25.0,851.1,15.9,0,6853,868
2025-10-01 10:35:40,25.5,40.7,0.0,0.5,1.3,30.0,850.9,16.9,0,7143,896
2025-10-01 10:51:29,23.9,41.9,0.0,1.1,1.7,275.0,850.8,15.8,0,7466,924
2025-10-01 11:06:44,24.9,40.0,0.0,0.8,1.3,28.0,850.6,16.3,0,7730,949
2025-10-01 11:21:47,24.5,42.1,0.0,0.7,1.5,237.0,850.5,16.3,0,7844,957
2025-10-01 11:36:52,25.3,41.0,0.0,0.5,0.9,225.0,850.4,16.8,0,7859,954
2025-10-01 11:52:15,26.1,38.5,0.0,0.5,0.9,317.0,850.1,17.0,0,7998,969
2025-10-01 12:07:39,26.2,37.7,0.0,1.2,2.2,129.0,849.9,16.9,0,7960,966
2025-10-01 12:22:44,26.8,36.7,0.0,1.1,2.8,186.0,849.6,17.2,0,8060,978
2025-10-01 12:37:49,27.3,35.4,0.0,0.4,1.1,194.0,849.3,17.4,0,8130,985
2025-10-01 12:53:15,27.3,34.3,0.0,0.3,1.1,196.0,849.0,17.2,0,8067,981
2025-10-01 13:08:20,27.6,33.5,0.0,0.7,1.5,194.0,848.7,17.3,0,7963,975
2025-10-01 13:23:44,27.8,36.0,0.0,0.8,1.5,227.0,848.4,17.9,0,7807,962
2025-10-01 13:38:49,29.2,34.5,0.0,0.1,0.7,29.0,847.9,18.7,0,7606,945
2025-10-01 13:53:53,29.2,31.4,0.0,1.6,2.8,187.0,847.6,18.1,0,7211,904
2025-10-01 14:08:58,29.4,34.0,0.0,0.7,1.7,151.0,847.4,18.7,0,6942,880
2025-10-01 14:24:03,28.9,30.7,0.0,1.5,2.2,292.0,847.2,17.7,0,6119,809
2025-10-01 14:39:03,29.4,30.5,0.0,0.8,1.3,243.0,846.9,18.0,0,4356,650
2025-10-01 14:54:07,29.0,31.8,0.0,0.4,0.7,222.0,846.7,18.0,0,6430,822
2025-10-01 15:09:58,31.5,28.1,0.0,0.8,2.6,174.0,846.5,19.0,0,6155,799
2025-10-01 15:25:03,29.4,31.6,0.0,1.2,2.6,219.0,846.3,18.2,0,1757,420
2025-10-01 15:41:03,28.8,30.1,0.0,0.9,1.5,117.0,846.3,17.5,0,1525,384
2025-10-01 15:56:08,28.4,33.1,0.0,1.3,2.2,178.0,846.3,17.8,0,1433,372
2025-10-01 16:11:13,28.2,32.7,0.0,1.4,2.8,176.0,846.2,17.6,0,1429,369
2025-10-01 16:26:17,28.2,33.5,0.0,0.3,0.7,191.0,846.3,17.7,0,1295,358
2025-10-01 16:41:22,28.0,35.5,0.0,1.1,2.2,102.0,846.3,18.0,0,1428,369
2025-10-01 16:56:27,27.7,36.1,0.0,0.6,1.7,149.0,846.4,17.9,0,1108,339
2025-10-01 17:11:50,27.2,36.0,0.0,0.5,1.3,176.0,846.5,17.5,0,1050,340
2025-10-01 17:26:54,27.0,35.5,0.0,0.5,0.9,129.0,846.6,17.1,0,739,312
2025-10-01 17:41:59,26.4,36.2,0.0,0.6,1.8,100.0,846.7,16.9,0,499,286
2025-10-01 17:57:03,25.9,37.1,0.0,1.1,2.2,146.0,846.8,16.6,0,377,273
2025-10-01 18:12:08,25.4,38.2,0.0,0.5,2.0,130.0,846.9,16.4,0,323,266
2025-10-01 18:27:12,24.8,38.5,0.0,0.7,1.7,128.0,847.2,16.0,0,263,262
2025-10-01 18:42:16,24.5,39.2,0.0,0.8,1.5,204.0,847.4,15.9,0,253,262
2025-10-01 18:57:21,24.1,39.7,0.0,0.6,1.3,190.0,847.5,15.6,0,253,261
2025-10-01 19:12:25,23.9,39.4,0.0,0.6,1.1,197.0,847.6,15.4,0,253,259
2025-10-01 19:27:30,23.5,40.1,0.0,0.3,0.9,185.0,847.7,15.2,0,253,261
2025-10-01 19:42:54,23.1,41.3,0.0,0.1,0.7,185.0,847.9,15.0,0,253,260
2025-10-01 19:58:01,22.3,43.1,0.0,0.0,0.0,184.0,848.3,14.6,0,253,260
2025-10-01 20:13:05,21.4,45.8,0.0,0.0,0.0,184.0,848.5,14.3,0,253,261
2025-10-01 20:28:10,21.7,43.9,0.0,0.1,0.4,159.0,848.8,14.3,0,253,259
2025-10-01 20:43:14,21.8,44.2,0.0,0.0,0.0,95.0,848.9,14.4,0,253,260
2025-10-01 20:58:19,21.0,45.9,0.0,0.1,0.2,95.0,849.2,14.0,0,253,260
2025-10-01 21:13:23,20.4,46.8,0.0,0.0,0.0,95.0,849.4,13.6,0,252,262
2025-10-01 21:28:27,20.5,46.6,0.0,0.1,0.4,98.0,849.6,13.6,0,254,260
2025-10-01 21:44:02,20.8,44.5,0.0,0.5,1.1,131.0,849.7,13.6,0,253,260
2025-10-01 21:59:06,20.5,45.0,0.0,0.1,0.4,151.0,849.8,13.4,0,254,260
2025-10-01 22:14:11,19.9,47.2,0.0,0.0,0.2,151.0,850.1,13.2,0,254,261
2025-10-01 22:29:16,19.6,47.4,0.0,0.4,1.1,151.0,850.1,13.0,0,253,261
2025-10-01 22:44:20,19.1,49.8,0.0,0.0,0.0,151.0,850.3,12.9,0,254,259
2025-10-01 22:59:25,18.9,49.7,0.0,0.6,1.5,151.0,850.3,12.7,0,256,260
2025-10-01 23:14:29,18.8,50.6,0.0,0.0,0.0,151.0,850.2,12.8,0,253,260
2025-10-01 23:29:34,18.5,51.9,0.0,0.0,0.0,151.0,850.2,12.6,0,253,260
2025-10-01 23:44:38,18.2,53.0,0.0,0.0,0.2,151.0,850.2,12.5,0,253,261
2025-10-02 00:00:02,17.8,55.5,0.0,0.0,0.2,151.0,850.1,12.5,0,253,260
2025-10-02 00:15:06,17.1,57.9,0.0,0.1,0.2,151.0,850.0,12.2,0,253,260
2025-10-02 00:30:11,17.1,60.1,0.0,0.0,0.0,151.0,849.9,12.4,0,253,260
2025-10-02 00:45:15,16.5,62.0,0.0,0.0,0.0,151.0,849.8,12.1,0,253,260
2025-10-02 01:00:20,16.0,63.7,0.0,0.1,0.2,151.0,849.8,11.9,0,253,261
2025-10-02 01:15:24,15.8,63.5,0.0,0.0,0.0,151.0,849.5,11.6,0,254,260
2025-10-02 01:30:28,15.5,66.3,0.0,0.1,0.2,151.0,849.4,11.7,0,252,261
2025-10-02 01:45:33,15.0,68.1,0.0,0.1,0.4,151.0,849.2,11.5,0,254,260
2025-10-02 02:00:37,14.5,71.2,0.0,0.1,0.2,151.0,849.3,11.2,0,254,261
2025-10-02 02:15:42,14.4,72.2,0.0,0.0,0.2,151.0,849.3,11.3,0,253,259
2025-10-02 02:31:06,13.9,72.5,0.0,0.0,0.0,151.0,849.3,10.9,0,253,260
2025-10-02 02:46:11,13.6,73.8,0.0,0.0,0.0,151.0,849.3,10.8,0,254,261
2025-10-02 03:00:15,13.5,73.6,0.0,0.0,0.0,151.0,849.3,10.6,0,252,260
2025-10-02 03:15:19,13.5,73.9,0.0,0.0,0.0,151.0,849.3,10.6,0,254,260
2025-10-02 03:30:24,13.4,74.8,0.0,0.0,0.2,151.0,849.2,10.7,0,253,260
2025-10-02 03:45:28,13.3,75.2,0.0,0.1,0.2,151.0,849.1,10.6,0,253,260
2025-10-02 04:00:33,12.9,76.8,0.0,0.0,0.2,151.0,849.3,10.4,0,253,259
2025-10-02 04:15:37,12.6,77.4,0.0,0.0,0.2,151.0,849.2,10.1,0,255,260
2025-10-02 04:30:42,12.3,78.3,0.0,0.0,0.2,151.0,849.2,10.0,0,254,260
2025-10-02 04:45:46,12.1,78.5,0.0,0.0,0.2,151.0,849.4,9.8,0,253,260
2025-10-02 05:01:10,12.0,79.6,0.0,0.1,0.2,151.0,849.4,9.8,0,253,260
2025-10-02 05:16:14,11.9,80.0,0.0,0.0,0.0,151.0,849.5,9.8,0,253,259
2025-10-02 05:31:53,11.9,80.2,0.0,0.1,0.4,151.0,849.6,9.8,0,254,261
2025-10-02 05:47:17,12.0,79.1,0.0,0.0,0.2,151.0,849.6,9.8,0,253,261
2025-10-02 06:02:21,11.8,79.9,0.0,0.0,0.2,151.0,849.7,9.7,0,257,261
2025-10-02 06:17:26,11.9,78.6,0.0,0.1,0.2,151.0,849.7,9.6,0,285,262
2025-10-02 06:32:30,11.9,78.5,0.0,0.1,0.4,151.0,849.9,9.6,0,363,271
2025-10-02 06:47:34,12.0,78.3,0.0,0.0,0.2,151.0,849.9,9.7,0,437,284
2025-10-02 07:02:39,12.6,77.0,0.0,0.0,0.2,151.0,850.2,10.1,0,514,293
2025-10-02 07:17:44,13.6,73.9,0.0,0.2,0.4,151.0,850.3,10.7,0,1277,349
2025-10-02 07:32:48,14.9,69.3,0.0,0.5,1.3,151.0,850.4,11.5,0,1740,391
2025-10-02 07:47:52,16.3,66.5,0.0,0.1,0.4,151.0,850.6,12.4,0,2025,419
2025-10-02 08:02:57,17.5,63.0,0.0,0.4,0.9,151.0,850.6,13.1,0,2141,431
2025-10-02 08:18:21,18.6,58.9,0.0,0.5,0.9,151.0,850.7,13.6,0,2640,478
2025-10-02 08:33:27,20.9,53.1,0.0,0.4,0.7,150.0,850.8,14.9,0,3277,534
2025-10-02 08:48:32,22.3,47.7,0.0,1.0,1.7,150.0,850.8,15.3,0,4172,617
2025-10-02 09:03:48,23.4,46.4,0.0,1.0,2.2,89.0,850.7,16.1,0,4406,641
2025-10-02 09:18:52,23.0,45.2,0.0,1.3,2.0,82.0,850.7,15.6,0,4992,693
2025-10-02 09:33:57,23.0,42.5,0.0,0.4,1.7,80.0,850.7,15.2,0,5160,712
2025-10-02 09:49:01,23.2,43.4,0.0,1.0,1.5,67.0,850.7,15.4,0,5900,782
2025-10-02 10:04:51,25.1,40.4,0.0,0.8,1.3,25.0,850.6,16.5,0,6093,802
2025-10-02 10:19:55,24.6,43.1,0.0,0.8,1.5,66.0,850.4,16.5,0,6875,871
2025-10-02 10:35:00,25.3,38.5,0.0,1.3,2.2,103.0,850.4,16.3,0,7137,898
2025-10-02 10:50:04,25.7,37.2,0.0,1.1,1.7,184.0,850.1,16.4,0,7462,930
2025-10-02 11:05:26,25.7,37.3,0.0,1.1,2.0,91.0,849.8,16.5,0,7129,901
2025-10-02 11:20:33,25.3,39.5,0.0,0.3,1.1,161.0,849.6,16.6,0,7142,901
2025-10-02 11:36:33,26.2,37.3,0.0,0.7,1.5,223.0,849.4,16.9,0,7612,947
2025-10-02 11:51:57,26.5,37.5,0.0,0.3,0.6,78.0,849.1,17.2,0,7784,960
2025-10-02 12:07:01,27.0,36.5,0.0,0.6,1.1,94.0,848.8,17.3,0,7884,968
2025-10-02 12:22:48,28.2,35.2,0.0,0.2,1.1,266.0,848.4,18.1,0,8317,1014
2025-10-02 12:37:53,28.4,34.0,0.0,1.1,2.0,86.0,847.9,18.0,0,6995,891
2025-10-02 12:53:49,27.6,35.2,0.0,0.7,1.3,210.0,847.8,17.6,0,8054,988
2025-10-02 13:08:54,27.7,35.4,0.0,0.5,1.1,174.0,847.6,17.7,0,7742,957
2025-10-02 13:23:58,27.8,34.0,0.0,0.8,1.5,174.0,847.2,17.5,0,8479,1018
2025-10-02 13:39:08,29.2,31.5,0.0,0.9,1.5,174.0,846.8,18.1,0,7855,967
2025-10-02 13:54:13,31.1,29.7,0.0,0.5,1.1,174.0,846.5,19.1,0,7538,930
2025-10-02 14:09:36,31.0,30.9,0.0,0.1,0.4,174.0,846.4,19.3,0,2694,501
2025-10-02 14:25:33,28.8,32.2,0.0,0.9,1.7,174.0,846.3,17.9,0,2101,435
2025-10-02 14:40:38,28.2,33.6,0.0,0.3,1.1,174.0,846.1,17.7,0,1229,353
2025-10-02 14:55:42,27.4,35.1,0.0,0.5,0.9,174.0,846.2,17.4,0,818,314
2025-10-02 15:10:47,27.1,35.6,0.0,0.7,1.3,174.0,846.2,17.3,0,997,332
2025-10-02 15:25:51,27.0,36.9,0.0,0.5,0.9,174.0,846.1,17.5,0,1157,345
2025-10-02 15:40:56,27.2,37.0,0.0,0.3,0.7,174.0,846.1,17.6,0,1349,362
2025-10-02 15:56:00,27.2,37.8,0.0,0.9,1.6,174.0,846.0,17.7,0,1267,355
2025-10-02 16:11:05,26.9,37.6,0.0,0.3,0.7,222.0,846.0,17.5,0,1176,346
2025-10-02 16:26:09,26.9,38.2,0.0,0.3,0.9,186.0,846.0,17.6,0,1219,349
2025-10-02 16:41:13,26.8,39.2,0.0,0.3,0.7,186.0,846.1,17.7,0,960,326
2025-10-02 16:56:36,26.6,39.7,0.0,0.5,1.1,185.0,846.0,17.6,0,941,324
2025-10-02 17:11:41,25.4,47.0,0.0,0.3,0.7,80.0,846.1,17.9,0,729,304
2025-10-02 17:26:45,24.8,47.4,0.0,0.7,1.3,81.0,846.2,17.4,0,595,292
2025-10-02 17:42:44,24.5,48.8,0.0,0.1,0.2,26.0,846.5,17.3,0,432,278
2025-10-02 17:57:48,24.2,50.0,0.0,0.2,0.4,342.0,846.6,17.3,0,339,268
2025-10-02 18:12:52,23.8,52.4,0.0,0.1,0.4,49.0,846.6,17.3,0,289,265
2025-10-02 18:27:56,23.4,53.4,0.0,0.4,0.9,78.0,847.1,17.1,0,260,262
2025-10-02 18:43:01,22.8,54.7,0.0,0.5,0.9,78.0,847.2,16.8,0,254,259
2025-10-02 18:58:05,22.7,56.0,0.0,0.0,0.2,78.0,847.4,16.9,0,254,261
2025-10-02 19:13:10,22.5,57.0,0.0,0.1,0.2,78.0,847.5,16.8,0,253,259
2025-10-02 19:28:15,22.2,57.4,0.0,0.2,0.4,78.0,847.8,16.7,0,254,259
2025-10-02 19:43:19,22.1,58.2,0.0,0.2,0.4,78.0,847.8,16.7,0,254,261
2025-10-02 19:58:41,21.7,60.0,0.0,0.1,0.2,78.0,848.0,16.5,0,253,261
2025-10-02 20:13:45,21.4,61.9,0.0,0.0,0.0,78.0,848.3,16.5,0,254,260
2025-10-02 20:28:50,21.0,62.5,0.0,0.1,0.2,78.0,848.5,16.3,0,254,260
2025-10-02 20:43:54,20.6,63.5,0.0,0.0,0.0,78.0,848.7,16.0,0,254,260
2025-10-02 20:59:49,20.3,61.4,0.0,0.0,0.0,78.0,849.0,15.5,0,253,261
2025-10-02 21:14:54,20.9,50.4,0.0,0.3,0.9,99.0,849.1,14.5,0,252,260
2025-10-02 21:29:58,20.9,50.6,0.0,0.0,0.2,99.0,849.2,14.5,0,253,261
2025-10-02 21:45:03,20.5,50.8,0.0,0.0,0.2,99.0,849.4,14.2,0,253,260
2025-10-02 22:00:07,20.4,51.8,0.0,0.2,0.4,99.0,849.6,14.2,0,254,260
2025-10-02 22:15:12,20.1,52.3,0.0,0.1,0.4,99.0,849.7,14.1,0,254,260
2025-10-02 22:30:17,19.6,52.4,0.0,0.0,0.0,99.0,849.8,13.7,0,255,260
2025-10-02 22:45:21,19.1,56.6,0.0,0.0,0.0,99.0,849.7,13.8,0,253,261
2025-10-02 23:00:26,18.4,59.2,0.0,0.0,0.2,99.0,850.0,13.5,0,254,261
2025-10-02 23:15:49,18.0,59.3,0.0,0.2,0.4,99.0,850.0,13.1,0,253,260
2025-10-02 23:30:53,17.5,60.7,0.0,0.0,0.0,99.0,850.0,12.9,0,253,259
2025-10-02 23:45:58,17.3,62.8,0.0,0.6,0.9,99.0,849.8,12.9,0,253,260
2025-10-03 00:01:02,17.2,62.8,0.0,0.0,0.2,99.0,849.6,12.9,0,253,262
2025-10-03 00:16:07,16.8,63.8,0.0,0.0,0.0,99.0,849.6,12.6,0,253,261
2025-10-03 00:31:11,16.8,62.9,0.0,0.1,0.2,99.0,849.4,12.5,0,252,261
2025-10-03 00:46:16,16.6,64.5,0.0,0.0,0.0,99.0,849.3,12.5,0,253,261
2025-10-03 01:01:20,16.6,64.7,0.0,0.0,0.2,99.0,849.2,12.5,0,253,259
2025-10-03 01:16:24,16.7,65.7,0.0,0.1,0.2,99.0,849.1,12.7,0,254,260
2025-10-03 01:31:29,16.9,65.9,0.0,0.0,0.0,99.0,849.0,12.9,0,254,260
2025-10-03 01:46:53,16.1,69.8,0.0,0.0,0.2,99.0,849.0,12.6,0,253,261
2025-10-03 02:01:58,15.4,72.4,0.0,0.0,0.0,99.0,849.1,12.3,0,253,261
2025-10-03 02:17:03,15.0,74.8,0.0,0.0,0.0,99.0,849.1,12.2,0,253,260
2025-10-03 02:32:07,15.1,73.4,0.0,0.3,0.7,99.0,849.0,12.1,0,255,261
2025-10-03 02:47:11,15.1,72.8,0.0,0.1,0.4,99.0,849.0,12.0,0,254,260
2025-10-03 03:00:15,14.8,73.9,0.0,0.0,0.0,99.0,849.1,11.9,0,252,259
2025-10-03 03:15:20,14.4,75.7,0.0,0.0,0.0,99.0,849.1,11.7,0,253,261
2025-10-03 03:30:24,14.5,75.9,0.0,0.0,0.0,99.0,849.1,11.8,0,254,259
2025-10-03 03:45:29,14.4,77.0,0.0,0.0,0.0,99.0,849.2,11.8,0,255,260
2025-10-03 04:00:33,14.3,77.2,0.0,0.0,0.0,99.0,849.3,11.8,0,253,261
2025-10-03 04:15:57,14.0,78.6,0.0,0.0,0.0,99.0,849.3,11.6,0,252,260
2025-10-03 04:31:02,13.9,79.0,0.0,0.0,0.0,99.0,849.3,11.6,0,254,261
2025-10-03 04:46:27,13.9,78.8,0.0,0.0,0.0,99.0,849.4,11.5,0,254,260
2025-10-03 05:01:31,13.8,78.8,0.0,0.0,0.0,99.0,849.5,11.5,0,253,260
2025-10-03 05:16:36,13.5,80.2,0.0,0.0,0.0,99.0,849.6,11.3,0,254,260
2025-10-03 05:31:40,13.4,81.2,0.0,0.0,0.0,99.0,849.7,11.3,0,254,261
2025-10-03 05:46:45,13.4,81.1,0.0,0.0,0.0,99.0,849.8,11.3,0,254,260
2025-10-03 06:01:49,13.3,81.8,0.0,0.0,0.2,99.0,850.0,11.3,0,255,260
2025-10-03 06:16:54,13.2,81.8,0.0,0.0,0.0,99.0,850.3,11.2,0,277,264
2025-10-03 06:31:58,13.4,80.1,0.0,0.2,0.9,99.0,850.5,11.2,0,370,270
2025-10-03 06:47:03,13.9,76.6,0.0,0.2,0.4,99.0,850.7,11.4,0,489,283
2025-10-03 07:02:07,14.3,75.6,0.0,0.4,1.3,99.0,850.8,11.6,0,677,299
2025-10-03 07:17:31,14.6,75.1,0.0,0.1,0.7,99.0,850.9,11.8,0,712,302
2025-10-03 07:32:36,14.8,74.5,0.0,0.7,1.3,99.0,851.0,11.9,0,987,328
2025-10-03 07:47:40,15.5,73.3,0.0,0.5,1.1,99.0,850.9,12.4,0,1273,353
2025-10-03 08:02:45,16.2,71.3,0.0,0.4,1.1,99.0,851.0,12.9,0,1479,371
2025-10-03 08:17:49,16.7,70.8,0.0,0.9,1.5,99.0,851.1,13.3,0,1465,373
2025-10-03 08:32:54,17.4,67.7,0.0,0.1,0.2,99.0,851.2,13.6,0,1514,376
2025-10-03 08:48:50,18.3,64.9,0.0,0.2,0.4,99.0,851.3,14.0,0,1518,376
2025-10-03 09:03:54,19.4,62.4,0.0,0.0,0.2,99.0,851.3,14.8,0,1679,393
2025-10-03 09:18:59,19.4,61.0,0.0,0.1,0.2,98.0,851.3,14.6,0,1691,394
2025-10-03 09:34:03,20.0,59.8,0.0,0.1,0.4,98.0,851.3,15.0,0,2214,444
2025-10-03 09:49:22,20.6,57.0,0.0,0.3,0.7,98.0,851.2,15.2,0,2825,502
2025-10-03 10:04:51,20.7,57.5,0.0,0.6,1.3,98.0,851.2,15.3,0,3136,530
2025-10-03 10:19:58,21.9,53.1,0.0,1.1,1.7,98.0,851.1,15.8,0,6512,833
2025-10-03 10:35:25,24.1,47.5,0.0,0.8,1.3,98.0,850.9,16.8,0,6942,889
2025-10-03 10:50:38,25.5,44.2,0.0,0.9,1.5,162.0,850.6,17.5,0,8988,1063
2025-10-03 11:05:43,25.8,43.8,0.0,0.3,0.7,193.0,850.6,17.7,0,4482,686
2025-10-03 11:20:48,26.6,41.7,0.0,1.2,2.6,194.0,850.3,18.0,0,8622,1040
2025-10-03 11:35:53,27.7,41.5,0.0,0.4,0.9,218.0,850.0,18.9,0,8545,1036
2025-10-03 11:50:58,27.6,39.8,0.0,0.8,2.2,270.0,849.7,18.5,0,8234,1014
2025-10-03 12:06:46,28.9,37.0,0.0,0.5,1.3,174.0,849.4,18.9,0,3587,583
2025-10-03 12:21:51,27.6,37.7,0.0,1.0,2.0,112.0,849.2,18.0,0,3723,589
2025-10-03 12:37:02,27.9,38.0,0.0,0.1,0.4,137.0,848.7,18.3,0,4525,670
2025-10-03 12:52:07,29.3,34.6,0.0,0.5,1.5,137.0,848.5,18.8,0,8953,1077
2025-10-03 13:07:12,28.8,36.3,0.0,1.0,2.6,72.0,848.1,18.7,0,8259,1013
2025-10-03 13:22:16,30.5,33.1,0.0,0.1,0.7,88.0,847.9,19.4,0,7672,965
2025-10-03 13:37:49,30.0,33.9,0.0,1.1,2.2,140.0,847.6,19.2,0,6213,832
2025-10-03 13:52:54,29.5,34.4,0.0,1.0,2.2,165.0,847.4,18.9,0,4241,645
2025-10-03 14:07:59,29.3,36.9,0.0,0.8,2.0,112.0,847.0,19.2,0,4960,705
2025-10-03 14:23:03,29.1,37.2,0.0,1.4,3.3,108.0,846.9,19.2,0,4016,624
2025-10-03 14:38:08,28.5,38.0,0.0,0.9,2.0,129.0,846.9,18.9,0,3143,541
2025-10-03 14:53:13,28.1,39.5,0.0,0.6,1.3,95.0,846.9,18.8,0,2540,479
2025-10-03 15:08:17,27.8,39.0,0.0,0.6,1.5,87.0,847.0,18.5,0,2148,441
2025-10-03 15:23:22,27.7,39.6,0.0,1.3,2.4,77.0,847.0,18.5,0,1961,422
2025-10-03 15:38:56,28.0,39.7,0.0,0.0,0.0,88.0,846.9,18.8,0,2353,461
2025-10-03 15:54:00,27.7,39.6,0.0,1.3,2.6,85.0,846.8,18.5,0,1779,409
2025-10-03 16:09:05,27.5,42.9,0.0,0.6,0.9,80.0,846.8,18.9,0,1328,361
2025-10-03 16:24:10,25.2,49.0,0.0,1.7,3.1,359.0,847.3,18.0,0,471,282
2025-10-03 16:40:05,19.7,74.8,2.0,1.5,2.8,15.0,847.7,16.6,0,358,269
2025-10-03 16:55:59,17.8,85.1,2.8,0.9,1.5,36.0,847.9,16.0,0,349,270
2025-10-03 17:11:04,17.4,86.8,2.4000000000000004,0.5,0.9,97.0,848.5,15.9,0,392,274
2025-10-03 17:26:09,17.7,87.7,1.3999999999999995,0.9,1.5,37.0,848.4,16.2,0,482,279
2025-10-03 17:42:03,17.6,88.7,1.5999999999999996,0.3,0.9,94.0,848.4,16.3,0,594,289
2025-10-03 17:57:07,17.8,89.2,0.20000000000000107,0.8,1.5,66.0,848.6,16.5,0,365,270
2025-10-03 18:12:11,18.1,87.8,0.0,0.2,1.1,336.0,848.8,16.6,0,283,262
2025-10-03 18:27:16,18.2,88.4,0.0,0.2,0.4,65.0,849.1,16.8,0,255,260
2025-10-03 18:42:22,18.3,88.3,0.0,0.5,1.3,68.0,849.3,16.9,0,254,261
2025-10-03 18:57:27,18.3,88.2,0.0,0.3,0.7,76.0,849.4,16.8,0,253,261
2025-10-03 19:12:31,18.2,87.8,0.0,0.2,0.7,51.0,849.6,16.7,0,254,260
2025-10-03 19:27:35,18.1,87.7,0.1999999999999993,0.0,0.2,47.0,849.8,16.7,0,253,261
2025-10-03 19:43:00,18.1,88.2,0.0,0.2,0.7,226.0,850.1,16.7,0,253,259
2025-10-03 19:58:04,17.9,86.3,0.0,1.6,2.4,239.0,850.3,16.2,0,254,260
2025-10-03 20:13:09,17.0,87.9,0.0,1.4,2.2,253.0,850.6,15.5,0,253,260
2025-10-03 20:28:13,16.8,89.4,0.20000000000000107,0.6,1.3,244.0,850.8,15.5,0,254,259
2025-10-03 20:43:18,16.7,86.5,0.0,0.2,0.7,226.0,851.0,15.1,0,254,259
2025-10-03 20:58:23,16.1,90.4,2.1999999999999993,0.7,1.3,227.0,851.4,15.0,0,253,260
2025-10-03 21:14:07,15.9,90.6,1.4000000000000004,0.4,1.1,247.0,851.6,14.8,0,253,262
2025-10-03 21:29:12,15.8,91.3,1.9999999999999982,0.7,1.1,248.0,851.7,14.7,0,254,261
2025-10-03 21:44:16,15.8,92.7,8.400000000000002,0.5,0.7,245.0,851.7,14.9,0,254,260
2025-10-03 21:59:21,15.9,93.6,2.8000000000000007,0.7,2.0,311.0,851.8,15.1,0,254,259
2025-10-03 22:14:25,15.8,93.7,0.7999999999999972,0.1,0.4,278.0,852.0,15.0,0,253,260
2025-10-03 22:29:30,15.9,93.9,0.6000000000000014,0.2,0.4,285.0,852.1,15.2,0,253,261
2025-10-03 22:44:35,15.9,94.0,0.1999999999999993,0.1,0.2,285.0,851.9,15.2,0,253,261
2025-10-03 22:59:40,16.1,94.1,0.1999999999999993,0.0,0.0,284.0,852.0,15.4,0,253,261
2025-10-03 23:14:45,16.3,94.2,0.40000000000000213,0.0,0.2,285.0,851.8,15.6,0,254,261
2025-10-03 23:30:08,16.3,94.3,0.5999999999999979,0.0,0.0,284.0,851.9,15.6,0,253,262
2025-10-03 23:45:13,16.3,94.3,0.6000000000000014,0.0,0.2,285.0,851.9,15.6,0,254,260
2025-10-04 00:00:17,16.3,94.4,0.6000000000000014,0.0,0.0,284.0,851.7,15.6,0,253,259
2025-10-04 00:15:22,16.3,94.4,0.3999999999999986,0.0,0.2,285.0,851.5,15.6,0,252,259
2025-10-04 00:30:27,16.4,94.5,0.0,0.0,0.2,285.0,851.4,15.7,0,253,260
2025-10-04 00:45:32,16.5,94.6,0.0,0.0,0.0,284.0,851.3,15.8,0,253,261
2025-10-04 01:00:36,16.5,94.6,0.0,0.0,0.0,284.0,851.2,15.8,0,252,260
2025-10-04 01:15:41,16.5,94.7,0.0,0.0,0.0,284.0,850.8,15.9,0,254,258
2025-10-04 01:30:45,16.5,94.7,0.0,0.0,0.0,284.0,850.6,15.9,0,253,260
2025-10-04 01:45:50,16.5,94.8,0.20000000000000284,0.0,0.2,285.0,850.5,15.9,0,254,261
2025-10-04 02:01:13,16.6,94.8,0.0,0.0,0.2,285.0,850.3,16.0,0,253,261
2025-10-04 02:16:18,16.6,94.8,0.0,0.0,0.0,284.0,850.2,16.0,0,253,260
2025-10-04 02:31:22,16.6,94.9,0.0,0.0,0.0,284.0,850.2,16.0,0,253,260
2025-10-04 02:46:27,16.7,94.9,0.0,0.0,0.0,284.0,850.2,16.1,0,253,259
2025-10-04 03:00:31,16.6,94.9,0.0,0.0,0.0,284.0,850.2,16.0,0,254,261
2025-10-04 03:15:36,16.7,95.0,0.0,0.0,0.0,284.0,850.2,16.1,0,254,260
2025-10-04 03:31:00,16.5,95.0,0.0,0.0,0.0,284.0,850.2,15.9,0,253,260
2025-10-04 03:46:25,16.7,95.0,0.0,0.0,0.0,284.0,850.1,16.1,0,253,260
2025-10-04 04:01:30,16.7,95.0,0.0,0.0,0.0,284.0,850.1,16.1,0,253,261
2025-10-04 04:16:35,16.8,95.0,0.0,0.0,0.0,284.0,850.0,16.2,0,252,260
2025-10-04 04:31:39,16.8,95.0,0.0,0.0,0.0,284.0,850.1,16.2,0,254,260
2025-10-04 04:46:44,16.8,95.1,0.0,0.0,0.0,284.0,850.2,16.2,0,255,261
2025-10-04 05:01:49,16.8,95.1,0.0,0.0,0.2,285.0,850.1,16.2,0,253,259
2025-10-04 05:16:53,16.8,95.1,0.0,0.0,0.2,285.0,850.2,16.2,0,254,260
2025-10-04 05:31:58,16.9,95.1,0.0,0.1,0.4,285.0,850.5,16.3,0,253,260
2025-10-04 05:47:02,16.7,95.1,0.0,0.0,0.0,284.0,850.5,16.2,0,252,261
2025-10-04 06:02:07,16.8,95.1,0.0,0.1,0.4,285.0,850.5,16.2,0,254,261
2025-10-04 06:17:31,16.8,95.1,0.0,0.0,0.0,284.0,850.6,16.2,0,258,259
2025-10-04 06:32:36,16.9,95.2,0.0,0.0,0.0,284.0,850.8,16.3,0,284,263
2025-10-04 06:47:40,16.9,95.2,0.0,0.0,0.2,285.0,851.0,16.4,0,350,271
2025-10-04 07:02:44,16.9,95.2,0.0,0.0,0.0,182.0,851.1,16.3,0,407,274
2025-10-04 07:18:39,17.0,95.2,0.0,0.0,0.2,82.0,851.3,16.5,0,544,288
2025-10-04 07:33:44,17.0,95.2,0.0,0.0,0.2,82.0,851.5,16.4,0,577,290
2025-10-04 07:48:49,17.0,95.1,0.0,0.1,0.4,82.0,851.7,16.4,0,623,297
2025-10-04 08:03:53,17.1,95.0,0.0,0.0,0.0,82.0,852.0,16.5,0,695,303
2025-10-04 08:18:58,17.2,94.8,0.0,0.2,0.7,82.0,852.0,16.6,0,795,313
2025-10-04 08:34:02,17.6,94.6,0.0,0.1,0.2,82.0,852.2,16.9,0,853,317
2025-10-04 08:49:43,17.6,94.1,0.0,0.0,0.2,82.0,852.3,16.9,0,942,325
2025-10-04 09:04:47,17.7,93.3,0.0,0.0,0.2,82.0,852.5,16.9,0,1309,362
2025-10-04 09:19:52,18.2,90.9,0.0,0.2,0.4,82.0,852.5,17.1,0,1439,375
2025-10-04 09:34:57,18.6,87.9,0.0,0.3,0.7,82.0,852.6,17.2,0,2048,432
2025-10-04 09:50:01,19.2,86.5,0.0,0.0,0.4,82.0,852.6,17.6,0,1615,390
2025-10-04 10:05:06,19.2,83.8,0.0,0.0,0.0,82.0,852.5,17.3,0,1262,353
2025-10-04 10:20:10,19.8,83.9,0.0,0.0,0.2,95.0,852.5,17.8,0,2890,511
2025-10-04 10:35:15,20.4,78.6,0.0,0.7,0.9,95.0,852.3,17.7,0,2851,508
2025-10-04 10:50:19,20.6,78.7,0.0,0.0,0.2,95.0,852.3,17.9,0,3403,562
2025-10-04 11:05:41,21.5,72.3,0.0,0.7,0.9,95.0,851.9,17.9,0,6785,880
2025-10-04 11:20:46,22.9,70.2,0.0,0.6,2.0,116.0,851.6,19.0,0,4485,669
2025-10-04 11:35:50,23.0,66.1,0.0,1.3,2.2,116.0,851.5,18.5,0,10122,1143
2025-10-04 11:50:55,22.7,68.8,0.0,0.9,2.0,116.0,851.2,18.6,0,5621,785
2025-10-04 12:06:00,23.0,69.4,0.0,0.6,1.7,147.0,851.0,19.0,0,4173,660
2025-10-04 12:21:04,23.3,64.2,0.0,0.6,1.4,147.0,850.7,18.6,0,10061,1160
2025-10-04 12:36:09,23.7,63.9,0.0,0.2,0.4,147.0,850.3,18.9,0,3181,549
2025-10-04 12:51:13,23.0,69.2,0.0,0.5,1.5,147.0,850.4,18.9,0,1811,413
2025-10-04 13:06:18,21.1,79.3,0.2,0.6,1.1,147.0,850.2,18.5,0,2103,439
2025-10-04 13:21:23,21.2,79.4,0.0,0.3,0.7,25.0,849.9,18.6,0,4225,641
2025-10-04 13:36:48,22.6,73.3,0.0,0.1,0.7,28.0,849.7,19.1,0,3369,561
2025-10-04 13:51:53,23.1,67.9,0.0,0.8,1.1,44.0,849.4,18.9,0,3179,540
2025-10-04 14:06:57,23.6,64.8,0.0,1.0,1.7,93.0,849.2,18.9,0,3200,543
2025-10-04 14:22:02,24.4,64.6,0.0,0.3,0.8,82.0,848.9,19.6,0,6782,857
2025-10-04 14:37:07,26.0,55.5,0.0,0.8,1.7,95.0,848.5,19.7,0,7135,909
2025-10-04 14:52:12,27.0,51.9,0.0,0.3,0.7,95.0,848.4,20.1,0,7260,908
2025-10-04 15:07:16,26.5,53.3,0.0,0.6,1.1,95.0,848.2,19.8,0,1419,370
2025-10-04 15:22:21,24.6,55.9,0.0,0.8,1.7,74.0,848.3,18.5,0,713,307
2025-10-04 15:37:47,23.3,58.4,0.0,1.3,2.4,71.0,848.3,17.7,0,727,308
2025-10-04 15:52:52,22.9,62.8,0.0,0.6,1.4,89.0,848.2,18.0,0,871,320
2025-10-04 16:07:57,22.9,62.1,0.0,0.3,1.5,89.0,848.0,17.9,0,1122,345
2025-10-04 16:23:01,23.1,60.8,0.0,0.1,0.4,93.0,848.2,17.9,0,1060,339
2025-10-04 16:38:06,23.3,57.9,0.0,0.2,0.5,110.0,848.1,17.7,0,1379,367
2025-10-04 16:53:10,23.4,58.2,0.0,0.5,2.6,136.0,848.2,17.8,0,1105,341
2025-10-04 17:08:15,23.3,58.7,0.0,1.2,2.8,150.0,848.4,17.8,0,1210,350
2025-10-04 17:23:20,21.9,67.9,0.0,0.5,1.3,131.0,848.8,17.8,0,466,280
2025-10-04 17:38:24,21.4,70.3,0.0,0.5,1.7,193.0,848.9,17.7,0,402,275
2025-10-04 17:54:12,21.2,71.7,0.0,0.4,1.3,184.0,849.1,17.6,0,299,264
2025-10-04 18:09:16,21.0,70.9,0.0,0.8,1.3,184.0,849.1,17.3,0,296,265
2025-10-04 18:24:20,20.8,72.8,0.0,0.1,0.4,184.0,849.2,17.4,0,259,261
2025-10-04 18:39:25,20.6,74.2,0.0,0.1,0.2,184.0,849.3,17.4,0,255,260
2025-10-04 18:54:30,20.3,74.2,0.0,0.0,0.2,253.0,849.5,17.1,0,253,261
2025-10-04 19:09:54,20.1,74.3,0.0,0.5,1.1,253.0,849.7,16.9,0,253,261
2025-10-04 19:24:58,19.9,75.6,0.0,0.6,1.1,253.0,849.8,16.9,0,254,260
2025-10-04 19:40:03,19.7,76.5,0.0,0.2,0.8,253.0,849.9,16.8,0,254,262
2025-10-04 19:55:08,19.5,78.1,0.0,0.2,0.4,253.0,850.1,16.9,0,254,260
2025-10-04 20:10:12,19.8,77.5,0.0,0.7,1.1,253.0,850.3,17.0,0,253,260
2025-10-04 20:25:17,19.7,78.4,0.0,0.1,0.2,253.0,850.4,17.1,0,254,262
2025-10-04 20:40:21,20.0,75.3,0.0,0.3,0.9,213.0,850.6,16.9,0,254,260
2025-10-04 20:55:26,19.7,79.4,0.0,0.0,0.2,206.0,850.9,17.2,0,253,261
2025-10-04 21:10:30,19.4,81.2,0.0,0.0,0.0,205.0,851.0,17.1,0,255,260
2025-10-04 21:25:35,19.2,81.7,0.0,0.0,0.2,206.0,851.1,17.0,0,252,260
2025-10-04 21:40:59,19.1,82.4,0.0,0.0,0.2,206.0,851.1,16.9,0,253,259
2025-10-04 21:56:04,19.1,82.3,0.0,0.1,0.2,206.0,851.3,17.0,0,254,261
2025-10-04 22:11:08,18.9,83.1,0.0,0.4,0.9,206.0,851.6,16.9,0,253,260
2025-10-04 22:26:13,18.8,82.5,0.0,0.1,0.2,206.0,851.7,16.6,0,254,260
2025-10-04 22:41:18,19.1,82.3,0.0,0.1,0.4,206.0,851.8,16.9,0,252,261
2025-10-04 22:56:22,19.0,78.6,0.0,0.0,0.2,101.0,851.8,16.4,0,253,262
2025-10-04 23:11:27,19.1,77.4,0.0,0.1,0.4,101.0,851.6,16.3,0,255,260
2025-10-04 23:26:32,19.0,77.2,0.0,0.3,0.9,101.0,851.5,16.2,0,253,260
2025-10-04 23:41:36,18.9,78.1,0.0,0.0,0.2,101.0,851.3,16.3,0,253,260
2025-10-04 23:57:11,18.8,78.2,0.0,0.6,1.1,101.0,851.1,16.2,0,254,259
2025-10-05 00:12:16,18.7,78.7,0.0,0.1,0.4,101.0,850.8,16.1,0,253,261
2025-10-05 00:27:21,18.5,80.0,0.0,0.1,0.4,101.0,850.6,16.1,0,253,260
2025-10-05 00:42:25,18.4,80.0,0.0,0.1,0.4,101.0,850.6,16.0,0,253,260
2025-10-05 00:57:30,18.3,80.2,0.0,0.0,0.2,101.0,850.4,15.9,0,254,259
2025-10-05 01:12:35,18.1,79.9,0.0,0.0,0.2,101.0,850.2,15.7,0,253,259
2025-10-05 01:27:39,18.0,80.3,0.0,0.1,0.4,101.0,850.1,15.7,0,254,260
2025-10-05 01:42:44,18.0,80.4,0.0,0.6,1.3,101.0,849.9,15.6,0,253,260
2025-10-05 01:58:08,17.8,80.7,0.0,0.1,0.4,101.0,849.7,15.5,0,253,261
2025-10-05 02:13:51,17.6,81.3,0.0,0.2,0.9,101.0,849.6,15.4,0,252,260
2025-10-05 02:29:15,17.5,82.2,0.0,0.4,1.3,101.0,849.5,15.4,0,254,259
2025-10-05 02:44:19,17.4,82.9,0.0,0.2,0.7,101.0,849.5,15.3,0,253,260
2025-10-05 03:00:24,17.2,84.3,0.0,0.0,0.0,101.0,849.6,15.4,0,253,261
2025-10-05 03:15:29,17.1,84.5,0.0,0.0,0.2,101.0,849.4,15.2,0,253,259
2025-10-05 03:30:33,17.0,86.0,0.0,0.0,0.0,101.0,849.5,15.3,0,254,261
2025-10-05 03:45:37,17.0,85.9,0.0,0.0,0.0,101.0,849.5,15.4,0,253,260
2025-10-05 04:00:42,17.1,86.3,0.0,0.1,0.4,101.0,849.4,15.5,0,252,261
2025-10-05 04:15:46,17.0,86.6,0.0,0.3,0.9,101.0,849.4,15.5,0,254,261
2025-10-05 04:30:50,17.0,87.4,0.0,0.1,0.4,101.0,849.6,15.5,0,252,259
2025-10-05 04:45:55,16.9,87.8,0.0,0.1,0.4,101.0,849.7,15.5,0,253,261
2025-10-05 05:01:19,17.0,88.0,0.0,0.0,0.0,101.0,849.8,15.6,0,253,260
2025-10-05 05:16:23,17.0,87.6,0.0,0.8,1.5,101.0,849.8,15.6,0,253,260
2025-10-05 05:31:28,17.0,88.1,0.0,0.1,0.4,101.0,849.9,15.6,0,254,260
2025-10-05 05:46:32,17.0,88.3,0.0,0.0,0.2,101.0,850.0,15.6,0,254,259
2025-10-05 06:01:37,16.9,88.6,0.0,0.0,0.2,101.0,850.1,15.6,0,253,260
2025-10-05 06:16:41,17.0,89.1,0.0,0.2,0.9,101.0,850.3,15.7,0,259,260
2025-10-05 06:31:46,16.9,89.0,0.0,0.2,0.4,101.0,850.4,15.6,0,304,265
2025-10-05 06:46:51,16.9,89.4,0.0,0.3,0.7,101.0,850.5,15.6,0,357,270
2025-10-05 07:01:55,16.9,89.1,0.0,0.4,0.7,101.0,850.7,15.6,0,377,271
2025-10-05 07:17:00,17.0,88.8,0.0,0.1,0.2,101.0,850.9,15.7,0,501,284
2025-10-05 07:32:23,17.1,87.7,0.0,0.7,1.3,101.0,851.1,15.6,0,768,309
2025-10-05 07:47:28,17.4,86.7,0.0,0.3,0.9,101.0,851.3,15.8,0,801,312
2025-10-05 08:02:33,17.6,86.2,0.0,0.2,0.4,101.0,851.4,16.0,0,1184,347
2025-10-05 08:17:37,18.1,84.5,0.0,0.3,0.9,101.0,851.3,16.3,0,2187,439
2025-10-05 08:32:41,18.5,82.0,0.0,0.4,0.9,101.0,851.4,16.4,0,1345,366
2025-10-05 08:47:46,18.5,82.1,0.0,0.8,1.3,101.0,851.5,16.4,0,1455,377
2025-10-05 09:02:50,18.6,82.4,0.0,0.4,0.7,101.0,851.6,16.5,0,1535,385
2025-10-05 09:17:55,19.4,78.6,0.0,0.3,0.9,101.0,851.7,16.8,0,1511,383
2025-10-05 09:33:00,19.5,78.1,0.0,0.2,0.4,101.0,851.8,16.8,0,1756,405
2025-10-05 09:48:04,19.3,78.7,0.0,0.2,0.9,101.0,852.0,16.7,0,1203,353
2025-10-05 10:03:29,19.1,79.5,0.0,0.6,1.1,101.0,852.0,16.6,0,1703,398
2025-10-05 10:18:34,19.8,77.8,0.0,0.1,0.4,101.0,851.8,17.1,0,1684,399
2025-10-05 10:33:39,19.8,77.3,0.0,0.1,0.4,101.0,851.7,17.0,0,2149,440
2025-10-05 10:48:43,20.7,73.9,0.0,0.2,0.9,101.0,851.5,17.4,0,2321,457
2025-10-05 11:03:48,20.7,74.5,0.0,0.0,0.2,101.0,851.4,17.5,0,2527,478
2025-10-05 11:18:52,21.3,70.1,0.0,0.5,1.1,101.0,851.3,17.5,0,2451,476
2025-10-05 11:33:57,21.9,68.9,0.0,0.5,1.3,101.0,851.0,17.9,0,9251,1087
2025-10-05 11:49:01,22.4,64.4,0.0,0.9,1.3,179.0,850.7,17.8,0,2825,522
2025-10-05 12:04:06,23.8,60.6,0.0,1.2,2.2,179.0,850.3,18.5,0,9429,1114
2025-10-05 12:19:10,24.5,57.2,0.0,0.8,2.2,166.0,850.1,18.6,0,5420,767
2025-10-05 12:34:34,24.0,58.0,0.0,0.8,1.1,176.0,849.9,18.3,0,9627,1111
2025-10-05 12:49:39,23.9,58.2,0.0,0.5,1.6,157.0,849.6,18.3,0,6094,806
2025-10-05 13:04:43,24.6,54.7,0.0,0.3,0.9,157.0,849.4,18.3,0,9857,1151
2025-10-05 13:19:48,25.0,53.0,0.0,0.8,1.1,158.0,849.1,18.5,0,2852,516
2025-10-05 13:34:53,24.1,56.0,0.0,0.1,0.4,158.0,848.9,18.1,0,1770,405
2025-10-05 13:49:57,24.5,55.2,0.0,0.4,2.0,147.0,848.7,18.4,0,5612,782
2025-10-05 14:05:01,24.6,52.6,0.0,0.6,1.1,188.0,848.5,18.0,0,1413,374
2025-10-05 14:20:06,24.2,54.8,0.0,0.6,1.1,172.0,848.3,18.0,0,2561,485
2025-10-05 14:35:57,25.3,51.9,0.0,0.1,0.4,172.0,848.0,18.6,0,1440,372
2025-10-05 14:51:02,25.6,51.4,0.0,0.6,1.3,158.0,847.8,18.7,0,6366,830
2025-10-05 15:06:07,27.2,47.3,0.0,0.8,1.5,99.0,847.5,19.4,0,6153,802
2025-10-05 15:21:11,27.4,44.1,0.0,0.6,1.3,93.0,847.4,19.0,0,3213,561
2025-10-05 15:36:15,26.2,44.4,0.0,0.6,1.3,92.0,847.4,18.1,0,1573,389
2025-10-05 15:51:40,26.2,45.7,0.0,1.0,2.2,99.0,847.4,18.4,0,5175,706
2025-10-05 16:06:44,25.9,45.7,0.0,0.7,1.3,95.0,847.3,18.1,0,1728,419
2025-10-05 16:21:46,25.5,46.0,0.0,0.7,2.2,99.0,847.2,17.8,0,1631,394
2025-10-05 16:36:51,25.2,47.1,0.0,0.2,0.8,98.0,847.2,17.7,0,1687,398
2025-10-05 16:52:46,25.1,47.3,0.0,0.7,1.3,80.0,847.4,17.7,0,1663,395
2025-10-05 17:07:51,25.2,46.4,0.0,0.5,1.1,80.0,847.3,17.6,0,1138,349
2025-10-05 17:23:50,24.9,45.3,0.0,0.7,1.5,83.0,847.4,17.1,0,972,329
2025-10-05 17:38:55,24.3,48.5,0.0,0.9,2.0,94.0,847.5,17.2,0,665,301
2025-10-05 17:53:59,23.8,51.2,0.0,0.4,1.3,79.0,847.5,17.1,0,366,275
2025-10-05 18:09:04,23.5,52.3,0.0,0.7,1.7,18.0,847.6,17.0,0,290,265
2025-10-05 18:24:08,23.3,53.7,0.0,0.2,0.9,106.0,847.8,17.1,0,261,263
2025-10-05 18:39:13,23.0,54.7,0.0,0.0,0.2,106.0,848.0,17.0,0,254,261
2025-10-05 18:54:18,22.8,55.0,0.0,0.2,0.4,75.0,848.2,16.9,0,254,262
2025-10-05 19:09:22,22.6,55.3,0.0,0.2,1.1,83.0,848.4,16.7,0,253,260
2025-10-05 19:24:47,22.3,55.5,0.0,0.2,0.9,83.0,848.4,16.5,0,254,261
2025-10-05 19:39:49,22.1,56.8,0.0,0.2,0.7,101.0,848.7,16.4,0,254,260
2025-10-05 19:54:54,21.9,58.1,0.0,0.3,0.7,101.0,849.0,16.4,0,252,259
2025-10-05 20:09:59,21.7,58.6,0.0,0.6,1.5,68.0,849.1,16.4,0,253,260
2025-10-05 20:25:03,21.6,59.2,0.0,1.0,3.1,99.0,849.3,16.3,0,253,259
2025-10-05 20:40:08,21.3,60.7,0.0,0.6,1.1,90.0,849.7,16.3,0,253,260
2025-10-05 20:55:12,21.1,62.1,0.0,0.5,1.4,79.0,849.8,16.3,0,254,260
2025-10-05 21:10:17,21.0,63.1,0.0,0.5,1.1,84.0,850.0,16.3,0,254,261
2025-10-05 21:25:21,20.8,63.5,0.0,0.4,0.9,78.0,850.1,16.2,0,254,258
2025-10-05 21:40:26,20.6,64.5,0.0,0.2,0.7,87.0,850.2,16.2,0,255,262
2025-10-05 21:55:48,20.5,65.9,0.0,0.3,0.9,80.0,850.3,16.2,0,252,260
2025-10-05 22:10:53,20.1,67.8,0.0,0.2,0.7,84.0,850.5,16.1,0,253,261
2025-10-05 22:25:58,19.8,69.8,0.0,0.2,0.5,89.0,850.8,16.1,0,253,260
2025-10-05 22:41:02,19.5,71.0,0.0,0.3,0.9,89.0,850.9,16.0,0,252,262
2025-10-05 22:56:07,19.4,70.4,0.0,0.0,0.2,94.0,850.9,15.8,0,252,260
2025-10-05 23:11:12,19.4,71.7,0.0,0.1,0.7,94.0,851.0,16.0,0,255,260
2025-10-05 23:26:16,19.4,63.0,0.0,0.6,1.6,114.0,851.1,14.9,0,254,260
2025-10-05 23:41:21,19.5,61.7,0.0,0.8,2.6,159.0,850.9,14.7,0,253,261
2025-10-05 23:56:55,19.3,63.3,0.0,0.1,0.9,159.0,850.9,14.8,0,254,260
2025-10-06 00:11:59,19.1,63.5,0.0,0.6,1.3,159.0,850.9,14.7,0,253,261
2025-10-06 00:27:04,18.9,64.5,0.0,0.4,1.1,159.0,850.9,14.6,0,253,260
2025-10-06 00:42:08,18.7,64.6,0.0,1.3,2.2,159.0,850.9,14.4,0,253,261
2025-10-06 00:57:50,18.6,66.0,0.0,0.2,0.7,159.0,850.7,14.5,0,253,261
2025-10-06 01:13:15,18.1,66.9,0.0,0.0,0.2,158.0,850.5,14.2,0,253,259
2025-10-06 01:28:20,17.6,68.4,0.0,0.3,1.2,158.0,850.5,13.9,0,253,260
2025-10-06 01:43:24,17.2,69.7,0.0,0.3,1.5,158.0,850.5,13.7,0,252,261
2025-10-06 01:58:28,17.0,71.4,0.0,0.4,0.9,158.0,850.5,13.6,0,254,261
2025-10-06 02:13:33,16.9,72.8,0.0,0.8,2.0,158.0,850.4,13.7,0,253,260
2025-10-06 02:28:37,16.9,74.3,0.0,0.2,0.4,158.0,850.3,13.9,0,254,261
2025-10-06 02:43:42,16.8,75.1,0.0,0.1,0.4,158.0,850.2,13.9,0,254,260
2025-10-06 02:58:46,16.7,75.8,0.0,0.0,0.2,158.0,850.1,13.9,0,254,259
2025-10-06 03:00:46,16.7,76.0,0.0,0.2,0.4,158.0,850.1,13.9,0,254,259
2025-10-06 03:15:51,16.6,76.6,0.0,0.2,0.4,158.0,850.0,13.9,0,254,260
2025-10-06 03:30:55,16.6,77.6,0.0,0.0,0.2,158.0,849.8,14.0,0,254,259
2025-10-06 03:46:20,16.5,78.5,0.0,0.1,0.2,158.0,849.7,14.0,0,253,259
2025-10-06 04:01:25,16.3,79.4,0.0,0.0,0.0,158.0,849.8,13.9,0,254,261
2025-10-06 04:16:29,16.2,80.2,0.0,0.1,0.2,158.0,849.7,13.9,0,253,261
2025-10-06 04:31:33,16.1,81.5,0.0,0.2,0.7,158.0,849.6,14.0,0,253,261
2025-10-06 04:46:38,15.9,82.4,0.0,0.0,0.0,158.0,849.8,13.9,0,253,261
2025-10-06 05:01:42,15.8,83.4,0.0,0.0,0.2,158.0,849.7,13.9,0,254,261
2025-10-06 05:16:46,15.6,84.3,0.0,0.0,0.0,158.0,849.9,13.8,0,253,261
2025-10-06 05:31:51,15.5,85.5,0.0,0.0,0.0,158.0,850.0,13.9,0,253,260
2025-10-06 05:46:55,15.6,86.2,0.0,0.0,0.0,158.0,850.1,14.0,0,254,261
2025-10-06 06:01:59,15.6,85.7,0.0,0.0,0.0,158.0,850.2,14.0,0,255,260
2025-10-06 06:17:24,15.6,86.6,0.0,0.0,0.0,158.0,850.3,14.0,0,275,262
2025-10-06 06:32:28,15.5,86.6,0.0,0.1,0.2,158.0,850.5,14.0,0,366,272
2025-10-06 06:47:32,15.6,86.9,0.0,0.0,0.2,158.0,850.6,14.1,0,513,285
2025-10-06 07:02:37,15.7,86.3,0.0,0.0,0.2,158.0,850.9,14.1,0,711,304
2025-10-06 07:17:41,16.0,85.2,0.0,0.1,0.4,158.0,851.1,14.3,0,909,321
2025-10-06 07:32:46,16.6,84.0,0.0,0.0,0.0,158.0,851.3,14.7,0,1167,346
2025-10-06 07:47:51,17.4,81.5,0.0,0.0,0.2,158.0,851.5,15.2,0,1202,351
2025-10-06 08:02:55,17.7,78.0,0.0,0.3,0.4,158.0,851.6,15.1,0,2066,421
2025-10-06 08:18:00,17.6,78.8,0.0,0.4,0.9,222.0,851.7,15.1,0,1891,418
2025-10-06 08:33:04,18.5,75.2,0.0,0.1,0.4,217.0,851.7,15.5,0,3816,576
2025-10-06 08:48:28,19.8,70.3,0.0,0.2,0.7,188.0,851.9,16.1,0,5026,683
2025-10-06 09:03:33,20.0,68.2,0.0,0.8,2.2,188.0,851.9,16.0,0,4566,652
2025-10-06 09:18:37,21.8,64.7,0.0,0.3,1.7,146.0,851.8,17.3,0,5087,702
2025-10-06 09:33:41,22.2,60.5,0.0,0.4,1.3,146.0,851.9,17.1,0,5934,780
2025-10-06 09:48:46,22.0,61.1,0.0,0.4,0.7,146.0,851.9,16.9,0,2475,478
2025-10-06 10:03:50,22.2,59.8,0.0,0.8,1.3,94.0,851.8,17.0,0,7443,894
2025-10-06 10:18:55,23.3,58.2,0.0,0.1,0.4,92.0,851.8,17.7,0,3821,615
2025-10-06 10:34:00,24.0,57.8,0.0,0.6,1.5,71.0,851.8,18.3,0,8631,1021
2025-10-06 10:49:04,23.8,54.0,0.0,0.8,1.7,92.0,851.7,17.6,0,3246,567
2025-10-06 11:04:09,23.0,56.9,0.0,0.3,0.7,92.0,851.6,17.3,0,9099,1055
2025-10-06 11:19:33,23.3,53.6,0.0,1.3,2.0,97.0,851.4,17.1,0,3531,583
2025-10-06 11:34:37,22.5,58.8,0.0,0.1,0.4,97.0,851.2,17.1,0,8173,988
2025-10-06 11:49:42,25.0,50.0,0.0,0.7,3.1,165.0,851.0,18.0,0,9480,1115
2025-10-06 12:04:46,25.8,49.2,0.0,0.5,1.5,71.0,850.7,18.6,0,4108,643
2025-10-06 12:19:51,25.1,52.0,0.0,0.6,1.3,136.0,850.5,18.4,0,2635,493
2025-10-06 12:34:55,24.4,50.8,0.0,0.6,2.0,152.0,850.3,17.6,0,2881,525
2025-10-06 12:50:00,24.7,49.1,0.0,0.9,1.7,165.0,850.1,17.6,0,2521,476
2025-10-06 13:05:04,24.3,51.8,0.0,0.8,1.3,162.0,849.7,17.6,0,3840,617
2025-10-06 13:20:09,24.7,49.9,0.0,0.5,1.1,81.0,849.5,17.7,0,3215,545
2025-10-06 13:35:14,25.2,49.2,0.0,1.1,2.4,190.0,849.1,18.1,0,4803,701
2025-10-06 13:50:38,26.1,46.3,0.0,0.7,1.3,86.0,848.9,18.4,0,8386,1011
2025-10-06 14:05:43,27.0,44.9,0.0,0.7,3.5,84.0,848.5,18.8,0,6132,808
2025-10-06 14:20:48,26.4,45.6,0.0,1.0,2.8,175.0,848.4,18.5,0,5758,789
2025-10-06 14:35:52,26.6,45.9,0.0,1.2,2.0,83.0,848.3,18.7,0,2149,444
2025-10-06 14:50:57,26.0,47.9,0.0,0.6,1.3,152.0,848.1,18.6,0,4170,634
2025-10-06 15:06:01,26.3,45.7,0.0,0.9,2.2,112.0,848.2,18.4,0,6606,834
2025-10-06 15:21:06,27.8,41.7,0.0,1.3,2.0,41.0,848.0,19.0,0,3908,621
2025-10-06 15:36:10,25.8,45.9,0.0,0.8,2.8,101.0,848.1,18.0,0,1192,349
2025-10-06 15:51:14,24.6,47.9,0.0,1.7,3.1,104.0,848.1,17.4,0,1367,365
2025-10-06 16:06:19,24.6,48.6,0.0,0.9,2.0,78.0,848.1,17.4,0,1662,395
2025-10-06 16:21:43,24.7,48.8,0.0,0.4,0.9,108.0,847.9,17.5,0,1773,405
2025-10-06 16:36:47,25.3,48.4,0.0,0.3,1.3,120.0,847.9,18.0,0,2789,485
2025-10-06 16:51:52,24.5,48.8,0.0,1.2,2.4,200.0,848.1,17.4,0,2063,409
2025-10-06 17:06:57,24.1,49.7,0.0,1.5,3.9,80.0,848.1,17.2,0,920,326
2025-10-06 17:22:02,23.8,50.1,0.0,0.4,1.3,88.0,848.2,17.0,0,564,290
2025-10-06 17:37:07,23.6,51.0,0.0,0.6,1.4,95.0,848.4,16.9,0,367,273
2025-10-06 17:52:11,23.4,50.7,0.0,0.4,1.1,159.0,848.6,16.7,0,347,271
2025-10-06 18:07:16,23.2,50.7,0.0,0.6,1.7,143.0,848.8,16.5,0,329,268
2025-10-06 18:22:21,22.8,53.2,0.0,0.2,0.7,136.0,849.0,16.5,0,268,262
2025-10-06 18:37:26,22.4,53.5,0.0,0.2,0.7,125.0,849.1,16.3,0,254,260
2025-10-06 18:52:48,22.3,54.3,0.0,0.1,0.4,113.0,849.2,16.3,0,254,260
2025-10-06 19:07:52,22.1,54.9,0.0,0.4,1.1,160.0,849.4,16.2,0,253,260
2025-10-06 19:22:57,22.0,55.6,0.0,0.2,0.7,122.0,849.6,16.2,0,253,262
2025-10-06 19:38:01,21.9,55.5,0.0,1.4,3.9,117.0,849.8,16.1,0,254,259
2025-10-06 19:53:06,21.8,56.0,0.0,0.7,2.2,131.0,849.9,16.1,0,253,259
2025-10-06 20:08:11,21.7,56.2,0.0,0.3,0.7,125.0,850.2,16.1,0,254,260
2025-10-06 20:23:15,21.6,56.7,0.0,0.8,1.5,123.0,850.6,16.0,0,253,260
2025-10-06 20:38:20,21.5,56.9,0.0,0.1,0.4,123.0,850.7,15.9,0,252,261
2025-10-06 20:53:24,21.3,57.8,0.0,0.2,0.4,123.0,850.8,15.9,0,253,260
2025-10-06 21:08:29,21.0,58.9,0.0,1.0,2.4,176.0,850.9,15.8,0,253,260
2025-10-06 21:23:53,20.2,67.1,0.0,0.3,0.7,185.0,851.1,16.1,0,254,261
2025-10-06 21:38:58,19.7,69.7,0.0,0.0,0.2,185.0,851.3,15.9,0,254,261
2025-10-06 21:54:02,19.5,69.9,0.0,0.4,0.7,185.0,851.5,15.8,0,253,261
2025-10-06 22:09:07,20.3,63.1,0.0,0.6,1.1,129.0,851.6,15.7,0,252,260
2025-10-06 22:24:11,20.2,65.4,0.0,0.3,0.7,156.0,851.8,15.9,0,253,261
2025-10-06 22:39:16,20.0,67.2,0.0,1.1,3.1,175.0,852.0,15.9,0,253,260
2025-10-06 22:54:20,19.7,68.4,0.0,0.8,2.6,176.0,851.8,15.8,0,254,260
2025-10-06 23:09:25,19.6,69.2,0.0,0.7,2.0,182.0,851.8,15.8,0,253,260
2025-10-06 23:24:30,19.4,70.2,0.0,0.4,0.8,136.0,851.7,15.7,0,254,261
2025-10-06 23:40:17,19.3,70.3,0.0,0.6,2.4,126.0,851.6,15.7,0,253,259
2025-10-06 23:55:41,19.1,71.1,0.0,0.9,2.0,172.0,851.5,15.6,0,254,260
2025-10-07 00:10:46,18.9,71.5,0.0,0.2,0.7,173.0,851.2,15.4,0,254,260
2025-10-07 00:25:50,18.7,71.9,0.0,0.4,1.7,173.0,851.1,15.3,0,254,260
2025-10-07 00:40:55,18.5,72.9,0.0,0.2,0.4,146.0,851.0,15.3,0,252,260
2025-10-07 00:55:59,18.4,73.7,0.0,0.6,1.3,141.0,850.9,15.2,0,252,259
2025-10-07 01:11:04,18.3,74.8,0.0,0.4,1.3,141.0,850.9,15.2,0,252,259
2025-10-07 01:26:09,18.1,75.8,0.0,0.1,0.4,141.0,850.7,15.2,0,253,260
2025-10-07 01:41:14,17.9,76.0,0.0,0.1,0.4,125.0,850.6,15.0,0,254,261
2025-10-07 01:56:18,17.6,76.9,0.0,0.2,0.7,124.0,850.7,14.9,0,254,260
2025-10-07 02:11:23,17.5,77.6,0.0,0.1,0.2,124.0,850.7,14.8,0,254,259
2025-10-07 02:26:47,17.2,78.8,0.0,0.0,0.0,124.0,850.7,14.7,0,254,260
2025-10-07 02:41:52,17.1,79.1,0.0,0.5,1.3,123.0,850.7,14.6,0,254,261
2025-10-07 02:56:56,17.0,80.0,0.0,0.7,1.1,123.0,850.7,14.6,0,253,261
2025-10-07 03:00:57,16.9,80.2,0.0,0.1,0.4,124.0,850.6,14.6,0,254,261
2025-10-07 03:16:02,16.9,80.7,0.0,0.1,0.2,124.0,850.5,14.6,0,253,261
2025-10-07 03:31:08,16.7,80.7,0.0,0.6,1.3,100.0,850.5,14.4,0,253,261
2025-10-07 03:46:13,16.6,81.2,0.0,0.3,0.7,104.0,850.5,14.4,0,253,261
2025-10-07 04:01:18,16.6,81.2,0.0,0.6,1.3,75.0,850.7,14.4,0,254,260
2025-10-07 04:16:22,16.5,81.3,0.0,0.0,0.2,88.0,850.8,14.3,0,253,261
2025-10-07 04:31:27,16.4,81.1,0.0,0.0,0.2,99.0,850.8,14.2,0,253,261
2025-10-07 04:46:32,16.3,81.4,0.0,0.1,0.4,99.0,850.9,14.1,0,253,261
2025-10-07 05:01:54,16.1,82.1,0.0,0.0,0.2,99.0,851.0,14.1,0,255,260
2025-10-07 05:16:59,16.0,83.2,0.0,0.0,0.0,99.0,851.1,14.1,0,253,260
2025-10-07 05:32:03,15.9,84.6,0.0,0.2,0.4,99.0,851.3,14.1,0,255,261
2025-10-07 05:47:08,15.8,85.8,0.0,0.4,0.9,99.0,851.4,14.1,0,253,260
2025-10-07 06:02:12,15.7,86.2,0.0,0.0,0.0,86.0,851.5,14.1,0,257,260
2025-10-07 06:17:17,15.7,86.4,0.0,0.1,0.2,73.0,851.8,14.1,0,268,260
2025-10-07 06:32:21,15.8,86.4,0.0,0.1,0.4,78.0,851.9,14.2,0,410,272
2025-10-07 06:47:26,15.8,86.3,0.0,0.4,0.9,57.0,852.0,14.2,0,596,292
2025-10-07 07:02:31,16.0,86.0,0.0,0.8,1.3,56.0,852.3,14.4,0,755,309
2025-10-07 07:17:35,16.2,85.1,0.0,0.0,0.2,0.0,852.6,14.5,0,959,330
2025-10-07 07:33:04,16.9,83.4,0.0,0.1,0.2,77.0,852.7,14.9,0,1846,400
2025-10-07 07:48:09,18.2,77.3,0.0,0.1,0.4,31.0,852.9,15.5,0,1364,367
2025-10-07 08:03:13,18.4,75.5,0.0,0.4,0.9,71.0,853.0,15.4,0,1130,347
2025-10-07 08:18:18,17.9,76.9,0.0,0.6,1.1,87.0,853.0,15.2,0,1020,344
2025-10-07 08:33:22,18.4,75.9,0.0,0.7,1.7,87.0,853.3,15.5,0,1730,402
2025-10-07 08:48:27,18.1,76.6,0.0,0.3,1.1,357.0,853.5,15.3,0,1797,404
2025-10-07 09:04:09,19.0,72.8,0.0,0.5,1.1,100.0,853.6,15.7,0,1700,399
2025-10-07 09:19:14,19.7,70.2,0.0,0.5,1.1,68.0,853.7,16.0,0,2677,485
2025-10-07 09:34:19,21.0,63.8,0.0,0.6,1.3,69.0,853.6,16.4,0,3381,559
2025-10-07 09:49:23,22.0,60.5,0.0,0.3,0.7,119.0,853.6,16.8,0,5070,722
2025-10-07 10:04:28,22.9,57.5,0.0,1.2,2.2,70.0,853.5,17.2,0,3535,586
2025-10-07 10:19:32,22.1,59.1,0.0,0.8,1.7,131.0,853.4,16.8,0,3028,537
2025-10-07 10:34:37,21.7,61.2,0.0,0.5,1.4,202.0,853.2,16.7,0,2758,508
2025-10-07 10:49:41,21.7,59.4,0.0,0.6,1.3,138.0,853.1,16.5,0,2269,462
2025-10-07 11:05:05,23.1,56.6,0.0,0.4,1.7,138.0,852.8,17.3,0,2549,495
2025-10-07 11:20:10,23.0,53.8,0.0,1.2,1.5,82.0,852.7,16.8,0,3074,533
2025-10-07 11:35:47,23.0,56.3,0.0,0.5,1.1,120.0,852.4,17.2,0,2642,495
2025-10-07 11:51:07,24.0,52.1,0.0,0.5,1.7,147.0,852.1,17.4,0,5770,793
2025-10-07 12:06:13,24.0,51.4,0.0,0.5,1.3,151.0,851.8,17.4,0,10876,1236
2025-10-07 12:21:17,25.6,48.8,0.0,0.5,1.3,82.0,851.4,18.3,0,6542,859
2025-10-07 12:36:21,25.8,48.0,0.0,0.6,1.2,62.0,851.1,18.3,0,10561,1220
2025-10-07 12:51:56,25.4,47.8,0.0,0.8,1.7,155.0,850.9,18.0,0,11766,1299
2025-10-07 13:07:09,24.7,48.1,0.0,0.6,1.3,141.0,850.6,17.4,0,4438,660
2025-10-07 13:25:14,25.0,46.2,0.0,1.5,3.1,189.0,850.3,17.4,0,10269,1176
2025-10-07 13:41:15,24.9,46.3,0.0,0.7,2.6,199.0,850.1,17.3,0,2734,500
2025-10-07 13:56:20,24.7,47.7,0.0,0.3,0.7,194.0,849.9,17.4,0,3491,580
2025-10-07 14:12:18,24.5,46.2,0.0,1.2,2.6,195.0,849.7,16.9,0,2955,520
2025-10-07 14:27:23,25.0,46.7,0.0,1.0,2.8,175.0,849.6,17.4,0,2627,486
2025-10-07 14:42:27,25.2,45.5,0.0,0.6,1.7,99.0,849.6,17.5,0,3467,568
2025-10-07 14:57:32,26.9,43.2,0.0,0.6,1.1,106.0,849.3,18.5,0,5074,719
2025-10-07 15:12:37,26.7,43.8,0.0,0.5,1.3,121.0,849.1,18.4,0,6760,867
2025-10-07 15:27:41,25.8,43.9,0.0,0.7,1.7,150.0,849.1,17.7,0,2006,441
2025-10-07 15:42:46,26.0,44.3,0.0,1.0,2.6,92.0,849.0,17.9,0,5720,756
2025-10-07 15:57:50,25.6,44.8,0.0,0.3,0.7,148.0,848.9,17.7,0,2832,511
2025-10-07 16:13:15,26.1,43.1,0.0,0.8,1.7,142.0,848.9,17.8,0,4404,639
2025-10-07 16:28:20,26.1,44.1,0.0,0.9,1.5,65.0,848.8,18.0,0,1772,411
2025-10-07 16:44:19,24.6,47.2,0.0,0.4,1.1,129.0,849.1,17.2,0,2527,471
2025-10-07 16:59:23,24.8,46.1,0.0,1.0,1.5,104.0,849.0,17.2,0,1065,349
2025-10-07 17:14:28,24.1,47.5,0.0,0.6,1.3,122.0,849.2,16.8,0,1038,340
2025-10-07 17:29:32,23.8,49.6,0.0,0.9,2.0,103.0,849.4,16.9,0,703,309
2025-10-07 17:44:37,23.3,50.7,0.0,0.5,1.1,130.0,849.4,16.6,0,593,298
2025-10-07 17:59:42,23.2,51.7,0.0,0.3,0.9,136.0,849.4,16.7,0,470,283
2025-10-07 18:14:46,22.7,52.1,0.0,0.7,1.6,110.0,849.5,16.4,0,327,270
2025-10-07 18:29:51,22.3,53.3,0.0,0.5,0.9,97.0,849.7,16.2,0,261,260
2025-10-07 18:44:55,21.9,54.8,0.0,0.0,0.0,172.0,849.8,16.0,0,253,260
2025-10-07 19:00:00,21.7,55.6,0.0,0.2,0.9,172.0,849.9,15.9,0,254,259
2025-10-07 19:15:22,21.4,56.5,0.0,0.4,1.5,67.0,850.0,15.8,0,253,260
2025-10-07 19:30:47,20.9,58.4,0.0,0.0,0.0,68.0,850.2,15.6,0,254,261
2025-10-07 19:45:52,20.5,59.8,0.0,0.0,0.0,68.0,850.4,15.5,0,253,261
2025-10-07 20:00:56,20.6,60.0,0.0,0.0,0.0,93.0,850.6,15.5,0,253,259
2025-10-07 20:16:01,20.5,60.5,0.0,0.0,0.0,93.0,850.7,15.5,0,253,260
2025-10-07 20:31:24,20.7,59.6,0.0,0.1,0.2,84.0,850.8,15.6,0,254,260
2025-10-07 20:46:29,20.8,59.5,0.0,0.1,0.7,87.0,850.8,15.7,0,253,260
2025-10-07 21:01:34,20.5,60.8,0.0,0.0,0.2,96.0,851.1,15.6,0,254,260
2025-10-07 21:16:39,20.4,61.8,0.0,0.2,0.7,98.0,851.2,15.6,0,254,261
2025-10-07 21:31:44,20.3,64.3,0.0,0.9,2.8,188.0,851.4,15.8,0,253,259
2025-10-07 21:46:49,20.0,68.2,0.0,0.3,1.0,159.0,851.6,16.0,0,253,261
2025-10-07 22:01:53,19.5,71.7,0.0,0.5,1.3,175.0,851.6,16.1,0,254,260
2025-10-07 22:16:58,19.2,75.6,0.0,0.5,1.5,172.0,851.8,16.2,0,254,262
2025-10-07 22:32:50,18.8,78.1,0.0,0.5,1.1,149.0,851.9,16.2,0,252,261
2025-10-07 22:48:14,18.6,79.6,0.0,0.4,1.3,149.0,851.9,16.1,0,254,260
2025-10-07 23:03:19,18.5,80.1,0.0,0.1,0.4,149.0,851.7,16.1,0,253,260
2025-10-07 23:18:23,18.4,80.9,0.0,0.2,0.9,149.0,851.7,16.1,0,253,260
2025-10-07 23:33:28,18.2,81.8,0.0,0.0,0.0,149.0,851.8,16.0,0,254,260
2025-10-07 23:48:33,17.7,84.1,0.0,0.2,0.4,149.0,851.6,15.8,0,252,261
2025-10-08 00:03:37,17.9,83.2,0.0,0.0,0.0,149.0,851.5,15.9,0,253,260
2025-10-08 00:18:44,17.9,83.6,0.0,0.6,1.5,149.0,851.3,16.0,0,253,259
2025-10-08 00:33:49,18.1,83.1,0.0,0.9,3.0,153.0,851.3,16.1,0,253,260
2025-10-08 00:48:54,17.9,82.9,0.0,0.7,1.5,187.0,851.0,15.8,0,253,259
2025-10-08 01:04:21,17.9,83.6,0.0,0.6,1.7,167.0,850.9,15.9,0,253,261
2025-10-08 01:19:26,17.7,84.2,0.0,1.1,2.2,179.0,850.7,15.8,0,253,261
2025-10-08 01:34:31,17.5,84.7,0.0,0.4,0.9,159.0,850.6,15.7,0,254,260
2025-10-08 01:49:36,17.5,85.1,0.0,0.2,0.7,155.0,850.5,15.7,0,254,261
2025-10-08 02:04:41,17.4,83.8,0.0,0.4,1.5,186.0,850.5,15.5,0,253,260
2025-10-08 02:19:46,17.1,83.2,0.0,0.6,2.0,184.0,850.4,15.2,0,253,260
2025-10-08 02:34:51,17.2,83.2,0.0,0.8,2.8,203.0,850.4,15.2,0,253,259
2025-10-08 02:50:26,17.2,84.0,0.0,0.9,2.2,195.0,850.3,15.3,0,253,261
2025-10-08 03:00:29,17.2,84.7,0.0,1.2,2.6,157.0,850.3,15.4,0,254,262
2025-10-08 03:15:35,17.1,85.2,0.0,0.4,0.9,178.0,850.2,15.4,0,253,261
2025-10-08 03:30:39,17.1,85.3,0.0,0.8,1.5,160.0,850.3,15.4,0,253,260
2025-10-08 03:45:44,17.1,85.2,0.0,0.5,0.7,160.0,850.4,15.3,0,253,260
2025-10-08 04:00:48,17.1,84.6,0.0,1.0,2.0,156.0,850.5,15.3,0,253,260
2025-10-08 04:15:53,16.9,84.8,0.0,1.2,2.4,181.0,850.6,15.1,0,254,259
2025-10-08 04:30:58,16.9,84.2,0.0,1.2,2.2,199.0,850.7,15.0,0,253,260
2025-10-08 04:46:02,16.8,83.9,0.0,0.3,0.7,160.0,850.8,14.9,0,253,260
2025-10-08 05:01:26,16.8,84.2,0.0,0.6,1.1,163.0,850.9,15.0,0,255,260
2025-10-08 05:16:31,16.8,84.5,0.0,0.9,1.4,173.0,850.9,15.0,0,253,260
2025-10-08 05:31:35,16.7,84.4,0.0,0.1,0.3,173.0,850.9,14.9,0,253,260
2025-10-08 05:46:40,16.8,82.6,0.0,0.4,1.1,159.0,850.9,14.8,0,254,262
2025-10-08 06:01:44,16.8,82.2,0.0,0.0,0.2,159.0,851.1,14.7,0,255,260
2025-10-08 06:16:48,16.6,80.7,0.0,0.4,1.1,159.0,851.2,14.3,0,292,264
2025-10-08 06:31:52,16.5,79.3,0.0,0.6,2.0,159.0,851.5,14.1,0,358,269
2025-10-08 06:46:57,16.4,78.5,0.0,0.2,0.7,159.0,851.8,13.9,0,506,282
2025-10-08 07:02:01,16.3,78.9,0.0,0.3,1.3,149.0,852.1,13.9,0,762,307
2025-10-08 07:17:06,16.3,78.9,0.0,0.6,1.3,177.0,852.6,13.9,0,665,301
2025-10-08 07:32:31,16.3,79.9,0.0,0.6,1.3,159.0,852.7,14.0,0,762,309
2025-10-08 07:47:36,16.4,79.9,0.0,0.2,0.7,43.0,853.0,14.1,0,828,317
2025-10-08 08:02:40,16.5,80.1,0.0,0.2,0.8,76.0,853.0,14.2,0,821,315
2025-10-08 08:17:45,16.8,79.3,0.0,0.2,0.9,76.0,853.2,14.4,0,1383,368
2025-10-08 08:32:49,17.9,76.1,0.0,0.4,0.9,76.0,853.2,15.0,0,2280,453
2025-10-08 08:47:54,18.6,73.2,0.0,0.3,0.7,76.0,853.3,15.3,0,2660,487
2025-10-08 09:02:58,18.9,70.7,0.0,0.1,0.7,76.0,853.5,15.3,0,1855,411
2025-10-08 09:18:02,19.7,67.7,0.0,0.1,0.4,76.0,853.5,15.7,0,3283,544
2025-10-08 09:33:07,20.6,63.9,0.0,0.4,1.5,76.0,853.4,16.1,0,5151,723
2025-10-08 09:48:12,21.2,58.5,0.0,0.3,1.3,76.0,853.4,15.9,0,3979,617
2025-10-08 10:03:36,21.4,57.9,0.0,0.9,2.0,198.0,853.4,16.0,0,4172,637
2025-10-08 10:18:41,21.6,57.8,0.0,0.3,1.6,167.0,853.3,16.2,0,3136,532
2025-10-08 10:33:46,20.8,59.9,0.0,1.0,2.8,170.0,853.3,15.7,0,2063,435
2025-10-08 10:48:50,20.5,61.3,0.0,0.7,1.5,181.0,853.3,15.6,0,3495,571
2025-10-08 11:03:54,21.2,60.3,0.0,0.6,1.5,181.0,853.2,16.2,0,2674,491
2025-10-08 11:18:59,20.9,59.9,0.0,0.7,2.2,133.0,853.2,15.8,0,2581,481
2025-10-08 11:34:04,22.1,58.2,0.0,0.3,0.9,66.0,852.9,16.6,0,3509,573
2025-10-08 11:49:09,23.4,55.4,0.0,0.8,1.5,73.0,852.5,17.4,0,9807,1152
2025-10-08 12:04:13,22.5,57.0,0.0,0.1,0.4,70.0,852.3,16.9,0,3352,559
2025-10-08 12:19:18,24.1,51.2,0.0,0.5,1.3,71.0,852.1,17.4,0,7414,961
2025-10-08 12:34:42,24.4,52.5,0.0,0.7,1.3,44.0,851.7,17.8,0,9646,1143
2025-10-08 12:49:47,25.4,50.0,0.0,0.5,1.7,70.0,851.3,18.4,0,3521,583
2025-10-08 13:04:52,24.9,49.0,0.0,1.5,3.1,76.0,851.0,17.8,0,6739,873
2025-10-08 13:19:57,25.8,46.5,0.0,1.6,2.4,59.0,850.7,18.1,0,9307,1111
2025-10-08 13:35:02,24.7,48.2,0.0,1.8,3.3,81.0,850.3,17.5,0,2198,453
2025-10-08 13:50:06,24.8,47.0,0.0,0.7,1.7,136.0,850.0,17.4,0,7962,989
2025-10-08 14:05:11,25.2,45.2,0.0,1.5,3.2,177.0,849.6,17.4,0,8393,1016
2025-10-08 14:20:15,26.1,45.8,0.0,0.5,0.9,176.0,849.4,18.3,0,7874,977
2025-10-08 14:35:20,27.1,43.9,0.0,0.2,0.4,175.0,849.4,18.8,0,2325,468
2025-10-08 14:50:24,25.6,45.5,0.0,0.8,2.2,129.0,849.2,17.8,0,2505,480
2025-10-08 15:05:49,25.5,46.3,0.0,0.6,2.0,133.0,849.1,17.9,0,2360,468
2025-10-08 15:20:53,26.8,44.1,0.0,0.4,1.0,119.0,848.9,18.5,0,2759,503
2025-10-08 15:35:58,25.4,47.5,0.0,0.4,1.1,89.0,848.9,18.0,0,2991,522
2025-10-08 15:51:02,26.9,42.8,0.0,0.6,1.7,121.0,848.8,18.4,0,2728,504
2025-10-08 16:06:07,26.8,41.5,0.0,0.4,0.9,191.0,848.7,18.1,0,1550,388
2025-10-08 16:21:11,25.8,44.1,0.0,0.1,0.7,120.0,848.7,17.7,0,1614,397
2025-10-08 16:36:30,26.4,43.4,0.0,0.7,1.4,87.0,848.7,18.1,0,2951,505
2025-10-08 16:51:52,26.3,43.7,0.0,1.0,2.0,103.0,848.6,18.1,0,2301,450
2025-10-08 17:06:57,25.5,44.7,0.0,0.7,1.5,127.0,848.6,17.6,0,1005,336
2025-10-08 17:22:56,24.6,46.0,0.0,1.0,1.7,64.0,848.7,17.0,0,797,313
2025-10-08 17:38:02,24.4,45.1,0.0,0.8,1.5,81.0,848.6,16.7,0,764,306
2025-10-08 17:53:06,24.1,47.4,0.0,0.8,3.9,96.0,848.6,16.8,0,375,274
2025-10-08 18:08:10,23.4,49.2,0.0,1.7,5.2,169.0,848.7,16.5,0,304,268
2025-10-08 18:23:15,23.1,49.8,0.0,0.9,1.5,144.0,848.9,16.3,0,270,261
2025-10-08 18:38:19,22.8,52.1,0.0,0.7,2.0,93.0,849.1,16.4,0,254,260
2025-10-08 18:53:24,22.5,53.3,0.0,0.3,0.9,78.0,849.3,16.4,0,252,260
2025-10-08 19:08:29,22.3,54.1,0.0,0.5,1.7,131.0,849.7,16.3,0,254,260
2025-10-08 19:23:33,22.4,53.8,0.0,0.2,0.4,162.0,849.8,16.3,0,254,261
2025-10-08 19:38:58,22.0,55.7,0.0,0.1,0.4,162.0,850.0,16.2,0,253,259
2025-10-08 19:54:03,21.7,55.4,0.0,0.3,0.7,162.0,850.1,15.9,0,252,261
2025-10-08 20:09:07,21.5,55.6,0.0,0.0,0.2,162.0,850.2,15.7,0,254,260
2025-10-08 20:24:12,21.3,56.0,0.0,0.0,0.0,162.0,850.3,15.6,0,254,260
2025-10-08 20:39:16,20.8,56.9,0.0,0.2,0.7,162.0,850.5,15.4,0,254,259
2025-10-08 20:54:21,20.7,58.0,0.0,0.1,0.4,162.0,850.6,15.4,0,253,261
2025-10-08 21:09:26,20.4,59.3,0.0,0.4,1.1,162.0,850.9,15.3,0,255,260
2025-10-08 21:25:12,20.4,60.6,0.0,0.1,0.4,161.0,851.1,15.4,0,253,260
2025-10-08 21:40:36,20.3,61.6,0.0,1.3,2.6,129.0,851.3,15.5,0,253,261
2025-10-08 21:55:41,20.3,62.8,0.0,0.3,0.9,157.0,851.6,15.6,0,253,261
2025-10-08 22:10:45,20.1,63.6,0.0,0.2,0.9,156.0,851.7,15.6,0,255,259
2025-10-08 22:25:50,19.7,64.7,0.0,0.5,2.0,157.0,851.7,15.4,0,253,261
2025-10-08 22:40:55,19.5,66.1,0.0,0.5,1.1,157.0,851.8,15.3,0,253,259
2025-10-08 22:55:59,19.4,66.9,0.0,0.1,0.7,157.0,851.8,15.3,0,254,260
2025-10-08 23:11:04,19.3,67.9,0.0,0.6,1.3,157.0,851.9,15.3,0,254,260
2025-10-08 23:26:08,19.0,69.4,0.0,0.3,0.9,157.0,851.9,15.3,0,254,259
2025-10-08 23:41:13,18.8,70.6,0.0,0.4,0.9,125.0,851.8,15.2,0,253,261
2025-10-08 23:56:17,18.5,71.8,0.0,0.1,0.7,88.0,851.7,15.1,0,254,260
2025-10-09 00:11:41,18.4,73.0,0.0,0.0,0.4,139.0,851.7,15.1,0,253,260
2025-10-09 00:26:46,18.6,72.7,0.0,1.0,2.4,138.0,851.8,15.3,0,254,259
2025-10-09 00:41:51,18.7,72.4,0.0,0.1,0.2,139.0,851.8,15.4,0,253,261
2025-10-09 00:56:56,18.7,72.9,0.0,0.8,2.0,139.0,851.7,15.4,0,254,261
2025-10-09 01:12:00,18.6,73.8,0.0,0.3,1.7,139.0,851.7,15.4,0,253,259
2025-10-09 01:27:05,18.5,74.5,0.0,0.1,0.2,157.0,851.4,15.5,0,253,259
2025-10-09 01:42:09,18.5,74.9,0.0,0.2,0.4,157.0,851.3,15.5,0,254,260
2025-10-09 01:57:14,18.1,78.4,0.0,0.2,0.7,157.0,851.1,15.5,0,254,260
2025-10-09 02:12:18,17.9,79.1,0.0,0.0,0.0,157.0,851.1,15.4,0,253,260
2025-10-09 02:27:23,17.8,79.2,0.0,0.2,0.7,157.0,851.3,15.4,0,253,259
2025-10-09 02:42:48,17.8,80.6,0.0,0.2,1.1,156.0,851.3,15.5,0,253,261
2025-10-09 02:57:52,17.7,81.6,0.0,0.0,0.0,157.0,851.3,15.5,0,253,261
2025-10-09 03:00:53,17.7,81.8,0.0,0.1,0.4,157.0,851.2,15.5,0,254,261
2025-10-09 03:15:58,17.6,83.0,0.0,0.1,0.2,157.0,851.4,15.6,0,254,260
2025-10-09 03:31:02,17.5,83.3,0.0,0.2,0.7,157.0,851.3,15.5,0,253,260
2025-10-09 03:46:07,17.2,83.4,0.0,0.9,1.7,157.0,851.3,15.2,0,253,260
2025-10-09 04:01:11,17.1,83.5,0.0,1.0,2.0,157.0,851.4,15.1,0,253,262
2025-10-09 04:16:16,16.7,84.0,0.0,0.3,1.3,157.0,851.4,14.8,0,253,259
2025-10-09 04:31:21,16.5,84.0,0.0,0.4,1.1,157.0,851.6,14.6,0,253,260
2025-10-09 04:46:26,16.3,83.9,0.0,0.1,0.2,157.0,851.8,14.4,0,254,260
2025-10-09 05:01:30,16.1,84.0,0.0,0.0,0.2,157.0,852.1,14.3,0,253,259
2025-10-09 05:16:54,16.0,84.7,0.0,0.2,0.7,157.0,852.1,14.2,0,253,261
2025-10-09 05:31:59,15.8,84.9,0.0,0.0,0.2,157.0,852.2,14.1,0,253,260
2025-10-09 05:47:03,15.5,86.1,0.0,0.0,0.0,157.0,852.4,13.9,0,253,261
2025-10-09 06:02:08,15.1,86.9,0.0,0.0,0.0,157.0,852.6,13.6,0,259,260
2025-10-09 06:17:12,14.9,87.2,0.0,0.0,0.2,157.0,852.7,13.5,0,290,264
2025-10-09 06:32:17,14.8,87.8,0.0,0.0,0.0,157.0,852.8,13.4,0,394,277
2025-10-09 06:47:22,14.9,87.9,0.0,0.0,0.2,157.0,852.9,13.5,0,561,294
2025-10-09 07:02:27,15.4,86.5,0.0,0.0,0.2,157.0,853.0,13.8,0,940,324
2025-10-09 07:17:32,16.8,82.2,0.0,0.1,0.2,157.0,853.1,14.7,0,1453,368
2025-10-09 07:32:56,17.1,79.1,0.0,0.1,0.5,157.0,853.2,14.7,0,1381,368
2025-10-09 07:48:01,17.6,77.0,0.0,0.1,0.4,157.0,853.4,14.9,0,1642,391
2025-10-09 08:03:06,18.4,73.9,0.0,0.7,1.2,157.0,853.6,15.2,0,2446,463
2025-10-09 08:18:11,18.0,75.6,0.0,0.2,0.4,156.0,853.7,15.0,0,1933,417
2025-10-09 08:33:16,18.8,75.8,0.0,0.0,0.2,157.0,853.9,15.9,0,2829,506
2025-10-09 08:48:20,19.6,69.7,0.0,0.5,1.1,157.0,853.9,15.8,0,2186,446
2025-10-09 09:03:25,19.3,70.1,0.0,0.5,1.3,157.0,854.0,15.6,0,3005,518
2025-10-09 09:18:29,19.8,67.7,0.0,0.0,0.2,157.0,854.0,15.8,0,2193,451
2025-10-09 09:33:34,20.0,65.7,0.0,0.6,2.2,157.0,854.0,15.8,0,2357,470
2025-10-09 09:48:39,21.3,62.6,0.0,0.7,1.7,157.0,853.9,16.5,0,3618,600
2025-10-09 10:04:03,22.6,56.5,0.0,0.6,0.9,157.0,853.8,16.8,0,7502,938
2025-10-09 10:19:07,24.0,50.5,0.0,0.5,1.3,134.0,853.7,17.2,0,3194,549
2025-10-09 10:34:12,22.9,54.0,0.0,0.7,1.3,160.0,853.6,16.8,0,2777,523
2025-10-09 10:49:16,23.2,54.9,0.0,0.2,0.8,161.0,853.5,17.2,0,8065,996
2025-10-09 11:04:21,23.6,51.5,0.0,0.2,0.7,161.0,853.4,17.0,0,8647,1048
2025-10-09 11:19:25,23.6,50.9,0.0,0.9,1.7,160.0,853.1,16.9,0,8826,1067
2025-10-09 11:35:12,24.1,48.3,0.0,0.3,0.7,160.0,853.0,16.9,0,9040,1082
2025-10-09 11:50:17,25.4,46.3,0.0,0.5,0.9,162.0,852.6,17.7,0,9162,1096
2025-10-09 12:05:22,25.1,50.5,0.0,0.1,0.4,162.0,852.3,18.2,0,3161,546
2025-10-09 12:20:26,24.4,47.5,0.0,0.2,0.7,162.0,852.1,17.1,0,2703,502
2025-10-09 12:35:31,24.3,46.5,0.0,0.3,0.7,162.0,851.9,16.9,0,2455,484
2025-10-09 12:51:12,26.0,43.3,0.0,0.3,1.6,119.0,851.5,17.7,0,9414,1123
2025-10-09 13:06:16,26.4,42.5,0.0,1.0,1.3,164.0,851.3,17.9,0,9418,1122
2025-10-09 13:21:21,26.6,41.7,0.0,1.2,2.2,68.0,851.0,18.0,0,4389,670
2025-10-09 13:36:26,26.5,42.2,0.0,1.1,2.4,126.0,850.8,18.0,0,8845,1063
2025-10-09 13:51:31,28.0,37.9,0.0,1.1,2.0,158.0,850.5,18.4,0,8292,1016
2025-10-09 14:06:36,27.6,41.1,0.0,0.3,0.7,175.0,850.2,18.7,0,8642,1042
2025-10-09 14:22:15,27.5,39.9,0.0,0.7,1.5,79.0,850.0,18.4,0,7727,958
2025-10-09 14:37:19,27.3,38.7,0.0,0.9,2.0,153.0,849.8,18.0,0,6842,879
2025-10-09 14:52:24,28.9,38.2,0.0,0.8,1.6,83.0,849.6,19.2,0,7050,892
2025-10-09 15:07:29,27.5,39.4,0.0,0.8,1.3,76.0,849.6,18.3,0,1868,432
2025-10-09 15:22:33,26.6,39.7,0.0,1.3,3.3,177.0,849.5,17.7,0,1148,360
2025-10-09 15:37:38,25.3,41.7,0.0,0.8,2.2,148.0,849.4,16.9,0,5088,706
2025-10-09 15:52:43,27.4,38.3,0.0,0.6,1.5,125.0,849.2,18.0,0,1103,360
2025-10-09 16:07:48,27.0,38.6,0.0,1.5,3.9,123.0,849.3,17.8,0,3992,605
2025-10-09 16:22:52,27.0,38.7,0.0,0.9,2.0,109.0,849.0,17.8,0,3339,547
2025-10-09 16:38:17,26.9,38.5,0.0,0.4,1.3,182.0,849.1,17.6,0,2747,492
2025-10-09 16:53:22,26.9,38.6,0.0,0.6,1.3,120.0,849.0,17.7,0,2263,448
2025-10-09 17:08:26,25.9,38.2,0.0,0.4,1.1,158.0,848.9,16.8,0,531,300
2025-10-09 17:23:31,25.6,40.8,0.0,0.8,2.6,159.0,848.8,17.0,0,522,298
2025-10-09 17:38:36,25.2,41.1,0.0,0.6,1.7,113.0,848.9,16.8,0,443,286
2025-10-09 17:54:28,24.7,44.6,0.0,0.6,1.7,129.0,849.1,16.9,0,413,279
2025-10-09 18:09:33,24.1,47.7,0.0,0.7,1.3,107.0,849.1,16.9,0,332,272
2025-10-09 18:24:38,23.6,48.9,0.0,0.4,1.0,155.0,849.3,16.6,0,268,262
2025-10-09 18:39:42,23.1,50.0,0.0,0.3,0.9,118.0,849.5,16.4,0,254,260
2025-10-09 18:54:47,22.7,51.4,0.0,0.5,2.0,193.0,849.6,16.3,0,253,260
2025-10-09 19:09:52,22.5,52.6,0.0,0.2,0.7,107.0,849.8,16.2,0,253,260
2025-10-09 19:24:56,22.2,53.6,0.0,0.2,0.4,149.0,849.8,16.1,0,253,261
2025-10-09 19:40:01,22.0,54.2,0.0,0.3,0.7,149.0,849.8,16.0,0,254,259
2025-10-09 19:55:24,21.6,55.2,0.0,0.1,0.4,149.0,850.1,15.8,0,254,259
2025-10-09 20:10:31,21.3,56.5,0.0,0.2,0.7,149.0,850.2,15.7,0,253,260
2025-10-09 20:25:51,21.1,57.3,0.0,0.5,1.3,149.0,850.4,15.6,0,253,261
2025-10-09 20:40:56,21.1,58.8,0.0,0.9,1.7,96.0,850.7,15.9,0,254,259
2025-10-09 20:56:01,20.6,63.9,0.0,0.6,1.1,184.0,851.1,16.1,0,253,260
2025-10-09 21:11:05,20.1,68.0,0.0,1.0,2.8,91.0,851.4,16.1,0,253,260
2025-10-09 21:26:10,19.5,70.6,0.0,1.0,2.4,188.0,851.4,15.9,0,254,260
2025-10-09 21:41:15,19.1,71.1,0.0,1.9,4.8,184.0,851.8,15.6,0,254,260
2025-10-09 21:56:20,18.8,74.0,0.0,1.2,2.2,200.0,852.0,15.7,0,253,261
2025-10-09 22:11:24,18.7,75.2,0.0,0.1,0.4,191.0,852.1,15.7,0,253,260
2025-10-09 22:26:29,18.7,75.6,0.0,0.3,0.9,191.0,852.2,15.7,0,254,259
2025-10-09 22:41:34,18.7,75.5,0.0,0.6,1.7,191.0,852.2,15.7,0,253,260
2025-10-09 22:56:57,18.7,76.6,0.0,0.6,1.7,105.0,852.3,15.9,0,252,260
2025-10-09 23:12:01,18.6,77.2,0.0,0.9,2.6,112.0,852.2,15.9,0,253,261
2025-10-09 23:27:06,18.4,77.4,0.0,0.7,1.3,111.0,852.2,15.7,0,253,260
2025-10-09 23:42:11,18.4,77.7,0.0,0.2,0.7,111.0,852.1,15.7,0,254,259
2025-10-09 23:57:16,18.2,77.8,0.0,0.2,0.7,116.0,851.9,15.6,0,253,260
2025-10-10 00:12:21,18.1,78.2,0.0,0.2,0.4,138.0,851.8,15.5,0,254,261
2025-10-10 00:27:25,17.8,79.1,0.0,0.3,0.7,182.0,851.6,15.3,0,253,260
2025-10-10 00:42:30,17.7,80.2,0.0,1.1,3.5,177.0,851.7,15.3,0,254,260
2025-10-10 00:58:08,17.5,81.1,0.0,0.3,1.1,164.0,851.6,15.2,0,253,261
2025-10-10 01:13:14,17.3,81.7,0.0,0.0,0.2,164.0,851.5,15.1,0,254,259
2025-10-10 01:28:18,17.0,82.4,0.0,0.0,0.0,164.0,851.2,14.9,0,253,261
2025-10-10 01:43:23,16.7,84.1,0.0,0.0,0.0,164.0,851.1,14.8,0,252,259
2025-10-10 01:58:27,16.8,84.4,0.0,0.0,0.2,164.0,851.1,15.0,0,253,261
2025-10-10 02:13:32,17.0,84.5,0.0,0.0,0.2,164.0,851.1,15.1,0,254,261
2025-10-10 02:28:37,17.1,83.9,0.0,0.2,0.4,164.0,851.2,15.2,0,254,260
2025-10-10 02:43:41,17.1,83.9,0.0,0.1,0.4,164.0,851.1,15.2,0,254,261
2025-10-10 03:00:05,17.2,83.5,0.0,0.0,0.2,164.0,851.1,15.3,0,254,260
2025-10-10 03:15:09,17.3,83.7,0.0,0.0,0.0,164.0,851.1,15.4,0,253,260
2025-10-10 03:30:14,17.3,83.2,0.0,0.2,0.7,164.0,851.0,15.3,0,253,260
2025-10-10 03:45:18,17.3,83.5,0.0,0.1,0.4,164.0,850.9,15.3,0,254,260
2025-10-10 04:01:08,17.1,84.0,0.0,0.0,0.0,164.0,851.0,15.2,0,253,260
2025-10-10 04:16:13,16.9,84.8,0.0,0.0,0.0,164.0,851.2,15.1,0,254,262
2025-10-10 04:31:18,16.9,84.9,0.0,0.1,0.4,164.0,851.2,15.1,0,254,260
2025-10-10 04:46:22,17.0,84.7,0.0,0.1,0.2,164.0,851.3,15.2,0,253,261
2025-10-10 05:01:27,17.1,83.8,0.0,0.3,1.0,164.0,851.3,15.2,0,253,261
2025-10-10 05:16:31,17.0,84.1,0.0,0.1,0.2,164.0,851.5,15.1,0,255,261
2025-10-10 05:31:36,16.8,84.7,0.0,0.1,0.2,164.0,851.4,15.0,0,254,259
2025-10-10 05:46:41,16.8,85.8,0.0,0.0,0.2,164.0,851.6,15.1,0,254,261
2025-10-10 06:01:45,16.9,85.4,0.0,0.2,0.7,164.0,851.6,15.2,0,255,260
2025-10-10 06:17:26,17.1,84.6,0.0,0.1,0.2,90.0,851.8,15.3,0,281,263
2025-10-10 06:32:31,17.1,83.4,0.0,0.5,1.5,90.0,851.8,15.2,0,387,274
2025-10-10 06:48:16,17.1,83.6,0.0,0.2,0.7,90.0,851.9,15.1,0,583,292
2025-10-10 07:03:31,17.3,83.3,0.0,0.4,1.1,90.0,852.1,15.3,0,756,305
2025-10-10 07:18:36,17.8,81.5,0.0,0.2,0.4,90.0,852.3,15.6,0,1534,374
2025-10-10 07:33:40,18.5,76.8,0.0,1.0,2.4,90.0,852.5,15.7,0,1475,375
2025-10-10 07:48:45,18.4,77.1,0.0,0.7,2.2,90.0,852.7,15.7,0,1723,401
2025-10-10 08:04:20,20.4,71.9,0.0,0.1,0.4,90.0,852.7,16.9,0,3265,538
2025-10-10 08:19:25,20.2,69.9,0.0,0.5,0.9,90.0,853.0,16.4,0,3853,594
2025-10-10 08:34:30,21.6,65.9,0.0,0.5,1.1,90.0,853.0,17.3,0,4610,663
2025-10-10 08:49:34,22.5,58.3,0.0,0.4,1.3,90.0,853.1,17.0,0,2204,448
2025-10-10 09:04:39,21.3,61.2,0.0,0.4,1.4,90.0,853.1,16.4,0,5940,783
2025-10-10 09:19:44,22.7,55.9,0.0,0.4,0.9,167.0,852.9,16.8,0,6451,839
2025-10-10 09:34:48,21.7,57.3,0.0,1.1,2.6,184.0,853.0,16.2,0,1934,434
2025-10-10 09:50:13,21.5,58.4,0.0,0.4,1.1,184.0,853.1,16.1,0,3064,527
2025-10-10 10:05:18,22.0,55.0,0.0,0.3,0.9,144.0,853.1,16.2,0,3284,549
2025-10-10 10:20:22,23.3,51.0,0.0,1.0,2.2,144.0,852.9,16.7,0,9263,1096
2025-10-10 10:35:27,23.3,51.2,0.0,1.1,2.6,143.0,852.8,16.7,0,6781,886
2025-10-10 10:50:31,23.1,52.0,0.0,0.4,1.1,199.0,852.6,16.6,0,4409,662
2025-10-10 11:05:37,24.5,48.2,0.0,1.0,1.5,116.0,852.4,17.3,0,2671,500
2025-10-10 11:20:41,24.3,49.1,0.0,0.5,1.5,134.0,852.2,17.2,0,3092,540
2025-10-10 11:35:46,23.3,49.2,0.0,0.8,1.7,58.0,852.0,16.4,0,2173,451
2025-10-10 11:50:51,24.2,49.0,0.0,0.6,1.8,92.0,851.7,17.2,0,10039,1174
2025-10-10 12:05:55,25.9,45.9,0.0,0.2,1.1,119.0,851.6,18.1,0,3042,533
2025-10-10 12:21:19,24.8,44.0,0.0,1.3,2.8,153.0,851.2,16.9,0,3536,584
2025-10-10 12:36:24,24.7,46.0,0.0,1.4,3.1,87.0,851.0,17.1,0,2409,466
2025-10-10 12:51:29,24.3,46.0,0.0,0.9,3.5,73.0,850.8,16.7,0,2147,443
2025-10-10 13:06:34,24.6,45.6,0.0,1.8,4.6,130.0,850.5,17.0,0,1936,432
2025-10-10 13:21:39,25.5,43.4,0.0,0.6,1.3,186.0,850.3,17.3,0,2044,441
2025-10-10 13:36:44,25.9,42.4,0.0,0.6,2.0,188.0,850.0,17.6,0,2326,473
2025-10-10 13:51:49,26.2,41.1,0.0,1.5,2.6,128.0,849.6,17.6,0,9090,1083
2025-10-10 14:07:30,25.3,43.4,0.0,0.5,1.1,88.0,849.4,17.2,0,1979,441
2025-10-10 14:22:34,27.0,40.1,0.0,0.4,0.9,87.0,849.2,18.0,0,8544,1028
2025-10-10 14:37:39,25.9,41.5,0.0,1.1,2.4,135.0,849.2,17.4,0,2014,438
2025-10-10 14:52:44,27.8,38.0,0.0,0.5,1.3,86.0,848.9,18.3,0,7347,923
2025-10-10 15:07:48,27.2,38.4,0.0,1.3,3.5,97.0,848.9,17.9,0,6563,848
2025-10-10 15:22:53,28.6,36.8,0.0,1.2,2.2,98.0,848.7,18.7,0,5902,790
2025-10-10 15:37:58,26.7,39.2,0.0,1.0,2.4,65.0,848.6,17.6,0,916,340
2025-10-10 15:53:03,27.3,38.3,0.0,1.3,2.2,140.0,848.4,17.9,0,4432,652
2025-10-10 16:08:34,26.5,38.5,0.0,1.9,2.8,184.0,848.3,17.3,0,3887,600
2025-10-10 16:23:38,26.7,38.8,0.0,0.7,1.7,185.0,848.2,17.6,0,682,318
2025-10-10 16:38:43,26.4,38.8,0.0,1.1,2.2,123.0,848.2,17.3,0,2879,502
2025-10-10 16:53:48,25.5,40.9,0.0,1.2,2.2,121.0,848.3,17.0,0,2562,470
2025-10-10 17:09:36,25.6,41.2,0.0,1.6,4.1,172.0,848.4,17.1,0,973,329
2025-10-10 17:24:40,25.2,42.0,0.0,0.6,2.8,96.0,848.4,16.9,0,706,311
2025-10-10 17:39:45,24.9,42.7,0.0,0.4,0.9,96.0,848.5,16.7,0,516,293
2025-10-10 17:55:36,24.3,43.7,0.0,1.2,3.3,98.0,848.4,16.4,0,405,281
2025-10-10 18:10:40,24.0,45.4,0.0,0.6,1.7,100.0,848.5,16.4,0,327,269
2025-10-10 18:26:37,23.6,46.7,0.0,0.5,2.2,151.0,848.8,16.3,0,268,262
2025-10-10 18:41:40,23.2,48.2,0.0,0.9,2.4,178.0,849.0,16.2,0,253,261
2025-10-10 18:56:45,22.8,49.3,0.0,0.3,0.7,140.0,849.2,16.0,0,254,260
2025-10-10 19:12:36,22.3,50.7,0.0,0.1,0.4,140.0,849.4,15.8,0,253,261
2025-10-10 19:28:00,22.1,50.9,0.0,0.2,0.4,140.0,849.4,15.6,0,254,260
2025-10-10 19:43:05,21.8,51.6,0.0,0.3,0.7,140.0,849.5,15.5,0,253,261
2025-10-10 19:58:11,21.5,52.6,0.0,0.2,0.7,140.0,849.6,15.4,0,253,261
2025-10-10 20:13:16,21.4,53.5,0.0,0.2,0.4,140.0,849.6,15.4,0,254,259
2025-10-10 20:28:21,21.0,54.6,0.0,0.2,0.4,141.0,849.8,15.2,0,252,261
2025-10-10 20:43:26,20.8,55.8,0.0,0.3,0.7,141.0,849.8,15.1,0,253,260
2025-10-10 20:58:31,20.5,56.5,0.0,0.3,1.1,141.0,850.0,15.0,0,253,261
2025-10-10 21:14:11,20.1,57.8,0.0,0.2,0.7,141.0,850.0,14.9,0,253,261
2025-10-10 21:29:15,20.1,58.2,0.0,0.1,0.4,140.0,850.2,14.9,0,253,261
2025-10-10 21:44:20,19.9,59.0,0.0,0.3,1.1,141.0,850.3,14.8,0,254,260
2025-10-10 21:59:25,19.6,60.1,0.0,0.3,0.9,141.0,850.4,14.6,0,253,261
2025-10-10 22:14:30,19.1,61.8,0.0,0.0,0.2,141.0,850.7,14.4,0,253,261
2025-10-10 22:29:34,18.9,62.6,0.0,0.0,0.2,141.0,850.8,14.3,0,254,262
2025-10-10 22:44:39,18.9,63.5,0.0,0.3,1.1,171.0,850.8,14.5,0,254,261
2025-10-10 22:59:44,19.0,64.3,0.0,0.2,0.4,148.0,850.8,14.6,0,253,259
2025-10-10 23:15:09,18.6,66.9,0.0,0.2,0.9,148.0,850.9,14.6,0,254,260
2025-10-10 23:30:13,18.5,70.0,0.0,0.5,1.5,148.0,850.8,14.9,0,253,260
2025-10-10 23:45:18,18.4,71.8,0.0,0.2,0.7,148.0,850.8,15.0,0,254,260
2025-10-11 00:00:23,18.2,73.3,0.0,0.5,1.3,148.0,850.7,15.1,0,253,260
2025-10-11 00:15:28,18.1,74.6,0.0,0.6,1.3,148.0,850.7,15.1,0,253,261
2025-10-11 00:30:33,18.2,75.5,0.0,0.0,0.2,148.0,850.5,15.3,0,255,261
2025-10-11 00:45:38,18.3,76.2,0.0,0.7,1.3,148.0,850.4,15.4,0,254,259
2025-10-11 01:00:42,18.2,76.7,0.0,0.1,0.2,130.0,850.4,15.4,0,254,259
2025-10-11 01:15:47,18.1,77.5,0.0,0.9,2.2,116.0,850.2,15.5,0,254,260
2025-10-11 01:30:52,18.0,78.4,0.0,0.1,0.7,116.0,850.0,15.4,0,253,260
2025-10-11 01:46:14,17.6,79.3,0.0,0.1,0.2,116.0,850.0,15.2,0,253,260
2025-10-11 02:01:19,17.4,80.1,0.0,0.0,0.0,116.0,849.9,15.0,0,254,260
2025-10-11 02:16:23,17.1,80.8,0.0,0.3,1.1,116.0,849.8,14.8,0,254,260
2025-10-11 02:31:28,16.9,81.8,0.0,0.0,0.2,116.0,849.8,14.7,0,253,260
2025-10-11 02:46:32,16.7,82.9,0.0,0.0,0.0,116.0,849.8,14.7,0,254,261
2025-10-11 03:00:37,16.4,84.2,0.0,0.0,0.0,116.0,849.8,14.6,0,255,260
2025-10-11 03:15:41,16.3,85.1,0.0,0.1,0.2,116.0,850.0,14.5,0,254,259
2025-10-11 03:30:46,16.5,85.0,0.0,0.0,0.0,116.0,849.9,14.7,0,254,261
2025-10-11 03:45:51,16.7,84.1,0.0,0.0,0.2,116.0,849.8,14.9,0,255,260
2025-10-11 04:00:55,16.9,83.4,0.0,0.0,0.2,116.0,849.8,14.9,0,254,261
2025-10-11 04:16:19,16.9,83.5,0.0,0.0,0.2,116.0,849.8,14.9,0,253,262
2025-10-11 04:31:24,16.7,84.3,0.0,0.0,0.0,116.0,849.8,14.9,0,253,262
2025-10-11 04:46:29,16.3,85.9,0.0,0.0,0.0,116.0,849.9,14.7,0,254,261
2025-10-11 05:01:33,15.8,86.8,0.0,0.0,0.0,116.0,849.9,14.3,0,253,261
2025-10-11 05:16:38,15.5,88.4,0.0,0.0,0.0,116.0,850.2,14.1,0,254,260
2025-10-11 05:31:42,15.3,89.8,0.0,0.0,0.0,116.0,850.3,14.2,0,254,260
2025-10-11 05:46:47,15.3,90.6,0.0,0.0,0.0,116.0,850.3,14.2,0,255,260
2025-10-11 06:01:52,15.1,90.6,0.0,0.0,0.2,116.0,850.5,14.0,0,258,260
2025-10-11 06:16:57,15.0,91.1,0.0,0.0,0.2,116.0,850.6,14.0,0,293,263
2025-10-11 06:32:02,15.1,91.8,0.0,0.4,0.9,116.0,850.8,14.2,0,436,277
2025-10-11 06:47:25,15.2,91.8,0.0,0.2,0.9,105.0,850.9,14.2,0,587,292
2025-10-11 07:02:29,15.4,91.9,0.0,0.0,0.2,105.0,851.1,14.4,0,984,323
2025-10-11 07:17:34,15.6,91.7,0.0,0.1,0.4,105.0,851.3,14.7,0,1004,330
2025-10-11 07:32:39,15.4,91.1,0.0,0.5,1.3,105.0,851.3,14.4,0,1335,358
2025-10-11 07:47:47,16.0,90.3,0.0,0.4,0.7,105.0,851.5,14.8,0,1461,376
2025-10-11 08:02:53,16.9,86.8,0.0,0.3,0.8,105.0,851.5,15.3,0,3059,508
2025-10-11 08:17:57,17.8,81.4,0.0,0.5,1.1,105.0,851.6,15.6,0,4246,601
2025-10-11 08:33:02,20.1,71.5,0.0,0.6,0.9,105.0,851.7,16.5,0,5145,694
2025-10-11 08:48:38,20.3,70.5,0.0,0.2,0.7,105.0,851.7,16.7,0,5475,734
2025-10-11 09:04:35,19.3,71.2,0.0,0.7,1.3,105.0,851.7,15.8,0,5981,770
2025-10-11 09:19:40,19.4,67.3,0.0,1.3,2.0,105.0,851.7,15.3,0,1541,398
2025-10-11 09:34:45,21.7,64.3,0.0,0.0,0.2,105.0,851.7,17.2,0,6567,841
2025-10-11 09:49:52,22.6,52.4,0.0,0.7,0.9,105.0,851.5,16.3,0,6596,850
2025-10-11 10:04:56,21.8,52.8,0.0,0.9,2.0,105.0,851.6,15.6,0,6950,883
2025-10-11 10:20:01,22.9,48.3,0.0,0.9,2.4,188.0,851.6,15.9,0,7257,914
2025-10-11 10:35:37,24.0,45.6,0.0,1.1,2.4,189.0,851.3,16.5,0,7496,938
2025-10-11 10:50:42,23.7,45.8,0.0,0.5,1.1,191.0,851.2,16.2,0,7881,975
2025-10-11 11:05:47,23.7,45.8,0.0,0.9,1.5,191.0,851.0,16.2,0,8044,989
2025-10-11 11:20:52,24.2,43.5,0.0,0.5,1.1,256.0,850.8,16.3,0,8285,1011
2025-10-11 11:35:56,24.4,45.2,0.0,0.6,1.3,179.0,850.5,16.7,0,8492,1033
2025-10-11 11:51:01,25.5,40.7,0.0,1.0,2.0,198.0,850.1,16.9,0,8566,1042
2025-10-11 12:06:05,26.3,41.9,0.0,0.4,1.5,144.0,849.7,17.8,0,8743,1060
2025-10-11 12:21:37,26.6,37.0,0.0,1.2,1.7,195.0,849.3,17.1,0,8831,1064
2025-10-11 12:36:41,27.2,35.5,0.0,0.3,0.9,159.0,849.1,17.4,0,9031,1087
2025-10-11 12:51:46,26.2,38.0,0.0,1.1,2.8,283.0,848.7,17.0,0,9039,1082
2025-10-11 13:06:50,27.2,34.5,0.0,1.4,2.8,162.0,848.6,17.2,0,8621,1044
2025-10-11 13:21:55,27.3,35.5,0.0,0.5,1.7,94.0,848.2,17.4,0,2086,456
2025-10-11 13:36:59,28.2,33.9,0.0,0.9,2.2,118.0,847.8,17.8,0,8607,1039
2025-10-11 13:52:04,28.9,33.2,0.0,0.5,1.3,164.0,847.6,18.2,0,3214,559
2025-10-11 14:07:09,28.9,31.3,0.0,0.9,2.6,112.0,847.4,17.8,0,8344,1012
2025-10-11 14:22:13,28.2,31.8,0.0,1.0,2.6,184.0,847.2,17.4,0,7638,947
2025-10-11 14:37:37,29.4,31.6,0.0,1.0,2.6,82.0,847.0,18.3,0,7271,913
2025-10-11 14:52:42,27.1,34.0,0.0,0.2,0.7,144.0,846.8,17.0,0,2563,491
2025-10-11 15:07:47,29.5,33.3,0.0,0.6,1.7,83.0,846.8,18.7,0,5845,780
2025-10-11 15:22:52,27.9,34.1,0.0,0.8,1.5,181.0,846.8,17.6,0,5383,733
2025-10-11 15:37:58,28.3,33.1,0.0,0.6,1.1,192.0,846.8,17.7,0,4826,688
2025-10-11 15:53:03,28.1,32.7,0.0,2.0,4.8,181.0,846.6,17.5,0,4336,640
2025-10-11 16:08:07,27.9,33.8,0.0,0.7,2.4,177.0,846.6,17.5,0,3751,585
2025-10-11 16:23:12,27.2,33.3,0.0,0.6,1.3,85.0,846.7,16.9,0,1096,353
2025-10-11 16:38:16,27.5,32.9,0.0,0.4,1.7,78.0,846.7,17.1,0,833,330
2025-10-11 16:53:42,27.0,33.5,0.0,0.3,1.1,210.0,846.7,16.8,0,1641,394
2025-10-11 17:08:47,26.3,33.6,0.0,1.9,3.5,102.0,846.7,16.3,0,629,309
2025-10-11 17:23:52,25.8,34.1,0.0,0.9,3.1,121.0,846.8,16.0,0,539,299
2025-10-11 17:38:57,25.3,34.9,0.0,0.4,1.1,117.0,846.7,15.8,0,455,288
2025-10-11 17:54:51,24.9,35.4,0.0,0.4,1.5,153.0,847.0,15.5,0,365,276
2025-10-11 18:10:16,24.4,35.7,0.0,0.4,1.4,123.0,847.1,15.2,0,310,269
2025-10-11 18:25:20,23.9,37.1,0.0,0.6,1.7,124.0,847.2,15.0,0,272,263
2025-10-11 18:40:21,23.4,38.0,0.0,0.2,0.9,119.0,847.3,14.8,0,253,261
2025-10-11 18:55:25,23.0,38.8,0.0,0.1,0.4,119.0,847.4,14.6,0,254,261
2025-10-11 19:10:30,22.6,39.9,0.0,0.7,2.0,108.0,847.4,14.5,0,253,260
2025-10-11 19:25:35,22.3,41.3,0.0,0.3,1.3,109.0,847.4,14.4,0,255,260
2025-10-11 19:40:39,21.9,43.2,0.0,0.1,0.4,118.0,847.5,14.4,0,254,260
2025-10-11 19:55:44,21.5,43.9,0.0,0.0,0.2,118.0,847.6,14.2,0,253,259
2025-10-11 20:10:48,21.3,44.7,0.0,0.0,0.2,129.0,847.9,14.1,0,253,261
2025-10-11 20:25:53,21.0,46.2,0.0,0.3,1.1,129.0,848.1,14.0,0,254,260
2025-10-11 20:40:58,20.9,46.8,0.0,0.3,0.7,129.0,848.3,14.0,0,254,261
2025-10-11 20:56:21,20.7,48.1,0.0,0.1,0.4,109.0,848.4,14.0,0,254,261
2025-10-11 21:11:26,20.5,50.1,0.0,0.4,1.1,149.0,848.6,14.1,0,252,260
2025-10-11 21:26:31,20.1,52.3,0.0,0.2,0.4,149.0,848.7,14.1,0,254,260
2025-10-11 21:41:35,19.8,54.0,0.0,0.1,0.4,149.0,848.9,14.1,0,253,259
2025-10-11 21:56:40,19.4,56.0,0.0,0.0,0.2,149.0,849.1,13.9,0,253,259
2025-10-11 22:11:45,19.0,57.4,0.0,0.4,1.1,149.0,849.2,13.8,0,253,259
2025-10-11 22:26:50,18.9,58.1,0.0,0.6,1.3,149.0,849.4,13.8,0,253,261
2025-10-11 22:41:55,18.7,59.3,0.0,0.0,0.2,149.0,849.5,13.8,0,254,260
2025-10-11 22:57:00,18.0,60.6,0.0,0.2,0.7,149.0,849.5,13.3,0,254,260
2025-10-11 23:12:04,17.4,62.8,0.0,0.1,0.7,149.0,849.5,13.0,0,252,260
2025-10-11 23:27:26,17.2,64.0,0.0,0.3,0.4,149.0,849.4,13.0,0,254,262
2025-10-11 23:42:31,16.8,65.7,0.0,0.0,0.0,149.0,849.1,12.8,0,254,261
2025-10-11 23:57:36,16.3,68.3,0.0,0.0,0.2,149.0,848.9,12.6,0,253,262
2025-10-12 00:12:48,16.2,69.6,0.0,0.1,0.2,149.0,848.8,12.7,0,254,260
2025-10-12 00:27:53,16.1,70.7,0.0,0.1,0.2,149.0,848.9,12.7,0,253,260
2025-10-12 00:42:58,15.9,71.3,0.0,0.0,0.0,149.0,848.8,12.6,0,254,260
2025-10-12 00:58:03,16.0,71.2,0.0,0.0,0.0,149.0,848.6,12.7,0,254,262
2025-10-12 01:13:08,16.0,71.1,0.0,0.0,0.0,149.0,848.6,12.7,0,254,260
2025-10-12 01:28:31,16.4,71.4,0.0,0.3,1.4,149.0,848.5,13.1,0,253,260
2025-10-12 01:43:36,16.3,72.5,0.0,0.0,0.2,149.0,848.4,13.2,0,253,261
2025-10-12 01:58:40,16.1,74.0,0.0,0.0,0.0,149.0,848.3,13.1,0,254,259
2025-10-12 02:13:45,16.0,74.8,0.0,0.0,0.2,149.0,848.2,13.1,0,253,260
2025-10-12 02:28:49,15.6,76.3,0.0,0.0,0.2,149.0,848.3,12.9,0,253,261
2025-10-12 02:43:54,15.2,77.6,0.0,0.0,0.0,149.0,848.2,12.6,0,253,261
2025-10-12 02:58:58,14.8,78.5,0.0,0.0,0.2,149.0,848.1,12.3,0,253,259
2025-10-12 03:00:59,14.7,78.6,0.0,0.0,0.0,149.0,848.1,12.3,0,253,261
2025-10-12 03:16:03,14.4,80.4,0.0,0.0,0.2,149.0,848.2,12.2,0,253,260
2025-10-12 03:31:08,14.1,81.2,0.0,0.0,0.2,149.0,848.2,12.0,0,252,260
2025-10-12 03:46:12,14.0,82.1,0.0,0.0,0.0,149.0,848.2,12.0,0,253,261
2025-10-12 04:01:37,14.0,82.6,0.0,0.0,0.0,149.0,848.2,12.0,0,254,260
2025-10-12 04:16:41,13.8,82.4,0.0,0.3,0.7,149.0,848.4,11.9,0,253,260
2025-10-12 04:31:46,13.4,82.4,0.0,0.0,0.0,149.0,848.5,11.5,0,253,261
2025-10-12 04:46:51,13.1,84.7,0.0,0.0,0.0,149.0,848.7,11.4,0,252,260
2025-10-12 05:01:55,12.9,86.2,0.0,0.0,0.0,149.0,848.8,11.4,0,253,260
2025-10-12 05:17:00,13.1,86.7,0.0,0.0,0.0,149.0,848.9,11.6,0,254,261
2025-10-12 05:32:04,13.0,86.8,0.0,0.0,0.0,149.0,849.1,11.5,0,252,259
2025-10-12 05:47:09,12.8,87.0,0.0,0.0,0.0,149.0,849.2,11.3,0,253,260
2025-10-12 06:02:14,12.6,87.6,0.0,0.0,0.0,149.0,849.4,11.3,0,259,260
2025-10-12 06:17:18,12.6,88.2,0.0,0.0,0.0,184.0,849.5,11.3,0,299,264
2025-10-12 06:32:43,12.6,87.9,0.0,0.0,0.0,184.0,849.7,11.3,0,390,276
2025-10-12 06:47:47,12.8,87.8,0.0,0.1,0.2,185.0,850.1,11.4,0,531,291
2025-10-12 07:02:52,13.3,86.5,0.0,0.1,0.2,186.0,850.1,11.8,0,951,322
2025-10-12 07:17:57,15.3,82.4,0.0,0.1,0.2,185.0,850.2,13.3,0,1381,361
2025-10-12 07:33:01,16.9,76.9,0.0,0.2,0.4,185.0,850.3,14.2,0,1842,403
2025-10-12 07:48:06,18.2,72.9,0.0,0.1,0.4,185.0,850.5,14.9,0,2348,451
2025-10-12 08:03:11,19.6,66.9,0.0,0.7,1.1,185.0,850.6,15.5,0,3270,528
2025-10-12 08:18:16,19.8,66.4,0.0,0.4,0.9,185.0,850.7,15.6,0,3949,592
2025-10-12 08:33:21,21.3,61.6,0.0,0.3,0.7,185.0,850.6,16.4,0,3966,602
2025-10-12 08:48:27,21.6,57.3,0.0,0.8,1.7,185.0,850.8,16.1,0,1039,357
2025-10-12 09:03:49,20.7,62.9,0.0,0.3,0.4,185.0,850.8,16.0,0,5279,719
2025-10-12 09:18:54,19.9,65.6,0.0,0.5,1.1,185.0,850.8,15.6,0,6102,797
2025-10-12 09:33:59,23.0,54.8,0.0,0.7,1.7,185.0,850.7,16.9,0,6334,823
2025-10-12 09:49:04,22.4,55.8,0.0,1.2,1.5,185.0,850.7,16.5,0,3560,577
2025-10-12 10:04:08,23.5,52.7,0.0,0.7,2.0,176.0,850.4,17.1,0,7109,898
2025-10-12 10:20:06,22.8,51.9,0.0,1.0,1.5,176.0,850.2,16.4,0,7258,913
2025-10-12 10:35:11,23.9,50.9,0.0,0.3,0.7,158.0,850.2,17.2,0,7744,962
2025-10-12 10:50:15,23.1,48.2,0.0,0.9,1.5,158.0,850.1,16.1,0,8541,1024
2025-10-12 11:05:57,24.8,47.1,0.0,0.9,1.5,158.0,849.9,17.4,0,3302,571
2025-10-12 11:21:02,24.2,46.8,0.0,0.2,0.9,156.0,849.7,16.8,0,8558,1035
2025-10-12 11:36:07,25.4,44.5,0.0,0.5,1.1,153.0,849.4,17.4,0,9057,1085
2025-10-12 11:51:12,25.5,44.0,0.0,1.4,2.4,62.0,849.2,17.5,0,2971,540
2025-10-12 12:06:17,25.2,44.7,0.0,0.7,1.3,120.0,849.0,17.3,0,9088,1089
2025-10-12 12:21:22,26.3,41.9,0.0,1.8,2.6,90.0,848.7,17.8,0,9442,1120
2025-10-12 12:36:26,26.6,42.2,0.0,0.5,0.9,104.0,848.5,18.1,0,8865,1070
2025-10-12 12:51:32,26.4,40.2,0.0,0.7,1.3,120.0,848.3,17.6,0,4494,684
2025-10-12 13:06:36,26.7,39.8,0.0,0.5,1.6,161.0,848.1,17.7,0,9420,1118
2025-10-12 13:21:58,26.5,39.0,0.0,0.6,0.9,129.0,847.8,17.4,0,8696,1048
2025-10-12 13:37:05,27.4,38.2,0.0,0.2,0.9,176.0,847.6,18.0,0,8441,1031
2025-10-12 13:52:10,27.7,36.1,0.0,0.6,1.3,123.0,847.5,17.9,0,7838,976
2025-10-12 14:07:14,28.4,35.1,0.0,1.5,2.6,63.0,847.2,18.2,0,7562,950
2025-10-12 14:22:19,28.2,35.6,0.0,0.9,2.8,116.0,847.1,18.1,0,7229,918
2025-10-12 14:38:08,29.5,33.4,0.0,0.3,0.9,64.0,846.9,18.7,0,6692,865
2025-10-12 14:53:13,28.3,34.3,0.0,2.0,3.1,81.0,846.8,18.0,0,6335,832
2025-10-12 15:08:17,28.6,33.8,0.0,0.9,2.0,91.0,846.4,18.1,0,5722,773
2025-10-12 15:23:22,28.9,33.1,0.0,0.7,1.3,85.0,846.5,18.2,0,5431,746
2025-10-12 15:38:27,28.9,33.5,0.0,1.2,3.1,81.0,846.4,18.3,0,5133,714
2025-10-12 15:53:32,29.0,33.7,0.0,0.7,2.4,183.0,846.4,18.4,0,4415,649
2025-10-12 16:08:36,28.7,34.2,0.0,0.5,1.3,89.0,846.4,18.2,0,3929,601
2025-10-12 16:23:41,28.8,34.7,0.0,0.4,1.1,125.0,846.5,18.4,0,3483,559
2025-10-12 16:39:06,28.2,35.3,0.0,1.2,3.9,86.0,846.6,18.1,0,2862,500
2025-10-12 16:54:33,26.6,36.5,0.0,1.0,2.4,117.0,846.4,17.1,0,763,322
2025-10-12 17:09:57,25.8,38.0,0.0,0.6,2.0,85.0,846.6,16.7,0,615,307
2025-10-12 17:25:02,25.1,38.1,0.0,0.6,2.0,143.0,846.7,16.1,0,640,306
2025-10-12 17:40:06,24.8,39.6,0.0,1.0,2.0,114.0,846.7,16.1,0,462,289
2025-10-12 17:55:12,24.5,40.4,0.0,0.8,1.3,118.0,846.8,16.0,0,406,283
2025-10-12 18:10:16,24.1,42.2,0.0,0.3,1.1,97.0,847.1,16.0,0,331,271
2025-10-12 18:25:22,23.6,42.8,0.0,0.5,1.7,107.0,847.4,15.7,0,265,261
2025-10-12 18:41:08,23.2,44.0,0.0,0.4,1.2,104.0,847.6,15.6,0,254,260
2025-10-12 18:56:13,22.9,44.6,0.0,0.4,0.7,123.0,847.9,15.4,0,253,261
2025-10-12 19:11:18,22.6,45.4,0.0,0.1,0.4,125.0,848.1,15.3,0,253,261
2025-10-12 19:26:22,22.6,45.6,0.0,0.3,0.7,125.0,848.2,15.3,0,253,259
2025-10-12 19:41:27,22.5,45.7,0.0,0.3,1.1,125.0,848.4,15.2,0,254,262
2025-10-12 19:56:32,22.1,46.5,0.0,0.2,0.7,125.0,848.5,15.0,0,254,259
2025-10-12 20:11:37,21.8,47.0,0.0,0.3,0.9,125.0,848.6,14.8,0,254,260
2025-10-12 20:26:42,21.7,47.8,0.0,0.4,1.1,125.0,848.7,14.8,0,252,261
2025-10-12 20:42:06,21.5,48.1,0.0,0.2,0.7,125.0,848.8,14.7,0,254,259
2025-10-12 20:57:10,21.4,48.4,0.0,0.2,0.4,110.0,848.9,14.7,0,252,260
2025-10-12 21:12:15,21.4,49.2,0.0,0.4,1.3,124.0,849.2,14.8,0,254,261
2025-10-12 21:27:20,21.3,49.6,0.0,0.1,0.7,124.0,849.4,14.7,0,252,260
2025-10-12 21:42:24,21.2,50.1,0.0,0.1,0.7,111.0,849.6,14.7,0,253,260
2025-10-12 21:57:29,21.0,50.8,0.0,0.0,0.4,111.0,849.8,14.7,0,253,260
2025-10-12 22:13:16,20.5,52.2,0.0,0.6,1.3,75.0,849.8,14.4,0,253,259
2025-10-12 22:28:21,20.1,53.8,0.0,0.0,0.0,99.0,849.9,14.3,0,253,260
2025-10-12 22:43:26,19.5,55.5,0.0,0.1,0.2,70.0,849.9,14.0,0,254,260
2025-10-12 22:58:31,19.2,56.7,0.0,0.0,0.0,91.0,849.9,13.9,0,253,260
2025-10-12 23:13:36,19.1,57.5,0.0,0.0,0.0,91.0,849.7,13.8,0,254,260
2025-10-12 23:28:40,18.5,59.8,0.0,0.0,0.0,91.0,849.6,13.6,0,254,260
2025-10-12 23:43:45,18.0,61.9,0.0,0.0,0.0,91.0,849.6,13.4,0,253,260
2025-10-13 00:00:47,17.4,64.6,0.0,0.0,0.2,91.0,849.5,13.2,0,254,260
2025-10-13 00:16:09,17.0,65.1,0.0,0.1,0.2,91.0,849.5,12.9,0,253,261
2025-10-13 00:31:14,17.1,65.9,0.0,0.0,0.0,91.0,849.4,13.1,0,253,262
2025-10-13 00:46:19,17.0,68.0,0.0,0.2,0.8,111.0,849.2,13.3,0,253,261
2025-10-13 01:01:46,17.5,68.7,0.0,0.1,0.4,111.0,849.1,13.8,0,254,260
2025-10-13 01:16:50,17.4,70.0,0.0,0.4,1.1,120.0,848.9,13.8,0,253,260
2025-10-13 01:32:16,17.0,71.8,0.0,0.0,0.2,120.0,848.9,13.7,0,253,260
2025-10-13 01:47:20,16.6,72.7,0.0,0.0,0.2,120.0,849.0,13.4,0,253,259
2025-10-13 02:02:25,16.1,71.5,0.0,0.0,0.2,120.0,848.9,12.8,0,253,260
2025-10-13 02:17:30,15.6,74.0,0.0,0.0,0.0,120.0,848.9,12.6,0,254,259
2025-10-13 02:32:34,15.0,76.2,0.0,0.0,0.0,120.0,848.9,12.3,0,254,259
2025-10-13 02:47:39,14.7,78.5,0.0,0.0,0.0,120.0,848.8,12.3,0,254,260
2025-10-13 03:00:43,14.9,78.9,0.0,0.0,0.0,120.0,848.7,12.5,0,253,261
2025-10-13 03:15:48,14.8,81.2,0.0,0.0,0.2,120.0,848.6,12.7,0,253,262
2025-10-13 03:30:52,15.0,82.4,0.0,0.0,0.0,120.0,848.7,13.0,0,254,260
2025-10-13 03:45:57,14.8,82.1,0.0,0.0,0.2,120.0,848.8,12.7,0,254,260
2025-10-13 04:01:22,14.4,82.4,0.0,0.0,0.0,120.0,848.9,12.4,0,254,260
2025-10-13 04:16:26,13.9,85.1,0.0,0.0,0.2,120.0,849.0,12.2,0,254,261
2025-10-13 04:31:31,14.0,85.8,0.0,0.0,0.0,120.0,849.1,12.4,0,253,259
2025-10-13 04:46:36,14.4,86.7,0.0,0.1,0.2,120.0,849.2,12.9,0,253,261
2025-10-13 05:01:41,14.7,86.5,0.0,0.1,0.4,120.0,849.4,13.2,0,254,260
2025-10-13 05:16:45,14.9,86.5,0.0,0.1,0.4,120.0,849.6,13.4,0,254,261
2025-10-13 05:31:50,15.3,86.2,0.0,0.0,0.0,120.0,849.7,13.8,0,254,260
2025-10-13 05:46:55,15.7,85.1,0.0,0.1,0.4,120.0,849.9,14.0,0,254,260
2025-10-13 06:02:00,15.8,84.2,0.0,0.0,0.2,120.0,850.0,14.0,0,256,260
2025-10-13 06:17:05,15.9,83.8,0.0,0.1,0.4,120.0,850.2,14.0,0,277,263
2025-10-13 06:32:29,16.0,84.0,0.0,0.2,0.7,120.0,850.3,14.1,0,370,272
2025-10-13 06:47:34,16.1,83.5,0.0,0.2,0.7,120.0,850.6,14.1,0,449,281
2025-10-13 07:02:39,16.3,82.5,0.0,0.4,0.7,120.0,850.7,14.2,0,826,314
2025-10-13 07:17:44,16.7,80.3,0.0,0.2,0.4,120.0,850.8,14.4,0,725,316
2025-10-13 07:32:49,16.8,79.6,0.0,0.1,0.4,120.0,851.0,14.4,0,822,326
2025-10-13 07:47:54,18.2,74.6,0.0,0.5,0.9,120.0,851.2,15.2,0,1760,403
2025-10-13 08:02:59,18.7,72.4,0.0,0.0,0.2,178.0,851.3,15.4,0,3359,532
2025-10-13 08:18:04,19.6,68.0,0.0,0.2,0.7,178.0,851.3,15.6,0,1186,368
2025-10-13 08:33:09,20.0,67.1,0.0,0.1,0.4,178.0,851.5,16.0,0,3076,528
2025-10-13 08:48:35,21.0,64.3,0.0,0.0,0.0,146.0,851.5,16.5,0,1463,396
2025-10-13 09:03:40,22.8,58.1,0.0,0.4,1.5,146.0,851.4,17.3,0,5456,741
2025-10-13 09:18:46,23.8,54.9,0.0,0.0,0.4,146.0,851.4,17.7,0,6466,835
2025-10-13 09:33:50,22.5,56.5,0.0,1.2,2.2,147.0,851.3,16.8,0,7507,930
2025-10-13 09:48:56,22.5,56.2,0.0,0.6,1.1,147.0,851.3,16.7,0,8012,974
2025-10-13 10:04:00,24.4,51.9,0.0,0.7,1.3,90.0,851.2,17.8,0,8750,1039
2025-10-13 10:19:05,22.7,54.4,0.0,0.7,1.1,349.0,851.2,16.7,0,3749,601
2025-10-13 10:34:10,24.0,52.2,0.0,0.9,1.7,62.0,851.1,17.5,0,4171,633
2025-10-13 10:49:15,23.2,54.2,0.0,0.4,0.9,245.0,850.8,17.1,0,4510,668
2025-10-13 11:04:39,24.3,50.2,0.0,1.3,1.7,63.0,850.8,17.4,0,2867,506
2025-10-13 11:19:43,24.1,51.2,0.0,0.0,0.2,122.0,850.7,17.4,0,2921,510
2025-10-13 11:34:48,24.5,49.9,0.0,0.3,0.9,11.0,850.4,17.6,0,2696,490
2025-10-13 11:49:53,24.1,50.3,0.0,0.5,2.0,213.0,850.1,17.3,0,2975,516
2025-10-13 12:04:57,24.4,49.4,0.0,1.9,2.8,85.0,849.9,17.4,0,3574,575
2025-10-13 12:20:02,24.5,50.3,0.0,0.1,0.4,50.0,849.6,17.6,0,3196,538
2025-10-13 12:35:07,24.9,48.5,0.0,0.3,0.7,91.0,849.3,17.7,0,2939,511
2025-10-13 12:50:12,25.6,45.5,0.0,1.5,2.8,191.0,849.0,17.8,0,10588,1219
2025-10-13 13:05:16,25.6,46.5,0.0,0.4,1.3,125.0,848.7,17.9,0,9786,1137
2025-10-13 13:20:21,26.2,45.0,0.0,0.3,0.9,82.0,848.5,18.2,0,10274,1177
2025-10-13 13:35:45,26.4,43.9,0.0,0.4,1.3,189.0,848.1,18.2,0,2765,514
2025-10-13 13:50:50,26.9,42.7,0.0,0.7,1.5,110.0,848.0,18.4,0,1698,409
2025-10-13 14:05:54,27.2,42.2,0.0,0.8,1.7,78.0,847.9,18.6,0,7884,975
2025-10-13 14:20:59,28.6,38.9,0.0,0.5,1.3,92.0,847.6,19.1,0,2638,503
2025-10-13 14:36:04,28.1,38.5,0.0,0.5,1.1,314.0,847.4,18.6,0,7053,897
2025-10-13 14:51:08,28.4,38.6,0.0,0.4,1.1,114.0,847.2,18.9,0,4480,665
2025-10-13 15:06:13,29.2,36.3,0.0,0.9,3.1,110.0,847.0,19.1,0,6038,798
2025-10-13 15:21:18,27.2,40.5,0.0,0.3,0.7,111.0,846.9,18.3,0,5396,733
2025-10-13 15:36:50,28.1,37.4,0.0,0.5,1.1,92.0,846.8,18.4,0,4894,693
2025-10-13 15:52:15,28.9,35.6,0.0,0.6,1.5,197.0,846.7,18.7,0,4455,651
2025-10-13 16:07:20,30.2,33.2,0.0,0.5,0.9,27.0,846.6,19.2,0,3249,541
2025-10-13 16:22:25,29.8,33.3,0.0,1.1,1.7,100.0,846.6,19.0,0,3277,539
2025-10-13 16:37:29,29.0,35.4,0.0,0.9,1.7,141.0,846.7,18.8,0,882,335
2025-10-13 16:53:20,27.8,35.5,0.0,0.8,1.7,91.0,846.7,17.8,0,831,329
2025-10-13 17:08:23,26.6,37.8,0.0,0.4,1.5,130.0,846.8,17.3,0,659,310
2025-10-13 17:23:27,26.1,39.1,0.0,0.2,0.9,113.0,846.9,17.1,0,553,300
2025-10-13 17:38:33,25.7,39.1,0.0,0.4,1.7,150.0,847.0,16.8,0,467,289
2025-10-13 17:53:38,25.2,39.6,0.0,0.2,0.4,119.0,847.1,16.5,0,392,279
2025-10-13 18:08:43,24.7,41.4,0.0,0.3,0.9,127.0,847.3,16.4,0,333,271
2025-10-13 18:23:48,24.2,42.2,0.0,0.0,0.2,140.0,847.4,16.1,0,276,262
2025-10-13 18:39:24,23.8,43.3,0.0,0.4,0.9,140.0,847.5,15.9,0,253,260
2025-10-13 18:54:30,23.3,45.1,0.0,0.4,1.1,140.0,847.5,15.8,0,253,261
2025-10-13 19:09:35,23.0,45.9,0.0,0.3,1.1,139.0,847.7,15.7,0,254,260
2025-10-13 19:24:40,22.8,46.4,0.0,0.4,1.1,139.0,847.8,15.6,0,252,259
2025-10-13 19:40:26,22.5,47.3,0.0,0.2,0.4,136.0,848.0,15.4,0,254,260
2025-10-13 19:55:31,22.2,48.1,0.0,0.3,0.9,136.0,848.0,15.3,0,254,260
2025-10-13 20:11:27,21.8,49.2,0.0,0.2,0.7,137.0,848.3,15.1,0,253,259
2025-10-13 20:26:31,21.7,49.5,0.0,0.5,1.3,108.0,848.3,15.1,0,253,260
2025-10-13 20:42:29,21.5,50.5,0.0,0.0,0.2,87.0,848.6,15.0,0,253,260
2025-10-13 20:57:35,21.1,51.2,0.0,0.1,0.4,99.0,848.7,14.8,0,254,261
2025-10-13 21:12:39,20.9,52.0,0.0,0.2,0.7,99.0,848.8,14.7,0,253,260
2025-10-13 21:27:45,20.3,54.0,0.0,0.0,0.2,99.0,849.0,14.5,0,254,259
2025-10-13 21:42:49,20.1,54.7,0.0,0.2,0.9,99.0,849.4,14.4,0,254,260
2025-10-13 21:57:54,20.0,55.5,0.0,0.1,0.4,99.0,849.5,14.4,0,254,260
2025-10-13 22:12:59,19.6,56.9,0.0,0.1,0.4,99.0,849.5,14.3,0,253,261
2025-10-13 22:28:04,19.2,58.2,0.0,0.1,0.4,99.0,849.6,14.1,0,254,261
2025-10-13 22:43:29,19.3,58.3,0.0,0.1,0.4,98.0,849.6,14.2,0,253,260
2025-10-13 22:58:34,19.0,59.6,0.0,0.1,0.4,98.0,849.7,14.1,0,253,259
2025-10-13 23:13:40,18.6,61.0,0.0,0.2,0.4,98.0,849.8,13.9,0,254,259
2025-10-13 23:28:44,18.4,62.8,0.0,0.1,0.4,98.0,849.8,13.9,0,254,260
2025-10-13 23:43:49,18.3,63.6,0.0,0.0,0.0,98.0,849.8,13.9,0,253,261
2025-10-13 23:58:54,18.0,64.8,0.0,0.0,0.2,98.0,849.6,13.8,0,254,262
2025-10-14 00:13:59,17.8,66.3,0.0,0.0,0.2,98.0,849.6,13.8,0,252,260
2025-10-14 00:29:04,17.5,66.7,0.0,0.0,0.0,98.0,849.6,13.6,0,253,261
2025-10-14 00:44:43,17.4,67.6,0.0,0.1,0.2,98.0,849.5,13.6,0,253,259
2025-10-14 00:59:49,16.9,71.6,0.0,0.5,0.9,98.0,849.6,13.6,0,253,261
2025-10-14 01:14:54,17.3,73.4,0.0,0.1,0.4,98.0,849.5,14.1,0,254,259
2025-10-14 01:29:58,17.1,75.8,0.0,0.0,0.2,98.0,849.4,14.3,0,254,260
2025-10-14 01:45:03,16.7,76.1,0.0,0.0,0.0,98.0,849.3,13.9,0,253,261
2025-10-14 02:00:08,16.5,75.6,0.0,0.0,0.0,98.0,849.4,13.7,0,254,261
2025-10-14 02:15:12,16.4,75.9,0.0,0.0,0.0,98.0,849.3,13.6,0,252,260
2025-10-14 02:30:17,16.0,77.5,0.0,0.0,0.0,98.0,849.3,13.4,0,253,261
2025-10-14 02:45:40,15.5,79.9,0.0,0.0,0.0,98.0,849.2,13.2,0,252,260
2025-10-14 03:00:45,15.3,81.9,0.0,0.0,0.0,98.0,849.4,13.2,0,253,260
2025-10-14 03:15:49,15.1,84.3,0.0,0.0,0.0,98.0,849.5,13.3,0,253,260
2025-10-14 03:30:54,15.2,85.6,0.0,0.0,0.0,98.0,849.5,13.6,0,253,260
2025-10-14 03:45:59,15.4,84.8,0.0,0.0,0.0,98.0,849.5,13.7,0,254,260
2025-10-14 04:01:03,15.6,85.4,0.0,0.0,0.0,98.0,849.6,13.9,0,254,260
2025-10-14 04:16:08,15.6,86.0,0.0,0.1,0.2,98.0,849.7,14.0,0,253,260
2025-10-14 04:31:13,15.9,86.1,0.0,0.0,0.2,98.0,849.9,14.2,0,253,262
2025-10-14 04:46:17,16.0,85.6,0.0,0.2,0.4,98.0,849.9,14.3,0,253,260
2025-10-14 05:01:42,16.1,86.1,0.0,0.0,0.0,98.0,850.1,14.5,0,252,260
2025-10-14 05:16:46,16.3,85.2,0.0,0.0,0.0,98.0,850.1,14.6,0,252,261
2025-10-14 05:31:51,16.0,85.9,0.0,0.1,0.4,98.0,850.3,14.4,0,253,261
2025-10-14 05:46:56,16.1,86.0,0.0,0.4,0.9,98.0,850.6,14.5,0,254,261
2025-10-14 06:02:00,16.2,85.8,0.0,0.0,0.0,98.0,850.6,14.5,0,255,262
2025-10-14 06:17:05,16.2,85.0,0.0,0.6,1.1,98.0,850.7,14.5,0,275,262
2025-10-14 06:32:10,16.1,83.7,0.0,0.6,1.5,188.0,850.9,14.2,0,355,270
2025-10-14 06:48:04,16.1,82.7,0.0,11.6,,188.0,851.3,14.1,0,462,280
2025-10-14 07:03:09,16.3,82.1,0.0,0.9,1.5,188.0,851.4,14.2,0,681,300
2025-10-14 07:18:49,16.7,80.6,0.0,0.1,0.4,188.0,851.6,14.4,0,923,322
2025-10-14 07:33:54,17.1,78.8,0.0,0.8,1.3,188.0,851.7,14.6,0,1159,344
2025-10-14 07:48:59,17.5,77.3,0.0,0.3,0.9,188.0,851.9,14.8,0,1486,375
2025-10-14 08:04:03,17.9,75.7,0.0,0.3,1.1,188.0,852.0,15.0,0,1591,388
2025-10-14 08:19:08,17.9,75.4,0.0,0.6,1.1,188.0,852.2,15.0,0,2112,434
2025-10-14 08:34:55,18.5,73.2,0.0,0.6,1.3,188.0,852.3,15.2,0,2563,474
2025-10-14 08:50:00,18.9,71.8,0.0,0.3,0.4,103.0,852.3,15.5,0,3161,531
2025-10-14 09:05:05,20.0,69.3,0.0,0.4,0.9,130.0,852.3,16.2,0,2989,516
2025-10-14 09:20:54,21.2,62.5,0.0,0.5,0.9,130.0,852.2,16.4,0,2055,437
2025-10-14 09:36:00,21.7,60.0,0.0,1.0,1.7,133.0,852.2,16.6,0,4489,660
2025-10-14 09:51:05,20.7,61.4,0.0,0.4,0.7,149.0,852.2,15.8,0,2971,522
2025-10-14 10:06:10,21.5,58.1,0.0,0.2,0.9,149.0,852.1,16.1,0,3307,558
2025-10-14 10:21:15,22.9,52.5,0.0,0.2,0.7,149.0,851.8,16.5,0,8642,1025
2025-10-14 10:36:20,25.9,46.3,0.0,0.1,0.4,20.0,851.6,18.1,0,4161,646
2025-10-14 10:51:25,26.9,43.4,0.0,0.4,1.3,77.0,851.6,18.6,0,8645,1031
2025-10-14 11:06:30,24.8,46.4,0.0,0.6,1.7,105.0,851.3,17.3,0,3274,554
2025-10-14 11:21:55,23.4,48.8,0.0,0.8,1.5,131.0,851.1,16.4,0,2623,489
2025-10-14 11:37:01,24.5,47.6,0.0,1.1,2.4,77.0,850.9,17.2,0,2456,477
2025-10-14 11:52:05,23.8,48.9,0.0,1.2,2.0,163.0,850.7,16.8,0,9508,1108
2025-10-14 12:08:04,24.9,46.9,0.0,0.2,0.4,225.0,850.4,17.4,0,9011,1071
2025-10-14 12:23:10,25.2,44.7,0.0,0.8,2.0,66.0,850.1,17.4,0,1454,388
2025-10-14 12:38:14,25.6,45.6,0.0,1.0,1.5,87.0,849.8,17.8,0,9839,1129
2025-10-14 12:53:19,26.9,40.5,0.0,0.9,2.8,195.0,849.4,18.0,0,9236,1092
2025-10-14 13:08:23,27.6,37.8,0.0,1.7,3.7,92.0,849.1,18.1,0,8910,1067
2025-10-14 13:23:28,27.6,39.5,0.0,1.7,3.1,89.0,848.8,18.4,0,9375,1094
2025-10-14 13:38:33,27.9,38.5,0.0,0.8,1.5,115.0,848.5,18.5,0,8634,1032
2025-10-14 13:53:38,28.5,36.0,0.0,0.6,1.3,145.0,848.4,18.4,0,7941,976
2025-10-14 14:09:01,27.9,38.6,0.0,0.0,0.2,72.0,848.0,18.5,0,1825,421
2025-10-14 14:24:06,28.6,36.5,0.0,0.9,2.2,77.0,847.8,18.6,0,7023,888
2025-10-14 14:40:01,28.7,34.6,0.0,1.4,1.7,193.0,847.7,18.4,0,6979,880
2025-10-14 14:55:27,28.6,34.0,0.0,1.7,3.9,194.0,847.5,18.2,0,6205,816
2025-10-14 15:10:31,29.2,33.5,0.0,0.5,0.9,291.0,847.3,18.5,0,5818,773
2025-10-14 15:25:32,29.3,33.8,0.0,0.6,1.5,146.0,847.2,18.6,0,5132,713
2025-10-14 15:41:30,29.1,33.1,0.0,1.3,2.0,89.0,847.0,18.3,0,4662,668
2025-10-14 15:56:35,28.6,34.8,0.0,0.4,1.5,91.0,846.9,18.3,0,4025,609
2025-10-14 16:11:39,29.7,32.7,0.0,0.6,1.1,185.0,846.9,18.7,0,3421,549
2025-10-14 16:26:44,29.5,32.0,0.0,0.1,0.4,218.0,846.8,18.4,0,3026,509
2025-10-14 16:41:49,28.0,35.7,0.0,0.9,2.7,76.0,846.8,18.0,0,1232,363
2025-10-14 16:56:54,26.6,37.2,0.0,0.1,0.7,121.0,846.8,17.2,0,673,313
2025-10-14 17:11:58,26.2,37.4,0.0,0.6,2.0,95.0,846.9,16.9,0,607,306
2025-10-14 17:27:03,25.9,38.4,0.0,0.7,2.8,91.0,846.9,16.8,0,536,297
2025-10-14 17:42:08,25.3,39.6,0.0,0.5,1.3,146.0,846.9,16.6,0,470,290
2025-10-14 17:57:31,24.9,41.3,0.0,0.6,1.3,95.0,847.0,16.5,0,421,282
2025-10-14 18:12:36,24.5,42.1,0.0,0.8,3.1,119.0,847.1,16.3,0,322,268
2025-10-14 18:27:40,24.0,43.2,0.0,0.3,0.7,58.0,847.3,16.1,0,263,262
2025-10-14 18:42:45,23.7,44.4,0.0,0.2,0.4,113.0,847.5,16.0,0,254,260
2025-10-14 18:57:50,23.2,45.5,0.0,0.3,1.1,113.0,847.6,15.8,0,254,262
2025-10-14 19:12:55,22.8,46.6,0.0,0.0,0.2,113.0,847.8,15.6,0,253,260
2025-10-14 19:28:01,22.4,47.8,0.0,0.0,0.2,113.0,848.0,15.4,0,254,261
2025-10-14 19:43:06,22.0,48.8,0.0,0.0,0.0,113.0,848.1,15.2,0,252,261
2025-10-14 19:58:10,21.6,50.2,0.0,0.0,0.2,113.0,848.1,15.1,0,254,260
2025-10-14 20:13:35,21.3,51.2,0.0,0.0,0.0,113.0,848.2,15.0,0,253,259
2025-10-14 20:28:40,21.1,52.3,0.0,0.0,0.0,113.0,848.3,14.9,0,254,259
2025-10-14 20:43:45,20.8,53.5,0.0,0.0,0.2,84.0,848.5,14.9,0,255,261
2025-10-14 20:58:50,20.4,55.1,0.0,0.0,0.0,84.0,848.7,14.7,0,254,261
2025-10-14 21:13:55,20.2,55.7,0.0,0.4,1.1,60.0,848.7,14.6,0,253,259
2025-10-14 21:29:00,20.1,56.1,0.0,0.0,0.0,82.0,848.8,14.6,0,254,260
2025-10-14 21:44:05,19.7,57.3,0.0,0.0,0.0,81.0,849.0,14.4,0,254,260
2025-10-14 21:59:11,19.6,58.5,0.0,0.0,0.0,74.0,849.1,14.5,0,253,260
2025-10-14 22:14:16,19.0,60.9,0.0,0.0,0.0,74.0,849.1,14.2,0,253,260
2025-10-14 22:29:40,18.5,63.7,0.0,0.0,0.0,74.0,849.3,14.1,0,254,262
2025-10-14 22:44:45,18.5,63.6,0.0,0.0,0.0,74.0,849.4,14.1,0,253,261
2025-10-14 22:59:50,18.3,65.4,0.0,0.0,0.0,74.0,849.4,14.1,0,253,259
2025-10-14 23:14:50,18.0,66.3,0.0,0.0,0.0,74.0,849.4,13.9,0,253,260
2025-10-14 23:29:54,17.6,68.9,0.0,0.0,0.0,74.0,849.3,14.0,0,253,260
2025-10-14 23:44:59,17.3,70.1,0.0,0.0,0.2,74.0,849.2,13.8,0,253,261
2025-10-15 00:00:03,17.0,70.8,0.0,0.0,0.0,74.0,849.2,13.5,0,253,260
2025-10-15 00:15:08,16.5,72.2,0.0,0.0,0.0,74.0,849.0,13.3,0,253,261
2025-10-15 00:30:13,16.1,73.9,0.0,0.0,0.0,74.0,848.9,13.1,0,253,261
2025-10-15 00:45:17,15.7,75.2,0.0,0.0,0.0,74.0,848.9,12.9,0,253,261
2025-10-15 01:00:22,15.6,75.7,0.0,0.0,0.0,74.0,848.8,12.8,0,254,260
2025-10-15 01:15:46,15.4,76.6,0.0,0.0,0.0,74.0,848.8,12.8,0,253,260
2025-10-15 01:30:51,15.2,76.9,0.0,0.0,0.0,74.0,848.7,12.6,0,253,260
2025-10-15 01:45:56,15.8,75.2,0.0,0.0,0.0,74.0,848.6,13.0,0,254,261
2025-10-15 02:01:01,16.4,74.2,0.0,0.2,0.7,72.0,848.5,13.4,0,253,261
2025-10-15 02:16:54,16.9,72.9,0.0,0.0,0.2,73.0,848.5,13.8,0,253,258
2025-10-15 02:31:59,16.9,72.6,0.0,0.2,0.7,83.0,848.4,13.7,0,252,258
2025-10-15 02:47:04,16.5,74.5,0.0,0.0,0.2,82.0,848.2,13.6,0,254,259
2025-10-15 03:00:07,16.2,77.4,0.0,0.1,0.2,82.0,848.4,13.6,0,254,259
2025-10-15 03:15:11,15.8,78.9,0.0,0.1,0.2,82.0,848.4,13.3,0,253,259
2025-10-15 03:30:16,15.4,80.5,0.0,0.0,0.0,82.0,848.4,13.2,0,254,261
2025-10-15 03:45:20,15.2,82.9,0.0,0.0,0.0,82.0,848.4,13.3,0,252,260
2025-10-15 04:00:25,14.8,83.1,0.0,0.0,0.0,82.0,848.3,12.8,0,253,262
2025-10-15 04:15:30,14.3,84.1,0.0,0.0,0.0,82.0,848.4,12.5,0,253,262
2025-10-15 04:30:52,14.1,85.7,0.0,0.0,0.0,82.0,848.4,12.5,0,254,259
2025-10-15 04:45:57,14.1,86.2,0.0,0.0,0.0,82.0,848.7,12.6,0,254,261
2025-10-15 05:01:01,13.9,86.1,0.0,0.0,0.0,82.0,848.9,12.4,0,252,260
2025-10-15 05:16:07,13.6,86.7,0.0,0.0,0.0,82.0,849.0,12.2,0,254,260
2025-10-15 05:31:11,13.8,88.2,0.0,0.0,0.0,82.0,849.3,12.5,0,253,260
2025-10-15 05:46:16,14.4,86.8,0.0,0.2,0.4,82.0,849.4,12.9,0,254,259
2025-10-15 06:01:21,15.0,86.7,0.0,0.1,0.2,82.0,849.6,13.5,0,254,261
2025-10-15 06:16:26,15.2,85.9,0.0,0.0,0.2,190.0,849.9,13.6,0,264,262
2025-10-15 06:32:05,15.4,85.5,0.0,0.1,0.2,190.0,849.9,13.7,0,315,267
2025-10-15 06:47:11,15.6,84.7,0.0,0.1,0.2,190.0,850.1,13.8,0,435,278
2025-10-15 07:02:16,15.8,84.5,0.0,0.0,0.0,189.0,850.3,14.0,0,598,291
2025-10-15 07:17:20,16.2,84.1,0.0,0.0,0.0,189.0,850.6,14.4,0,832,310
2025-10-15 07:32:25,16.8,82.4,0.0,0.0,0.0,189.0,850.6,14.8,0,974,326
2025-10-15 07:47:30,17.2,81.4,0.0,0.2,0.4,190.0,850.9,15.0,0,899,320
2025-10-15 08:02:35,17.3,80.7,0.0,0.5,0.9,190.0,851.2,15.0,0,889,319
2025-10-15 08:17:40,17.5,80.1,0.0,0.1,0.2,190.0,851.2,15.2,0,1218,350
2025-10-15 08:33:03,18.0,78.9,0.0,0.0,0.0,189.0,851.3,15.5,0,1585,383
2025-10-15 08:48:05,19.0,73.7,0.0,0.0,0.2,117.0,851.4,15.8,0,2195,440
2025-10-15 09:03:09,19.6,72.6,0.0,0.0,0.2,213.0,851.5,16.2,0,1889,411
2025-10-15 09:18:14,19.5,71.1,0.0,0.3,0.7,213.0,851.3,15.9,0,5999,784
2025-10-15 09:33:19,22.9,57.5,0.0,0.6,1.3,13.0,851.2,17.3,0,6514,835
2025-10-15 09:48:23,24.3,52.9,0.0,0.2,0.7,15.0,851.0,17.8,0,7568,915
2025-10-15 10:03:28,23.0,55.4,0.0,0.4,0.9,358.0,850.9,17.0,0,6811,868
2025-10-15 10:18:32,22.7,55.0,0.0,0.7,1.3,215.0,851.0,16.7,0,7438,922
2025-10-15 10:33:37,22.6,56.9,0.0,0.8,2.0,234.0,850.7,16.9,0,8014,976
2025-10-15 10:48:42,23.6,53.3,0.0,1.5,3.3,184.0,850.7,17.3,0,7929,970
2025-10-15 11:03:47,24.0,52.4,0.0,0.5,1.1,144.0,850.3,17.5,0,2349,493
2025-10-15 11:19:09,24.4,51.5,0.0,0.1,0.7,126.0,850.0,17.7,0,2739,522
2025-10-15 11:34:14,24.5,49.9,0.0,1.7,3.3,128.0,849.7,17.5,0,9014,1067
2025-10-15 11:50:14,24.8,49.4,0.0,0.1,0.4,123.0,849.4,17.7,0,9032,1066
2025-10-15 12:05:25,26.0,47.1,0.0,0.2,0.9,204.0,849.0,18.4,0,9197,1089
2025-10-15 12:20:30,26.6,43.0,0.0,0.5,1.5,173.0,848.6,18.2,0,8874,1063
2025-10-15 12:35:35,27.5,39.6,0.0,0.6,1.3,173.0,848.3,18.4,0,9059,1086
2025-10-15 12:50:40,27.6,39.4,0.0,1.1,1.6,102.0,847.9,18.4,0,6658,870
2025-10-15 13:05:45,27.9,38.3,0.0,0.6,2.2,193.0,847.6,18.4,0,2079,456
2025-10-15 13:20:59,27.0,39.5,0.0,0.5,1.3,118.0,847.4,17.9,0,8390,1014
2025-10-15 13:36:24,27.9,35.2,0.0,0.3,0.4,120.0,847.0,17.8,0,8276,1013
2025-10-15 13:51:29,29.1,34.9,0.0,0.1,0.7,121.0,846.9,18.7,0,7997,982
2025-10-15 14:06:35,29.7,35.1,0.0,0.3,0.7,119.0,846.6,19.2,0,7479,933
2025-10-15 14:21:40,28.4,33.8,0.0,0.7,1.3,183.0,846.3,18.0,0,7339,920
2025-10-15 14:36:44,29.5,32.7,0.0,0.5,1.1,114.0,846.1,18.6,0,7420,929
2025-10-15 14:51:49,30.3,30.4,0.0,1.0,2.6,107.0,846.0,18.7,0,1204,371
2025-10-15 15:06:53,29.9,30.7,0.0,1.1,2.2,116.0,845.9,18.5,0,5949,789
2025-10-15 15:21:59,30.6,29.7,0.0,1.9,3.1,186.0,845.6,18.8,0,5802,772
2025-10-15 15:37:04,31.1,28.0,0.0,0.5,1.3,99.0,845.6,18.7,0,5259,725
2025-10-15 15:52:29,30.9,29.7,0.0,0.6,1.7,101.0,845.5,19.0,0,4498,650
2025-10-15 16:07:34,30.5,30.7,0.0,0.3,0.7,95.0,845.5,18.9,0,4003,606
2025-10-15 16:22:39,30.4,31.1,0.0,0.5,1.1,155.0,845.5,18.9,0,3555,558
2025-10-15 16:37:44,28.0,34.0,0.0,0.3,0.7,119.0,845.6,17.7,0,959,341
2025-10-15 16:52:49,27.5,33.3,0.0,0.5,1.1,109.0,845.7,17.2,0,667,314
2025-10-15 17:07:53,27.0,34.3,0.0,0.2,0.7,94.0,845.6,17.0,0,614,307
2025-10-15 17:22:58,27.0,34.4,0.0,0.0,0.0,109.0,845.7,16.9,0,588,304
2025-10-15 17:38:03,26.6,34.8,0.0,1.2,3.3,203.0,845.8,16.7,0,654,304
2025-10-15 17:53:08,26.5,38.1,0.0,0.3,0.9,112.0,845.9,17.3,0,485,281
2025-10-15 18:08:12,26.1,38.9,0.0,0.9,1.7,64.0,846.0,17.1,0,327,267
2025-10-15 18:23:41,25.7,40.1,0.0,0.3,1.1,94.0,846.2,16.9,0,266,261
2025-10-15 18:38:45,25.3,41.1,0.0,0.1,0.4,106.0,846.4,16.8,0,253,260
2025-10-15 18:53:50,24.9,43.0,0.0,0.2,0.9,123.0,846.6,16.8,0,254,261
2025-10-15 19:08:51,24.4,45.1,0.0,0.5,1.3,148.0,846.8,16.7,0,252,263
2025-10-15 19:23:56,23.8,47.2,0.0,0.3,0.7,119.0,847.0,16.6,0,253,262
2025-10-15 19:39:01,23.4,49.7,0.0,0.1,0.2,105.0,847.1,16.6,0,252,261
2025-10-15 19:54:06,23.0,51.5,0.0,0.5,2.6,138.0,847.4,16.5,0,253,261
2025-10-15 20:09:11,22.6,52.7,0.0,0.3,0.7,146.0,847.7,16.3,0,253,260
2025-10-15 20:24:52,22.4,52.9,0.0,0.4,1.4,103.0,848.0,16.2,0,253,261
2025-10-15 20:39:58,22.3,52.6,0.0,0.6,1.5,94.0,848.1,16.0,0,253,260
2025-10-15 20:55:03,22.1,53.2,0.0,0.0,0.2,131.0,848.1,15.9,0,254,261
2025-10-15 21:10:08,21.8,54.2,0.0,0.2,0.7,102.0,848.4,15.8,0,254,261
2025-10-15 21:25:12,21.4,55.1,0.0,0.1,0.2,102.0,848.7,15.6,0,253,262
2025-10-15 21:40:17,21.2,56.6,0.0,0.3,1.3,102.0,848.9,15.6,0,253,261
2025-10-15 21:55:42,20.9,57.5,0.0,0.0,0.0,81.0,849.0,15.5,0,253,260
2025-10-15 22:10:47,20.9,57.9,0.0,0.1,0.2,98.0,849.1,15.6,0,253,260
2025-10-15 22:25:53,21.1,58.1,0.0,0.0,0.2,102.0,849.1,15.7,0,253,261
2025-10-15 22:40:58,21.0,58.4,0.0,0.2,1.3,59.0,849.0,15.7,0,253,260
2025-10-15 22:56:03,20.6,59.9,0.0,0.1,0.4,91.0,849.0,15.5,0,252,260
2025-10-15 23:11:08,20.6,60.3,0.0,0.0,0.0,95.0,849.0,15.6,0,253,260
2025-10-15 23:26:13,20.5,60.7,0.0,0.2,0.4,95.0,849.0,15.6,0,254,261
2025-10-15 23:41:17,20.5,60.7,0.0,0.6,1.1,95.0,849.0,15.6,0,254,261
2025-10-15 23:56:22,20.2,61.8,0.0,0.0,0.0,95.0,849.0,15.4,0,254,261
2025-10-16 00:11:46,19.9,63.5,0.0,0.0,0.2,95.0,848.8,15.4,0,253,261
2025-10-16 00:26:51,19.4,65.0,0.0,0.0,0.0,95.0,848.5,15.1,0,254,261
2025-10-16 00:41:56,18.9,66.7,0.0,0.0,0.2,95.0,848.4,14.8,0,253,261
2025-10-16 00:57:01,18.5,68.1,0.0,0.1,0.4,76.0,848.6,14.7,0,253,261
2025-10-16 01:12:51,18.2,69.5,0.0,0.1,0.4,97.0,848.6,14.6,0,254,260
2025-10-16 01:27:56,18.0,73.7,0.0,0.2,0.7,97.0,848.5,14.9,0,253,259
2025-10-16 01:43:01,17.6,74.8,0.0,0.0,0.0,97.0,848.4,14.6,0,254,259
2025-10-16 01:58:05,17.3,76.3,0.0,0.0,0.0,97.0,848.3,14.5,0,252,262
2025-10-16 02:13:10,17.1,78.2,0.0,0.0,0.0,97.0,848.1,14.5,0,254,261
2025-10-16 02:28:15,17.0,78.3,0.0,0.0,0.2,97.0,848.1,14.4,0,254,260
2025-10-16 02:43:19,16.7,80.4,0.0,0.3,0.7,97.0,848.0,14.4,0,254,259
2025-10-16 02:58:25,16.6,82.1,0.0,0.0,0.0,97.0,847.8,14.5,0,254,260
2025-10-16 03:00:25,16.5,82.7,0.0,0.0,0.2,97.0,847.9,14.5,0,254,260
2025-10-16 03:15:30,16.3,85.0,0.0,0.0,0.2,97.0,847.9,14.6,0,253,262
2025-10-16 03:30:54,16.1,84.8,0.0,0.0,0.2,97.0,847.9,14.3,0,254,260
2025-10-16 03:45:59,15.8,85.2,0.0,0.0,0.0,97.0,847.9,14.1,0,254,260
2025-10-16 04:01:03,15.6,86.1,0.0,0.1,0.2,97.0,847.9,14.0,0,252,260
2025-10-16 04:16:08,15.4,86.3,0.0,0.0,0.0,97.0,848.0,13.8,0,254,261
2025-10-16 04:31:13,15.1,87.2,0.0,0.0,0.0,97.0,848.1,13.7,0,254,261
2025-10-16 04:46:17,15.3,87.5,0.0,0.0,0.0,97.0,848.4,13.8,0,253,261
2025-10-16 05:01:22,15.7,86.3,0.0,0.0,0.0,97.0,848.5,14.1,0,254,261
2025-10-16 05:16:27,15.9,85.9,0.0,0.1,0.2,97.0,848.8,14.3,0,253,261
2025-10-16 05:31:32,16.0,85.5,0.0,0.2,0.7,97.0,848.9,14.4,0,253,260
2025-10-16 05:46:37,16.2,86.1,0.0,0.0,0.0,97.0,848.9,14.6,0,254,260
2025-10-16 06:02:00,16.4,86.0,0.0,0.1,0.2,97.0,848.9,14.8,0,257,261
2025-10-16 06:17:05,16.6,86.2,0.0,0.0,0.2,268.0,849.0,15.0,0,270,262
2025-10-16 06:32:10,16.6,86.0,0.0,0.0,0.0,113.0,849.2,15.0,0,323,268
2025-10-16 06:47:14,16.7,86.0,0.0,0.0,0.0,71.0,849.4,15.0,0,371,272
2025-10-16 07:02:19,16.9,85.7,0.0,0.0,0.0,71.0,849.7,15.2,0,505,283
2025-10-16 07:17:24,17.2,83.9,0.0,0.2,0.7,77.0,849.8,15.3,0,653,297
2025-10-16 07:32:29,17.4,82.7,0.0,0.2,0.9,79.0,849.9,15.4,0,976,326
2025-10-16 07:47:33,17.6,81.5,0.0,0.2,1.1,85.0,850.0,15.4,0,1600,384
2025-10-16 08:02:38,18.3,79.0,0.0,0.2,0.7,85.0,850.2,15.7,0,1124,343
2025-10-16 08:17:43,18.0,79.8,0.0,0.1,0.6,86.0,850.4,15.5,0,713,302
2025-10-16 08:33:08,18.1,78.7,0.0,0.3,0.4,86.0,850.5,15.6,0,717,301
2025-10-16 08:48:13,18.4,77.9,0.0,0.1,0.4,86.0,850.5,15.7,0,1892,416
2025-10-16 09:03:18,19.6,74.3,0.0,0.0,0.0,86.0,850.6,16.4,0,4403,645
2025-10-16 09:18:22,21.1,65.7,0.0,0.1,0.4,82.0,850.5,16.8,0,1811,409
2025-10-16 09:33:27,20.5,68.1,0.0,0.0,0.2,84.0,850.5,16.5,0,2315,451
2025-10-16 09:48:32,21.8,62.5,0.0,0.9,1.5,129.0,850.3,17.0,0,5220,727
2025-10-16 10:03:37,22.6,60.4,0.0,0.3,0.9,210.0,850.2,17.4,0,3503,566
2025-10-16 10:18:42,23.6,55.0,0.0,1.2,2.2,91.0,850.0,17.5,0,2891,510
2025-10-16 10:34:09,23.0,57.0,0.0,0.2,0.9,92.0,849.9,17.3,0,2702,487
2025-10-16 10:49:14,23.6,56.0,0.0,0.2,0.7,85.0,849.5,17.7,0,9175,1065
2025-10-16 11:04:19,24.5,53.4,0.0,0.8,1.4,114.0,849.2,18.1,0,3413,580
2025-10-16 11:19:25,24.7,51.1,0.0,0.9,2.6,113.0,849.1,17.9,0,4182,640
2025-10-16 11:34:30,25.2,49.6,0.0,0.4,1.1,113.0,848.8,18.1,0,3359,561
2025-10-16 11:49:35,25.5,48.6,0.0,0.6,1.5,80.0,848.5,18.2,0,3161,546
2025-10-16 12:06:14,25.4,48.9,0.0,0.5,1.5,88.0,848.2,18.2,0,9690,1137
2025-10-16 12:22:54,26.6,46.8,0.0,1.2,2.2,65.0,848.0,18.9,0,10150,1178
2025-10-16 12:37:59,27.5,45.7,0.0,0.5,1.3,125.0,847.8,19.4,0,9753,1144
2025-10-16 12:53:04,26.5,45.9,0.0,0.5,1.1,114.0,847.5,18.6,0,2189,453
2025-10-16 13:08:09,26.1,47.2,0.0,0.7,1.4,114.0,847.2,18.5,0,6471,862
2025-10-16 13:24:03,27.9,43.4,0.0,1.3,2.8,197.0,846.9,19.4,0,8692,1053
2025-10-16 13:39:08,27.9,43.6,0.0,0.1,0.9,197.0,846.6,19.4,0,8764,1045
2025-10-16 13:54:13,27.2,42.9,0.0,1.0,1.7,32.0,846.3,18.7,0,8618,1040
2025-10-16 14:09:18,26.7,43.9,0.0,0.9,2.2,65.0,846.1,18.4,0,1974,437
2025-10-16 14:24:22,27.8,42.2,0.0,1.3,3.1,69.0,846.0,19.1,0,8142,992
2025-10-16 14:39:46,28.1,41.2,0.0,1.8,3.9,77.0,846.0,19.1,0,7730,955
2025-10-16 14:54:53,30.2,36.7,0.0,0.8,2.0,78.0,845.6,19.9,0,6458,839
2025-10-16 15:09:57,28.3,40.7,0.0,1.6,2.8,87.0,845.7,19.2,0,6205,806
2025-10-16 15:25:09,29.3,39.4,0.0,1.4,3.3,71.0,845.7,19.8,0,6089,796
2025-10-16 15:40:14,30.0,36.5,0.0,0.5,0.9,159.0,845.5,19.7,0,5394,736
2025-10-16 15:55:19,29.1,39.5,0.0,0.6,2.0,131.0,845.5,19.7,0,4586,658
2025-10-16 16:10:23,28.9,39.1,0.0,0.5,1.3,75.0,845.5,19.4,0,1184,362
2025-10-16 16:25:28,28.6,40.4,0.0,1.2,2.6,46.0,845.4,19.4,0,3149,527
2025-10-16 16:40:52,27.1,43.0,0.0,0.8,1.5,122.0,845.4,18.6,0,2741,481
2025-10-16 16:55:57,26.7,44.2,0.0,0.9,3.2,91.0,845.4,18.5,0,1336,369
2025-10-16 17:11:02,26.2,45.3,0.0,0.7,1.7,113.0,845.7,18.3,0,733,315
2025-10-16 17:26:07,25.4,46.6,0.0,0.8,2.6,80.0,845.8,17.8,0,609,303
2025-10-16 17:41:12,25.0,47.7,0.0,0.4,0.8,122.0,846.1,17.6,0,449,285
2025-10-16 17:56:17,24.6,48.3,0.0,0.9,2.6,118.0,846.2,17.4,0,357,272
2025-10-16 18:11:22,24.3,48.9,0.0,0.9,2.4,117.0,846.3,17.2,0,318,267
2025-10-16 18:26:27,23.8,50.0,0.0,0.5,2.0,136.0,846.5,17.0,0,258,262
2025-10-16 18:41:33,23.6,51.1,0.0,0.2,1.1,86.0,846.8,16.9,0,254,260
2025-10-16 18:56:57,23.5,51.2,0.0,0.0,0.2,150.0,847.2,16.9,0,253,260
2025-10-16 19:12:02,23.3,51.6,0.0,0.5,1.7,129.0,847.5,16.8,0,253,260
2025-10-16 19:27:06,23.0,52.3,0.0,0.4,1.5,159.0,847.8,16.7,0,252,259
2025-10-16 19:42:11,22.7,53.2,0.0,0.3,1.1,130.0,848.0,16.5,0,254,261
2025-10-16 19:57:17,22.5,53.9,0.0,0.4,0.9,126.0,848.1,16.4,0,254,259
2025-10-16 20:12:21,22.5,54.5,0.0,0.1,0.4,93.0,848.2,16.4,0,253,260
2025-10-16 20:27:27,22.2,54.6,0.0,0.1,0.4,120.0,848.4,16.3,0,253,259
2025-10-16 20:42:31,22.0,54.7,0.0,0.2,1.1,200.0,848.8,16.1,0,254,261
2025-10-16 20:57:37,21.9,55.1,0.0,0.4,1.1,98.0,849.0,16.0,0,253,259
2025-10-16 21:12:59,21.7,55.4,0.0,0.1,0.4,118.0,849.3,15.9,0,254,260
2025-10-16 21:28:04,21.5,56.0,0.0,0.4,1.3,117.0,849.3,15.8,0,253,261
2025-10-16 21:43:09,21.2,56.8,0.0,0.2,0.4,127.0,849.3,15.6,0,254,260
2025-10-16 21:59:04,20.9,57.6,0.0,0.1,0.4,127.0,849.6,15.5,0,255,260
2025-10-16 22:14:09,20.8,58.2,0.0,0.0,0.2,127.0,849.5,15.5,0,254,260
2025-10-16 22:29:14,20.7,58.4,0.0,0.4,1.4,127.0,849.5,15.4,0,252,259
2025-10-16 22:44:19,20.8,58.2,0.0,0.0,0.0,127.0,849.6,15.5,0,253,260
2025-10-16 22:59:24,20.8,58.7,0.0,0.0,0.0,127.0,849.6,15.6,0,253,261
2025-10-16 23:14:29,20.8,58.8,0.0,0.8,2.2,127.0,849.6,15.5,0,254,260
2025-10-16 23:29:34,20.8,58.9,0.0,0.0,0.0,127.0,849.5,15.6,0,253,261
2025-10-16 23:44:38,20.6,59.7,0.0,0.2,0.7,127.0,849.4,15.6,0,253,260
2025-10-16 23:59:43,20.5,60.2,0.0,0.3,1.1,122.0,849.2,15.5,0,255,262
2025-10-17 00:15:09,20.4,60.8,0.0,0.2,0.7,122.0,849.1,15.4,0,253,259
2025-10-17 00:30:14,20.0,62.1,0.0,0.0,0.0,122.0,849.2,15.3,0,253,261
2025-10-17 00:45:19,19.7,63.0,0.0,0.0,0.2,122.0,849.1,15.2,0,254,260
2025-10-17 01:00:23,19.6,63.5,0.0,0.7,1.1,122.0,849.1,15.1,0,253,261
2025-10-17 01:15:28,19.3,64.7,0.0,0.0,0.2,122.0,849.0,15.0,0,253,260
2025-10-17 01:30:33,18.9,66.4,0.0,0.0,0.0,122.0,848.8,14.8,0,254,261
2025-10-17 01:45:37,18.5,68.3,0.0,0.0,0.0,122.0,848.7,14.6,0,253,261
2025-10-17 02:00:42,18.2,69.2,0.0,0.0,0.2,122.0,848.6,14.5,0,254,262
2025-10-17 02:15:47,18.2,68.9,0.0,0.0,0.0,122.0,848.4,14.5,0,253,261
2025-10-17 02:30:51,17.9,70.3,0.0,0.0,0.0,122.0,848.5,14.3,0,254,259
2025-10-17 02:46:45,17.7,70.8,0.0,0.0,0.0,122.0,848.5,14.2,0,253,259
2025-10-17 03:00:50,17.8,71.0,0.0,0.1,0.4,122.0,848.7,14.3,0,253,260
2025-10-17 03:15:55,17.8,71.8,0.0,0.1,0.2,122.0,848.8,14.5,0,254,261
2025-10-17 03:31:17,17.6,75.3,0.0,0.3,1.1,117.0,848.9,14.7,0,253,260
2025-10-17 03:46:22,17.4,75.2,0.0,0.3,0.7,189.0,848.9,14.5,0,254,260
2025-10-17 04:01:26,17.3,76.8,0.0,0.3,0.7,189.0,848.9,14.6,0,253,259
2025-10-17 04:16:31,17.2,78.2,0.0,0.4,1.3,189.0,848.9,14.6,0,253,260
2025-10-17 04:31:36,17.2,79.5,0.0,0.1,0.6,189.0,849.0,14.7,0,253,260
2025-10-17 04:46:40,17.1,80.3,0.0,0.0,0.2,189.0,849.1,14.8,0,253,260
2025-10-17 05:01:45,17.2,80.7,0.0,0.4,1.3,189.0,849.2,14.9,0,253,260
2025-10-17 05:16:50,17.2,81.0,0.0,0.0,0.0,188.0,849.3,14.9,0,253,260
2025-10-17 05:31:55,17.0,81.7,0.0,0.0,0.0,188.0,849.4,14.8,0,254,259
2025-10-17 05:47:00,16.9,82.5,0.0,0.0,0.0,188.0,849.4,14.8,0,254,261
2025-10-17 06:02:24,16.8,83.4,0.0,0.1,0.4,189.0,849.7,14.9,0,258,261
2025-10-17 06:17:29,17.1,82.3,0.0,0.1,0.2,51.0,849.7,15.0,0,265,262
2025-10-17 06:32:34,17.1,81.5,0.0,0.2,0.4,51.0,849.8,14.9,0,277,263
2025-10-17 06:47:39,17.1,81.9,0.0,0.0,0.2,342.0,850.0,15.0,0,381,273
2025-10-17 07:02:43,17.3,81.9,0.0,0.0,0.2,338.0,850.2,15.1,0,507,285
2025-10-17 07:17:48,17.6,81.4,0.0,0.4,1.1,24.0,850.4,15.4,0,901,319
2025-10-17 07:32:53,18.0,79.9,0.0,0.2,0.7,24.0,850.6,15.6,0,937,323
2025-10-17 07:47:58,18.5,78.6,0.0,0.3,0.7,30.0,850.7,15.9,0,1382,366
2025-10-17 08:03:03,19.0,77.3,0.0,0.6,1.3,43.0,851.0,16.2,0,1408,368
2025-10-17 08:18:07,19.1,77.2,0.0,0.0,0.2,43.0,851.2,16.3,0,1638,388
2025-10-17 08:33:31,19.9,74.8,0.0,0.1,0.4,43.0,851.3,16.7,0,2068,431
2025-10-17 08:48:36,20.5,72.1,0.0,0.1,0.4,353.0,851.4,17.0,0,2255,448
2025-10-17 09:03:41,20.4,70.9,0.0,0.3,0.7,28.0,851.4,16.7,0,1674,394
2025-10-17 09:18:46,19.9,71.5,0.0,0.9,1.5,39.0,851.6,16.4,0,1018,331
2025-10-17 09:33:51,20.2,69.4,0.0,0.5,1.3,44.0,851.6,16.4,0,1632,388
2025-10-17 09:48:56,20.8,68.4,0.0,0.2,0.7,44.0,851.5,16.8,0,2313,451
2025-10-17 10:04:00,21.9,63.5,0.0,0.5,1.1,43.0,851.4,17.2,0,3508,566
2025-10-17 10:19:05,23.5,58.1,0.0,0.1,0.4,44.0,851.3,17.9,0,4533,663
2025-10-17 10:34:10,22.9,59.8,0.0,0.5,0.9,43.0,851.1,17.6,0,2705,489
2025-10-17 10:49:15,23.4,58.3,0.0,0.6,1.1,11.0,851.0,17.8,0,4670,679
2025-10-17 11:04:44,24.3,54.8,0.0,0.6,1.3,50.0,850.8,18.1,0,3782,600
2025-10-17 11:20:09,25.0,50.8,0.0,0.6,1.1,50.0,850.7,18.2,0,10771,1226
2025-10-17 11:35:13,25.3,49.6,0.0,0.6,1.3,52.0,850.6,18.2,0,3864,602
2025-10-17 11:50:30,25.5,48.4,0.0,0.9,1.7,45.0,850.5,18.2,0,3438,566
2025-10-17 12:05:35,25.7,47.1,0.0,1.2,1.7,49.0,850.2,18.1,0,4510,673
2025-10-17 12:20:39,25.9,48.1,0.0,1.0,1.5,149.0,850.0,18.5,0,4472,664
2025-10-17 12:36:23,26.6,46.4,0.0,0.9,1.5,149.0,849.7,18.8,0,7866,976
2025-10-17 12:51:28,25.6,48.9,0.0,0.3,1.5,149.0,849.4,18.3,0,4494,672
2025-10-17 13:06:33,26.2,46.4,0.0,0.7,1.3,149.0,849.0,18.4,0,5979,814
2025-10-17 13:21:38,27.7,43.8,0.0,0.8,1.6,145.0,848.6,19.3,0,8135,1006
2025-10-17 13:36:43,28.4,41.3,0.0,0.9,2.6,134.0,848.2,19.4,0,8523,1037
2025-10-17 13:51:48,28.6,41.3,0.0,0.5,1.1,140.0,847.9,19.5,0,8795,1053
2025-10-17 14:06:53,28.2,42.3,0.0,0.2,0.7,54.0,847.8,19.4,0,2385,473
2025-10-17 14:22:16,27.1,43.2,0.0,0.3,0.7,111.0,847.7,18.7,0,1882,423
2025-10-17 14:37:21,28.5,41.7,0.0,0.8,2.0,149.0,847.5,19.5,0,7071,893
2025-10-17 14:52:25,28.6,40.0,0.0,0.8,2.6,62.0,847.2,19.3,0,6688,837
2025-10-17 15:07:30,28.7,41.0,0.0,0.3,0.9,62.0,847.0,19.6,0,1414,378
2025-10-17 15:22:35,27.0,43.2,0.0,1.6,3.1,59.0,847.0,18.6,0,5411,723
2025-10-17 15:37:40,29.2,39.3,0.0,0.6,1.7,59.0,847.0,19.6,0,4924,693
2025-10-17 15:52:44,30.6,36.3,0.0,1.2,2.2,59.0,846.7,20.2,0,3032,530
2025-10-17 16:07:49,27.0,42.3,0.0,0.5,0.9,108.0,846.9,18.4,0,1458,377
2025-10-17 16:22:54,26.3,42.7,0.0,0.4,1.5,69.0,846.9,17.9,0,857,318
2025-10-17 16:37:58,24.0,53.0,0.0,0.3,0.9,215.0,847.3,17.6,0,427,276
2025-10-17 16:53:22,22.5,56.3,0.0,1.1,2.0,182.0,847.5,16.7,0,561,290
2025-10-17 17:08:27,22.2,58.0,0.0,1.4,2.8,158.0,847.5,16.7,0,525,286
2025-10-17 17:23:32,22.0,59.3,0.0,0.5,2.2,155.0,847.5,16.7,0,627,295
2025-10-17 17:38:38,22.0,60.0,0.0,0.2,0.7,157.0,847.7,16.8,0,503,285
2025-10-17 17:53:42,21.9,58.7,0.0,0.5,1.5,156.0,847.8,16.5,0,306,267
2025-10-17 18:08:47,21.8,59.5,0.0,0.6,1.3,156.0,848.0,16.5,0,271,263
2025-10-17 18:23:51,21.7,61.1,0.0,0.1,0.4,20.0,848.1,16.7,0,259,261
2025-10-17 18:38:56,21.7,60.0,0.0,0.2,0.4,78.0,848.3,16.5,0,253,260
2025-10-17 18:54:01,21.4,59.7,0.0,0.2,0.4,78.0,848.4,16.2,0,253,259
2025-10-17 19:09:32,21.2,58.7,0.0,0.4,0.7,229.0,848.5,15.9,0,254,258
2025-10-17 19:24:37,20.7,60.3,0.0,0.0,0.2,229.0,848.7,15.7,0,253,261
2025-10-17 19:40:30,20.2,62.6,0.0,0.0,0.0,228.0,849.2,15.5,0,253,260
2025-10-17 19:55:34,20.2,63.1,0.0,0.1,0.4,229.0,849.5,15.6,0,252,260
2025-10-17 20:10:39,20.3,64.5,0.0,0.5,0.9,229.0,849.8,15.8,0,254,262
2025-10-17 20:25:44,20.0,67.5,0.0,0.0,0.0,228.0,849.9,15.9,0,254,259
2025-10-17 20:40:49,19.9,68.4,0.0,0.3,0.7,229.0,850.2,16.0,0,253,261
2025-10-17 20:55:54,20.6,61.7,0.0,0.3,0.9,147.0,850.1,15.8,0,253,261
2025-10-17 21:10:59,21.5,57.6,0.0,0.3,0.7,166.0,850.4,16.0,0,254,260
2025-10-17 21:26:03,21.4,57.8,0.0,0.8,1.5,145.0,850.7,16.0,0,254,260
2025-10-17 21:41:28,21.3,58.1,0.0,0.8,2.0,121.0,850.8,15.9,0,253,259
2025-10-17 21:58:11,21.2,58.6,0.0,0.6,1.3,123.0,851.0,15.9,0,254,259
2025-10-17 22:13:29,21.0,59.0,0.0,0.7,1.7,123.0,851.3,15.8,0,254,261
2025-10-17 22:28:52,20.9,59.9,0.0,0.0,0.2,123.0,851.2,15.8,0,254,259
2025-10-17 22:43:57,20.7,60.1,0.0,0.2,1.4,123.0,851.1,15.7,0,254,260
2025-10-17 22:59:02,20.6,60.6,0.0,0.7,1.3,111.0,851.0,15.6,0,254,260
2025-10-17 23:14:34,20.5,61.5,0.0,0.3,1.7,76.0,850.9,15.6,0,253,260
2025-10-17 23:29:39,20.4,62.1,0.0,0.9,3.3,140.0,850.9,15.6,0,254,260
2025-10-17 23:44:44,20.1,63.5,0.0,0.5,1.5,73.0,850.9,15.5,0,254,259
2025-10-17 23:59:49,19.8,64.7,0.0,0.2,0.4,161.0,850.8,15.4,0,255,262
2025-10-18 00:14:54,19.6,65.6,0.0,0.0,0.2,161.0,850.9,15.4,0,253,260
2025-10-18 00:29:59,19.5,66.7,0.0,0.5,1.1,160.0,851.0,15.4,0,254,260
2025-10-18 00:45:04,19.3,70.4,0.0,0.9,3.3,133.0,851.0,15.7,0,253,262
2025-10-18 01:00:09,19.0,73.8,0.0,0.5,1.5,144.0,850.8,15.8,0,253,260
2025-10-18 01:15:14,18.8,75.1,0.0,0.2,0.4,117.0,850.7,15.8,0,255,261
2025-10-18 01:31:11,18.8,75.1,0.0,0.1,0.4,117.0,850.5,15.7,0,253,260
2025-10-18 01:46:15,18.7,75.5,0.0,0.2,0.7,117.0,850.2,15.7,0,254,259
2025-10-18 02:01:38,18.6,75.8,0.0,0.4,1.3,117.0,850.0,15.7,0,253,259
2025-10-18 02:16:43,18.6,76.2,0.0,0.8,1.7,117.0,849.9,15.7,0,253,260
2025-10-18 02:31:47,18.2,77.7,0.0,0.1,0.7,117.0,850.0,15.5,0,254,260
2025-10-18 02:46:52,18.0,78.6,0.0,0.2,0.4,117.0,850.0,15.5,0,254,259
2025-10-18 03:00:57,18.0,79.1,0.0,0.3,0.9,117.0,850.0,15.5,0,254,260
2025-10-18 03:16:01,17.9,79.4,0.0,0.4,1.3,117.0,850.1,15.5,0,253,261
2025-10-18 03:31:06,17.9,79.3,0.0,0.6,1.5,116.0,850.1,15.4,0,254,262
2025-10-18 03:46:11,17.7,80.0,0.0,0.7,1.5,116.0,850.2,15.3,0,254,260
2025-10-18 04:01:15,17.5,80.6,0.0,0.3,0.7,116.0,850.2,15.2,0,253,262
2025-10-18 04:16:20,17.6,80.6,0.0,0.1,0.4,116.0,850.3,15.3,0,254,260
2025-10-18 04:31:45,17.6,80.0,0.0,0.0,0.2,116.0,850.5,15.3,0,253,260
2025-10-18 04:46:49,17.6,81.1,0.0,0.1,0.2,116.0,850.7,15.4,0,253,260
2025-10-18 05:01:54,17.4,81.2,0.0,0.1,0.2,116.0,850.8,15.2,0,254,261
2025-10-18 05:16:59,17.4,81.0,0.0,0.0,0.2,138.0,851.0,15.1,0,254,260
2025-10-18 05:32:04,17.3,81.2,0.0,0.0,0.2,212.0,851.2,15.1,0,254,261
2025-10-18 05:47:09,17.2,81.6,0.0,0.0,0.4,212.0,851.3,15.0,0,254,260
2025-10-18 06:02:13,17.1,81.9,0.0,0.0,0.7,212.0,851.5,15.0,0,257,260
2025-10-18 06:17:18,17.0,82.3,0.0,0.3,1.3,212.0,851.6,14.9,0,291,264
2025-10-18 06:32:23,17.0,82.5,0.0,0.1,0.4,98.0,851.9,14.9,0,328,268
2025-10-18 06:47:28,17.0,82.6,0.0,0.5,0.9,98.0,852.1,15.0,0,366,272
2025-10-18 07:02:52,17.0,83.0,0.0,0.0,0.2,98.0,852.3,15.0,0,536,287
2025-10-18 07:17:56,17.2,82.1,0.0,0.5,1.1,98.0,852.5,15.1,0,775,309
2025-10-18 07:33:01,17.6,80.8,0.0,0.3,1.3,96.0,852.5,15.3,0,1193,345
2025-10-18 07:48:06,18.0,78.6,0.0,1.0,2.2,108.0,852.5,15.5,0,1080,333
2025-10-18 08:03:11,18.5,77.4,0.0,0.3,1.1,73.0,852.7,15.7,0,1062,333
2025-10-18 08:18:15,18.7,76.3,0.0,0.1,0.4,74.0,852.8,15.9,0,1691,392
2025-10-18 08:33:20,19.5,73.3,0.0,0.7,1.1,73.0,852.8,16.3,0,3014,518
2025-10-18 08:49:16,20.0,70.8,0.0,0.3,1.3,74.0,852.7,16.4,0,3454,561
2025-10-18 09:04:21,22.0,63.0,0.0,0.6,1.3,73.0,852.8,17.2,0,2409,465
2025-10-18 09:19:26,21.4,64.0,0.0,0.5,1.7,74.0,853.0,16.8,0,3115,529
2025-10-18 09:34:31,21.6,64.6,0.0,1.2,2.0,110.0,852.8,17.1,0,5391,743
2025-10-18 09:50:26,21.4,64.3,0.0,0.3,0.7,124.0,852.8,16.8,0,6943,851
2025-10-18 10:05:51,22.8,59.9,0.0,0.0,0.2,124.0,852.7,17.5,0,2159,438
2025-10-18 10:20:56,22.2,62.7,0.0,0.1,0.4,124.0,852.5,17.4,0,2748,496
2025-10-18 10:36:01,23.1,57.8,0.0,0.5,1.5,124.0,852.4,17.5,0,3938,614
2025-10-18 10:51:06,23.6,55.4,0.0,0.3,1.3,120.0,852.3,17.6,0,5084,721
2025-10-18 11:06:10,23.8,55.6,0.0,0.1,0.2,120.0,852.1,17.8,0,3577,581
2025-10-18 11:21:15,23.6,55.8,0.0,0.7,1.3,120.0,851.9,17.6,0,3523,585
2025-10-18 11:36:21,24.5,52.4,0.0,0.5,1.1,120.0,851.5,17.9,0,2312,461
2025-10-18 11:52:02,24.3,52.8,0.0,0.5,0.9,120.0,851.3,17.8,0,9655,1131
2025-10-18 12:07:07,26.6,47.0,0.0,0.2,0.7,84.0,851.0,18.9,0,10119,1177
2025-10-18 12:22:12,27.5,45.0,0.0,0.2,0.4,74.0,850.7,19.3,0,9354,1116
2025-10-18 12:37:17,27.9,44.7,0.0,0.3,0.7,75.0,850.3,19.6,0,9740,1138
2025-10-18 12:52:22,26.9,44.5,0.0,0.7,1.3,75.0,850.1,18.7,0,5053,727
2025-10-18 13:07:27,27.1,43.1,0.0,0.9,2.4,75.0,849.7,18.6,0,8834,1061
2025-10-18 13:22:32,28.0,42.2,0.0,1.2,2.4,75.0,849.2,19.2,0,3039,543
2025-10-18 13:37:37,27.8,40.6,0.0,0.7,1.7,139.0,848.9,18.8,0,8658,1041
2025-10-18 13:53:00,26.8,42.4,0.0,1.0,2.2,79.0,848.7,18.3,0,3633,584
2025-10-18 14:08:05,26.0,43.7,0.0,0.5,2.0,155.0,848.6,17.8,0,1905,429
2025-10-18 14:23:10,27.4,40.6,0.0,0.5,1.1,71.0,848.2,18.5,0,4671,688
2025-10-18 14:38:14,28.2,38.8,0.0,1.8,2.6,184.0,847.9,18.8,0,6926,885
2025-10-18 14:53:19,29.0,37.0,0.0,0.1,0.4,113.0,847.8,19.1,0,6526,847
2025-10-18 15:08:24,28.4,36.1,0.0,0.6,0.9,159.0,847.5,18.4,0,6067,801
2025-10-18 15:23:29,28.6,36.5,0.0,1.9,4.1,170.0,847.4,18.6,0,5837,770
2025-10-18 15:38:34,29.7,34.9,0.0,0.4,1.3,170.0,847.2,19.2,0,5408,732
2025-10-18 15:53:39,28.9,35.5,0.0,1.7,2.6,169.0,847.2,18.7,0,2455,473
2025-10-18 16:08:43,27.5,37.4,0.0,0.8,3.1,168.0,847.2,17.9,0,1589,390
2025-10-18 16:24:06,27.0,38.5,0.0,0.4,1.2,106.0,847.2,17.7,0,1226,353
2025-10-18 16:39:10,27.1,38.6,0.0,0.5,1.3,106.0,847.2,17.8,0,3020,494
2025-10-18 16:54:15,26.6,39.5,0.0,0.2,0.7,220.0,847.3,17.6,0,813,315
2025-10-18 17:09:20,25.8,41.0,0.0,0.4,1.7,167.0,847.4,17.2,0,656,303
2025-10-18 17:24:25,25.7,41.0,0.0,0.6,2.0,167.0,847.4,17.2,0,633,299
2025-10-18 17:39:30,25.5,41.4,0.0,0.3,0.7,196.0,847.6,17.0,0,486,283
2025-10-18 17:54:35,25.3,41.9,0.0,0.1,0.7,196.0,847.7,16.9,0,373,272
2025-10-18 18:09:40,25.0,41.9,0.0,0.3,0.9,210.0,847.8,16.7,0,279,265
2025-10-18 18:24:45,24.8,42.4,0.0,0.5,1.3,152.0,847.9,16.6,0,262,262
2025-10-18 18:40:20,24.5,42.6,0.0,1.3,3.1,176.0,848.0,16.4,0,254,261
2025-10-18 18:55:25,24.2,43.4,0.0,0.3,1.4,174.0,848.0,16.3,0,253,259
2025-10-18 19:10:30,23.7,44.2,0.0,0.6,1.5,174.0,848.2,16.0,0,252,260
2025-10-18 19:25:35,23.4,45.1,0.0,0.0,0.0,174.0,848.3,15.8,0,254,260
2025-10-18 19:40:40,23.0,46.2,0.0,0.0,0.0,174.0,848.5,15.7,0,254,261
2025-10-18 19:55:45,22.8,46.3,0.0,0.0,0.2,174.0,848.7,15.5,0,253,262
2025-10-18 20:11:21,22.8,46.5,0.0,0.1,0.2,174.0,848.9,15.6,0,254,261
2025-10-18 20:26:26,22.8,46.6,0.0,0.2,1.1,174.0,849.2,15.6,0,254,260
2025-10-18 20:41:30,22.5,47.4,0.0,0.3,0.7,174.0,849.5,15.4,0,253,259
2025-10-18 20:56:35,22.1,48.1,0.0,0.2,0.9,174.0,849.6,15.2,0,253,260
2025-10-18 21:11:40,22.1,48.8,0.0,0.3,0.9,174.0,849.7,15.3,0,254,260
2025-10-18 21:26:45,21.9,49.9,0.0,0.6,1.3,194.0,849.9,15.3,0,254,260
2025-10-18 21:41:50,21.5,51.7,0.0,0.1,0.4,156.0,850.0,15.2,0,252,259
2025-10-18 21:56:55,21.2,53.1,0.0,0.0,0.2,156.0,850.1,15.2,0,253,262
2025-10-18 22:12:00,21.1,53.9,0.0,0.0,0.0,156.0,850.3,15.1,0,255,260
2025-10-18 22:27:23,20.9,54.4,0.0,0.0,0.2,156.0,850.3,15.1,0,253,261
2025-10-18 22:42:28,20.5,56.3,0.0,0.0,0.2,156.0,850.3,15.0,0,254,261
2025-10-18 22:57:33,20.0,57.9,0.0,0.0,0.0,156.0,850.3,14.7,0,253,261
2025-10-18 23:12:38,19.5,60.2,0.0,0.0,0.0,156.0,850.4,14.6,0,253,261
2025-10-18 23:27:43,19.1,60.8,0.0,0.1,0.2,156.0,850.4,14.3,0,253,260
2025-10-18 23:42:48,19.0,61.3,0.0,0.4,1.1,156.0,850.5,14.3,0,254,259
2025-10-18 23:57:54,19.4,61.4,0.0,0.2,0.7,156.0,850.4,14.6,0,253,259
2025-10-19 00:12:59,19.4,62.4,0.0,0.3,0.7,156.0,850.4,14.8,0,254,260
2025-10-19 00:28:03,19.2,64.2,0.0,0.2,0.4,144.0,850.3,14.8,0,253,260
2025-10-19 00:43:29,18.7,66.5,0.0,0.2,0.7,145.0,850.3,14.7,0,254,261
2025-10-19 00:58:34,18.4,67.2,0.0,0.0,0.0,145.0,850.3,14.4,0,253,261
2025-10-19 01:13:39,17.7,68.1,0.0,0.0,0.0,145.0,850.3,13.9,0,255,261
2025-10-19 01:28:44,17.1,70.3,0.0,0.0,0.0,145.0,850.3,13.6,0,252,260
2025-10-19 01:43:48,16.5,72.6,0.0,0.0,0.0,145.0,850.1,13.3,0,253,259
2025-10-19 01:58:53,16.0,74.9,0.0,0.0,0.0,145.0,850.2,13.1,0,253,260
2025-10-19 02:13:58,15.9,76.3,0.0,0.0,0.0,145.0,850.1,13.2,0,253,261
2025-10-19 02:29:03,15.8,78.3,0.0,0.0,0.0,145.0,850.1,13.3,0,254,262
2025-10-19 02:44:08,15.8,79.2,0.0,0.0,0.2,145.0,850.2,13.4,0,253,260
2025-10-19 03:00:32,15.4,81.8,0.0,0.1,0.4,145.0,850.1,13.4,0,254,260
2025-10-19 03:15:37,15.8,82.9,0.0,0.1,0.2,145.0,850.2,13.8,0,253,259
2025-10-19 03:30:42,15.9,82.7,0.0,0.0,0.2,145.0,850.3,13.9,0,253,260
2025-10-19 03:45:46,16.0,83.3,0.0,0.0,0.2,145.0,850.5,14.1,0,254,261
2025-10-19 04:00:51,16.0,84.0,0.0,0.0,0.0,145.0,850.4,14.1,0,254,261
2025-10-19 04:15:56,15.8,85.1,0.0,0.0,0.0,145.0,850.5,14.1,0,253,259
2025-10-19 04:31:01,15.6,86.5,0.0,0.0,0.0,145.0,850.7,14.0,0,254,261
2025-10-19 04:46:05,15.7,85.7,0.0,0.0,0.2,145.0,850.7,14.1,0,254,259
2025-10-19 05:01:10,15.7,85.0,0.0,0.0,0.0,145.0,850.9,14.0,0,254,260
2025-10-19 05:16:15,15.7,85.8,0.0,0.0,0.0,145.0,851.1,14.0,0,254,261
2025-10-19 05:31:40,15.7,86.1,0.0,0.2,0.4,144.0,851.4,14.1,0,254,260
2025-10-19 05:46:44,15.8,85.9,0.0,0.0,0.4,145.0,851.5,14.1,0,254,260
2025-10-19 06:01:49,15.8,85.7,0.0,0.4,0.7,144.0,851.7,14.2,0,257,259
2025-10-19 06:16:54,15.9,84.8,0.0,0.1,0.2,145.0,851.8,14.1,0,276,263
2025-10-19 06:31:59,16.0,83.8,0.0,0.4,0.7,144.0,851.9,14.1,0,338,270
2025-10-19 06:47:04,16.0,82.9,0.0,0.3,0.7,144.0,852.2,14.0,0,417,277
2025-10-19 07:02:09,16.1,81.9,0.0,0.1,0.2,145.0,852.5,14.0,0,587,290
2025-10-19 07:17:14,16.4,81.0,0.0,0.3,0.7,144.0,852.6,14.2,0,698,302
2025-10-19 07:32:19,16.8,80.2,0.0,0.3,0.7,144.0,852.8,14.5,0,1166,344
2025-10-19 07:47:24,17.3,78.7,0.0,0.2,0.7,58.0,853.0,14.8,0,1381,364
2025-10-19 08:02:47,18.0,76.2,0.0,0.1,0.4,333.0,853.2,15.1,0,1335,362
2025-10-19 08:17:51,17.8,76.3,0.0,0.2,0.4,46.0,853.4,15.0,0,842,316
2025-10-19 08:32:56,18.0,75.4,0.0,0.4,1.3,170.0,853.4,15.1,0,1211,351
2025-10-19 08:48:01,17.9,75.1,0.0,0.4,1.1,85.0,853.5,15.0,0,1054,335
2025-10-19 09:03:26,18.4,72.9,0.0,0.5,0.9,132.0,853.5,15.1,0,1799,404
2025-10-19 09:18:31,19.4,69.3,0.0,0.5,1.5,93.0,853.5,15.7,0,3597,578
2025-10-19 09:33:36,20.5,66.8,0.0,0.5,0.7,108.0,853.3,16.3,0,4448,656
2025-10-19 09:48:40,21.2,62.9,0.0,0.6,1.1,54.0,853.1,16.4,0,4308,636
2025-10-19 10:03:45,21.2,62.2,0.0,0.2,0.9,108.0,853.0,16.4,0,5690,773
2025-10-19 10:18:50,23.1,55.9,0.0,1.2,2.8,65.0,852.9,17.2,0,7637,939
2025-10-19 10:33:55,25.6,49.6,0.0,0.9,2.2,83.0,852.6,18.4,0,8565,1033
2025-10-19 10:49:00,24.2,51.1,0.0,0.6,1.3,113.0,852.5,17.5,0,7507,937
2025-10-19 11:04:05,25.1,49.2,0.0,0.3,0.7,191.0,852.1,18.0,0,9595,1123
2025-10-19 11:19:32,25.4,47.8,0.0,0.4,1.1,129.0,851.9,18.0,0,10845,1233
2025-10-19 11:34:36,24.5,50.2,0.0,1.5,2.2,243.0,851.8,17.6,0,8407,1007
2025-10-19 11:49:41,25.0,50.1,0.0,0.3,0.9,238.0,851.4,18.0,0,7278,916
2025-10-19 12:04:51,24.2,49.7,0.0,0.9,1.3,45.0,851.2,17.3,0,2692,496
2025-10-19 12:19:56,24.8,50.0,0.0,0.2,0.4,116.0,850.9,17.8,0,9234,1091
2025-10-19 12:35:01,23.4,50.1,0.0,0.6,1.3,243.0,850.4,16.7,0,2815,508
2025-10-19 12:50:06,25.1,46.6,0.0,1.1,1.5,86.0,850.0,17.5,0,3266,554
2025-10-19 13:05:11,25.6,44.8,0.0,0.8,2.0,214.0,849.8,17.7,0,10369,1183
2025-10-19 13:20:44,25.8,43.9,0.0,0.2,0.7,234.0,849.5,17.7,0,8281,1005
2025-10-19 13:35:49,26.6,42.5,0.0,0.3,0.9,225.0,849.1,18.1,0,2580,503
2025-10-19 13:51:38,26.0,41.9,0.0,0.2,0.7,30.0,848.9,17.5,0,9229,1076
2025-10-19 14:07:45,27.0,42.1,0.0,0.5,1.5,109.0,848.5,18.4,0,8090,989
2025-10-19 14:23:35,29.2,38.0,0.0,1.3,1.8,67.0,848.0,19.4,0,7620,938
2025-10-19 14:38:40,28.0,38.3,0.0,0.3,0.9,91.0,847.8,18.5,0,7588,921
2025-10-19 14:53:44,28.7,36.8,0.0,0.8,1.5,193.0,847.6,18.8,0,6930,874
2025-10-19 15:08:50,25.6,40.8,0.0,0.8,1.3,193.0,847.4,17.0,0,5978,777
2025-10-19 15:23:54,27.6,37.8,0.0,0.4,0.9,193.0,847.3,18.1,0,6134,798
2025-10-19 15:39:40,26.9,38.8,0.0,0.0,0.0,229.0,847.2,17.7,0,1215,365
2025-10-19 15:54:45,27.1,38.5,0.0,0.1,0.7,91.0,847.0,17.9,0,1105,360
2025-10-19 16:09:49,28.7,35.5,0.0,0.4,1.1,124.0,846.9,18.5,0,3910,595
2025-10-19 16:24:54,29.7,33.3,0.0,1.1,1.5,69.0,846.8,18.9,0,3426,549
2025-10-19 16:39:59,29.0,33.9,0.0,0.9,1.3,126.0,846.8,18.4,0,2272,444
2025-10-19 16:55:58,27.0,37.5,0.0,0.2,0.6,162.0,846.9,17.5,0,796,326
2025-10-19 17:11:03,26.2,38.8,0.0,0.0,0.2,162.0,847.0,17.2,0,722,315
2025-10-19 17:26:07,25.9,41.2,0.0,0.0,0.0,162.0,847.0,17.3,0,831,319
2025-10-19 17:41:12,25.9,39.2,0.0,0.1,0.4,162.0,846.9,17.0,0,689,305
2025-10-19 17:56:17,25.8,39.4,0.0,0.4,1.3,162.0,847.1,16.9,0,598,291
2025-10-19 18:11:42,25.6,39.8,0.0,0.7,1.1,61.0,847.2,16.8,0,403,271
2025-10-19 18:26:46,25.2,40.0,0.0,0.4,1.3,118.0,847.3,16.5,0,263,262
2025-10-19 18:41:51,24.7,39.4,0.0,0.6,2.0,117.0,847.3,16.0,0,253,260
2025-10-19 18:57:47,24.3,39.8,0.0,0.3,1.1,116.0,847.5,15.8,0,253,260
2025-10-19 19:12:52,24.1,39.9,0.0,0.5,1.3,174.0,847.7,15.6,0,253,261
2025-10-19 19:27:57,23.8,39.7,0.0,0.4,1.1,185.0,847.9,15.4,0,254,261
2025-10-19 19:43:01,23.6,40.4,0.0,0.0,0.0,184.0,848.2,15.3,0,253,260
2025-10-19 19:58:06,23.1,41.2,0.0,0.0,0.0,184.0,848.4,15.1,0,255,261
2025-10-19 20:13:54,22.8,41.1,0.0,0.5,1.1,185.0,848.6,14.7,0,254,260
2025-10-19 20:29:00,22.5,41.4,0.0,0.0,0.2,185.0,848.7,14.5,0,255,261
2025-10-19 20:44:05,21.9,42.3,0.0,0.0,0.0,184.0,848.9,14.2,0,253,259
2025-10-19 20:59:10,21.6,42.9,0.0,0.1,0.4,185.0,849.1,14.0,0,253,259
2025-10-19 21:14:14,21.7,43.1,0.0,0.1,0.7,150.0,849.3,14.1,0,254,260
2025-10-19 21:29:19,21.5,45.0,0.0,0.3,0.7,135.0,849.4,14.3,0,253,261
2025-10-19 21:44:24,21.2,47.5,0.0,0.6,1.1,116.0,849.4,14.4,0,253,260
2025-10-19 21:59:29,20.9,49.3,0.0,0.2,0.7,149.0,849.5,14.4,0,254,261
2025-10-19 22:14:51,20.4,51.2,0.0,0.1,0.4,149.0,849.5,14.2,0,254,260
2025-10-19 22:29:55,20.1,52.7,0.0,0.6,2.2,93.0,849.8,14.1,0,253,261
2025-10-19 22:45:00,19.6,53.8,0.0,0.0,0.0,79.0,849.9,13.9,0,253,259
2025-10-19 23:00:05,18.9,57.5,0.0,0.3,1.1,80.0,849.8,13.7,0,253,260
2025-10-19 23:15:09,18.3,58.5,0.0,0.0,0.2,106.0,849.9,13.3,0,254,260
2025-10-19 23:30:14,17.8,60.8,0.0,0.1,0.2,106.0,849.8,13.1,0,254,260
2025-10-19 23:45:19,17.3,62.8,0.0,0.1,0.2,106.0,849.8,12.9,0,255,262
2025-10-20 00:00:24,16.9,64.6,0.0,0.0,0.0,106.0,849.7,12.7,0,253,261
2025-10-20 00:15:28,16.5,65.9,0.0,0.1,0.2,106.0,849.7,12.6,0,253,261
2025-10-20 00:30:33,16.2,66.9,0.0,0.0,0.0,106.0,849.5,12.4,0,253,260
2025-10-20 00:45:56,16.8,68.2,0.0,0.0,0.2,106.0,849.5,13.1,0,253,261
2025-10-20 01:01:01,17.0,67.9,0.0,0.0,0.2,106.0,849.6,13.2,0,253,261
2025-10-20 01:16:05,16.5,68.6,0.0,0.0,0.0,106.0,849.6,12.9,0,254,258
2025-10-20 01:31:10,16.3,70.9,0.0,0.0,0.2,106.0,849.4,12.9,0,254,260
2025-10-20 01:46:15,16.0,72.1,0.0,0.0,0.0,106.0,849.2,12.8,0,253,261
2025-10-20 02:01:20,15.7,73.7,0.0,0.0,0.2,106.0,849.0,12.7,0,253,261
2025-10-20 02:16:24,15.5,75.0,0.0,0.6,1.3,106.0,848.8,12.7,0,253,261
2025-10-20 02:31:29,15.2,75.1,0.0,0.0,0.0,106.0,848.8,12.4,0,253,260
2025-10-20 02:46:34,14.7,76.5,0.0,0.0,0.0,106.0,848.8,12.1,0,253,260
2025-10-20 03:00:39,14.5,78.2,0.0,0.2,0.4,106.0,848.7,12.1,0,254,260
2025-10-20 03:16:02,14.4,79.2,0.0,0.0,0.2,106.0,848.8,12.0,0,253,261
2025-10-20 03:31:07,13.9,81.2,0.0,0.0,0.0,106.0,848.7,11.8,0,254,260
2025-10-20 03:46:12,13.6,82.0,0.0,0.0,0.0,106.0,848.8,11.6,0,254,261
2025-10-20 04:01:17,13.4,83.3,0.0,0.0,0.2,106.0,848.8,11.6,0,252,260
2025-10-20 04:16:21,13.6,83.3,0.0,0.1,0.2,105.0,848.8,11.7,0,254,261
2025-10-20 04:31:26,13.6,83.4,0.0,0.4,0.7,105.0,849.0,11.8,0,254,260
2025-10-20 04:46:31,13.7,83.4,0.0,0.2,0.4,105.0,849.0,11.9,0,253,260
2025-10-20 05:01:35,13.8,83.5,0.0,0.1,0.4,43.0,849.2,11.9,0,253,259
2025-10-20 05:16:40,13.6,83.5,0.0,0.0,0.0,43.0,849.3,11.7,0,254,260
2025-10-20 05:31:45,13.2,85.1,0.0,0.0,0.0,43.0,849.3,11.5,0,254,261
2025-10-20 05:47:08,12.9,86.0,0.0,0.0,0.0,43.0,849.5,11.3,0,253,259
2025-10-20 06:02:12,12.8,87.6,0.0,0.0,0.0,43.0,849.7,11.4,0,262,262
2025-10-20 06:17:17,12.6,87.6,0.0,0.0,0.0,43.0,849.7,11.3,0,305,267
2025-10-20 06:32:22,12.8,88.0,0.0,0.0,0.0,43.0,849.8,11.5,0,389,276
2025-10-20 06:47:27,13.0,87.1,0.0,0.0,0.0,43.0,849.9,11.6,0,536,290
2025-10-20 07:02:31,13.5,85.8,0.0,0.0,0.0,43.0,850.1,11.9,0,568,298
2025-10-20 07:17:36,14.6,81.5,0.0,0.0,0.2,3.0,850.3,12.5,0,936,328
2025-10-20 07:33:14,15.9,76.8,0.0,0.0,0.0,256.0,850.6,13.2,0,1867,402
2025-10-20 07:48:39,17.2,71.0,0.0,0.3,0.7,257.0,850.7,13.8,0,2361,447
2025-10-20 08:03:44,19.4,64.4,0.0,0.5,1.3,257.0,850.7,15.0,0,2870,494
2025-10-20 08:18:49,20.5,58.5,0.0,0.6,1.3,257.0,850.8,15.2,0,3395,543
2025-10-20 08:33:53,20.7,57.0,0.0,0.1,0.4,247.0,851.0,15.3,0,3910,593
2025-10-20 08:48:58,20.5,57.6,0.0,0.2,0.7,253.0,851.0,15.2,0,4400,638
2025-10-20 09:04:03,23.5,49.1,0.0,0.2,0.4,252.0,851.0,16.5,0,4832,679
2025-10-20 09:19:07,24.7,45.7,0.0,0.1,0.4,252.0,850.9,17.0,0,5344,725
2025-10-20 09:34:12,23.1,47.3,0.0,1.1,1.7,335.0,850.8,16.0,0,5818,770
2025-10-20 09:49:17,24.2,43.1,0.0,0.2,0.7,99.0,850.8,16.3,0,6263,815
2025-10-20 10:04:22,23.8,44.3,0.0,2.0,2.4,154.0,850.7,16.1,0,6696,855
2025-10-20 11:31:07,25.5,40.1,0.0,1.0,2.0,175.0,849.9,16.8,0,4057,643
2025-10-20 11:46:56,25.8,39.9,0.0,1.1,2.0,153.0,849.6,17.0,0,8537,1027
2025-10-20 12:02:01,26.9,37.5,0.0,0.6,2.4,165.0,849.3,17.5,0,8586,1032
2025-10-20 12:17:06,26.5,38.3,0.0,1.3,2.4,31.0,848.9,17.3,0,8796,1055
2025-10-20 12:32:10,27.4,36.3,0.0,0.6,1.3,116.0,848.6,17.7,0,8743,1050
2025-10-20 12:47:15,26.3,36.5,0.0,0.4,1.1,186.0,848.4,16.8,0,8438,1021
2025-10-20 13:02:19,27.5,35.0,0.0,1.7,3.7,186.0,848.0,17.5,0,8182,996
2025-10-20 13:17:23,28.8,33.2,0.0,1.7,2.4,63.0,847.7,18.1,0,8181,996
2025-10-20 13:32:28,28.4,34.1,0.0,0.9,2.4,168.0,847.4,18.0,0,8075,987
2025-10-20 13:47:53,28.0,34.1,0.0,0.1,0.4,186.0,847.2,17.7,0,7760,957
2025-10-20 14:02:58,29.4,31.7,0.0,1.9,3.1,192.0,846.9,18.3,0,7592,939
2025-10-20 14:18:02,28.6,32.7,0.0,1.8,3.5,192.0,846.7,17.9,0,7333,906
2025-10-20 14:33:07,30.7,29.8,0.0,1.0,2.0,192.0,846.3,18.8,0,6929,878
2025-10-20 14:48:11,32.0,28.7,0.0,0.1,0.4,192.0,846.1,19.6,0,6465,829
2025-10-20 15:03:16,31.2,29.2,0.0,0.5,1.1,192.0,845.8,19.1,0,6198,801
2025-10-20 15:18:21,30.2,30.3,0.0,0.1,0.4,192.0,845.8,18.6,0,5782,759
2025-10-20 15:34:12,31.2,28.7,0.0,0.4,1.5,192.0,845.5,19.0,0,4953,685
2025-10-20 15:50:06,30.5,29.4,0.0,0.7,1.3,192.0,845.4,18.6,0,4462,637
2025-10-20 16:05:11,31.5,28.6,0.0,1.3,3.1,110.0,845.3,19.1,0,4032,585
2025-10-20 16:20:15,30.8,29.8,0.0,1.2,2.0,74.0,845.4,18.9,0,3173,504
2025-10-20 16:35:20,30.4,30.5,0.0,0.8,2.4,132.0,845.3,18.8,0,2619,471
2025-10-20 16:50:24,28.5,34.4,0.0,1.1,2.2,124.0,845.4,18.2,0,1017,346
2025-10-20 17:05:29,27.8,35.4,0.0,0.6,1.1,173.0,845.5,17.8,0,878,331
2025-10-20 17:20:34,27.4,36.1,0.0,0.8,1.7,113.0,845.6,17.6,0,817,323
2025-10-20 17:35:40,27.0,36.6,0.0,0.7,1.5,134.0,845.7,17.4,0,708,307
2025-10-20 17:51:03,26.6,37.5,0.0,0.3,0.7,161.0,845.9,17.3,0,656,297
2025-10-20 18:06:08,26.1,38.9,0.0,0.5,1.3,148.0,846.1,17.1,0,389,271
2025-10-20 18:21:13,25.5,39.9,0.0,0.9,2.2,109.0,846.3,16.8,0,276,262
2025-10-20 18:36:18,25.0,41.1,0.0,0.3,1.1,191.0,846.5,16.6,0,254,261
2025-10-20 18:51:23,24.6,42.0,0.0,0.6,3.3,141.0,846.7,16.4,0,254,260
2025-10-20 19:06:28,24.2,43.1,0.0,0.1,1.1,163.0,847.0,16.3,0,254,260
2025-10-20 19:21:33,23.9,44.1,0.0,0.2,0.7,121.0,847.2,16.1,0,254,260
2025-10-20 19:37:26,23.8,44.5,0.0,0.6,2.0,181.0,847.3,16.2,0,254,260
2025-10-20 19:52:32,23.9,44.6,0.0,0.4,1.1,125.0,847.7,16.2,0,252,261
2025-10-20 20:07:36,23.8,45.0,0.0,0.0,0.0,159.0,847.9,16.2,0,253,260
2025-10-20 20:22:41,23.6,45.3,0.0,0.5,1.1,147.0,848.2,16.1,0,254,261
2025-10-20 20:37:46,23.2,47.4,0.0,0.1,0.4,178.0,848.3,16.0,0,254,259
2025-10-20 20:53:11,22.7,49.8,0.0,0.1,0.4,178.0,848.6,16.0,0,254,260
2025-10-20 21:08:16,22.5,50.6,0.0,0.2,0.7,178.0,849.0,15.9,0,253,260
2025-10-20 21:23:21,22.3,51.1,0.0,0.4,0.9,127.0,849.2,15.8,0,253,261
2025-10-20 21:39:17,22.0,51.9,0.0,0.7,1.3,157.0,849.3,15.7,0,255,260
2025-10-20 21:54:21,21.8,51.6,0.0,0.5,1.5,149.0,849.5,15.5,0,253,261
2025-10-20 22:10:20,21.7,52.0,0.0,0.6,2.2,127.0,849.5,15.4,0,253,260
2025-10-20 22:25:26,21.5,52.7,0.0,0.2,0.9,128.0,849.8,15.3,0,254,260
2025-10-20 22:40:34,21.3,52.8,0.0,0.2,0.7,176.0,849.8,15.2,0,253,260
2025-10-20 22:55:38,21.0,53.5,0.0,0.0,0.2,181.0,849.8,15.1,0,253,260
2025-10-20 23:11:19,20.6,55.2,0.0,0.0,0.0,180.0,849.9,14.9,0,254,260
2025-10-20 23:27:07,20.3,56.3,0.0,0.0,0.0,180.0,850.0,14.8,0,254,261
2025-10-20 23:42:18,19.8,57.6,0.0,0.0,0.2,181.0,849.8,14.5,0,255,259
2025-10-20 23:57:39,19.4,59.3,0.0,0.0,0.0,180.0,849.7,14.4,0,253,261
2025-10-21 00:13:22,19.0,60.9,0.0,0.0,0.0,180.0,849.7,14.2,0,254,260
2025-10-21 00:28:41,18.7,61.5,0.0,0.0,0.0,180.0,849.4,14.1,0,253,260
2025-10-21 00:44:14,18.5,61.8,0.0,0.3,0.7,181.0,849.2,13.9,0,253,260
2025-10-21 00:59:29,18.1,63.6,0.0,0.0,0.0,180.0,849.0,13.8,0,253,260
2025-10-21 01:14:34,17.6,66.0,0.0,0.0,0.0,180.0,849.1,13.6,0,254,261
2025-10-21 01:29:38,17.2,67.0,0.0,0.0,0.2,181.0,848.9,13.3,0,253,260
2025-10-21 01:44:43,17.0,67.8,0.0,0.3,0.4,181.0,848.7,13.2,0,253,262
2025-10-21 02:00:27,16.8,68.5,0.0,0.1,0.2,181.0,848.8,13.1,0,254,260
2025-10-21 02:15:32,16.7,69.4,0.0,0.0,0.0,180.0,848.7,13.2,0,254,261
2025-10-21 02:30:37,16.8,69.5,0.0,0.0,0.0,180.0,848.6,13.2,0,253,261
2025-10-21 02:45:41,16.5,70.6,0.0,0.0,0.0,180.0,848.6,13.1,0,255,259
2025-10-21 03:00:34,16.1,71.7,0.0,0.0,0.0,180.0,848.4,12.9,0,254,262
2025-10-21 03:15:38,15.9,73.2,0.0,0.0,0.0,180.0,848.6,12.8,0,253,260
2025-10-21 03:30:43,15.8,73.8,0.0,0.0,0.0,180.0,848.6,12.8,0,254,259
2025-10-21 03:45:48,15.7,74.0,0.0,0.0,0.0,180.0,848.6,12.7,0,252,261
2025-10-21 04:00:53,15.7,74.5,0.0,0.1,0.2,181.0,848.6,12.7,0,253,260
2025-10-21 04:15:58,15.4,75.3,0.0,0.1,0.4,181.0,848.7,12.6,0,253,261
2025-10-21 04:31:03,15.1,75.9,0.0,0.0,0.2,181.0,849.0,12.4,0,252,259
2025-10-21 04:46:40,15.0,76.3,0.0,0.0,0.0,180.0,849.0,12.3,0,252,261
2025-10-21 05:01:45,15.1,76.5,0.0,0.0,0.0,180.0,848.9,12.4,0,253,260
2025-10-21 05:16:49,15.1,76.9,0.0,0.0,0.0,180.0,849.1,12.5,0,254,259
2025-10-21 05:31:54,14.9,77.1,0.0,0.0,0.0,180.0,849.2,12.4,0,252,260
2025-10-21 05:46:59,15.0,77.2,0.0,0.0,0.0,180.0,849.5,12.4,0,254,260
2025-10-21 06:02:04,14.7,78.7,0.0,0.0,0.0,180.0,849.7,12.3,0,261,260
2025-10-21 06:17:08,14.4,80.0,0.0,0.3,0.5,181.0,850.0,12.1,0,311,267
2025-10-21 06:32:33,14.4,79.9,0.0,0.0,0.2,181.0,850.2,12.2,0,421,279
2025-10-21 06:47:43,14.7,79.6,0.0,0.0,0.2,68.0,850.3,12.4,0,599,297
2025-10-21 07:03:08,15.6,76.6,0.0,0.0,0.0,356.0,850.5,12.9,0,912,323
2025-10-21 07:18:13,16.5,74.5,0.0,0.1,0.4,357.0,850.7,13.6,0,1680,380
2025-10-21 07:33:18,18.0,70.8,0.0,0.1,0.4,77.0,850.8,14.5,0,1722,395
2025-10-21 07:48:23,19.6,65.4,0.0,0.4,0.7,63.0,850.8,15.4,0,2787,478
2025-10-21 08:03:28,20.6,61.3,0.0,0.5,0.9,335.0,850.9,15.7,0,2914,497
2025-10-21 08:18:33,21.2,60.3,0.0,0.4,1.1,76.0,851.1,16.1,0,3286,536
2025-10-21 08:33:38,20.2,63.0,0.0,0.2,0.7,87.0,851.2,15.6,0,3611,564
2025-10-21 08:48:43,23.6,54.5,0.0,0.3,0.7,87.0,851.1,17.5,0,4888,670
2025-10-21 09:03:47,23.6,52.5,0.0,0.2,0.4,87.0,851.1,17.2,0,4756,672
2025-10-21 09:19:11,23.2,52.7,0.0,0.5,1.1,87.0,851.0,16.9,0,5226,718
2025-10-21 09:34:16,24.3,49.8,0.0,0.4,1.3,85.0,850.9,17.3,0,1398,400
2025-10-21 09:49:21,24.8,49.0,0.0,0.4,1.5,86.0,850.9,17.7,0,6456,823
2025-10-21 10:04:28,23.8,50.2,0.0,0.9,2.0,97.0,850.8,17.0,0,6916,868
2025-10-21 10:19:33,24.8,48.1,0.0,0.9,2.2,132.0,850.7,17.5,0,7243,904
2025-10-21 10:34:38,25.0,47.2,0.0,0.6,1.1,139.0,850.6,17.6,0,7936,959
2025-10-21 10:49:43,24.0,49.6,0.0,0.3,1.5,161.0,850.6,17.1,0,5544,760
2025-10-21 11:04:48,25.2,46.7,0.0,0.6,1.5,188.0,850.3,17.7,0,4590,692
2025-10-21 11:19:53,26.1,43.7,0.0,0.3,0.9,188.0,850.0,17.9,0,5743,793
2025-10-21 11:35:16,25.7,44.0,0.0,0.5,1.5,88.0,849.8,17.6,0,2625,534
2025-10-21 11:50:21,26.0,43.7,0.0,0.5,1.1,184.0,849.6,17.9,0,8782,1056
2025-10-21 12:05:25,26.9,43.2,0.0,0.9,2.0,183.0,849.2,18.5,0,8962,1058
2025-10-21 12:20:30,26.7,41.4,0.0,0.4,0.7,125.0,849.0,18.0,0,2849,537
2025-10-21 12:35:35,26.6,42.2,0.0,0.1,0.4,85.0,848.7,18.1,0,2332,478
2025-10-21 12:50:40,25.9,42.4,0.0,0.8,1.3,53.0,848.4,17.6,0,2720,501
2025-10-21 13:05:44,26.6,41.1,0.0,0.7,2.0,151.0,848.0,17.9,0,6146,819
2025-10-21 13:20:49,28.3,37.9,0.0,0.4,1.0,176.0,847.6,18.7,0,9094,1073
2025-10-21 13:35:54,27.7,39.2,0.0,0.6,2.8,115.0,847.4,18.4,0,2077,450
2025-10-21 13:50:59,27.0,41.3,0.0,0.3,0.7,122.0,847.0,18.3,0,3259,567
2025-10-21 14:06:23,29.0,36.5,0.0,1.0,1.5,140.0,846.5,18.9,0,2900,524
2025-10-21 14:21:30,27.8,38.5,0.0,1.0,1.7,87.0,846.5,18.4,0,2044,434
2025-10-21 14:36:35,27.8,38.4,0.0,0.8,1.7,76.0,846.4,18.3,0,2202,443
2025-10-21 14:51:40,27.6,39.7,0.0,0.1,0.4,82.0,846.2,18.4,0,1558,384
2025-10-21 15:06:45,27.0,40.0,0.0,1.2,2.0,82.0,846.2,18.0,0,903,321
2025-10-21 15:21:50,26.5,40.9,0.0,0.6,1.3,79.0,846.1,17.8,0,1137,340
2025-10-21 15:36:55,26.6,40.5,0.0,0.9,1.5,84.0,846.1,17.8,0,1095,340
2025-10-21 15:52:00,26.6,40.7,0.0,0.7,1.1,60.0,846.0,17.8,0,1263,355
2025-10-21 16:07:05,26.7,41.0,0.0,1.2,2.0,78.0,845.9,18.0,0,2798,474
2025-10-21 16:22:28,27.2,38.7,0.0,0.2,0.7,88.0,846.0,18.0,0,1834,403
2025-10-21 16:37:33,26.9,38.6,0.0,0.7,1.3,116.0,846.1,17.6,0,1058,337
2025-10-21 16:52:38,26.8,37.7,0.0,1.0,1.5,64.0,846.0,17.4,0,1086,339
2025-10-21 17:07:43,26.5,37.8,0.0,0.5,0.9,91.0,846.0,17.2,0,776,310
2025-10-21 17:22:48,26.2,38.6,0.0,0.2,0.7,92.0,846.0,17.1,0,709,303
2025-10-21 17:37:53,25.9,38.9,0.0,0.3,1.1,93.0,846.4,17.0,0,555,289
2025-10-21 17:52:58,25.8,38.7,0.0,0.0,0.2,121.0,846.6,16.8,0,360,270
2025-10-21 18:08:40,25.5,38.6,0.0,0.2,0.7,121.0,846.8,16.5,0,306,266
2025-10-21 18:23:45,25.3,38.0,0.0,0.6,0.9,145.0,846.9,16.3,0,259,260
2025-10-21 18:38:50,25.0,39.3,0.0,0.1,0.4,145.0,847.1,16.3,0,254,261
2025-10-21 18:53:55,24.4,46.0,0.0,0.0,0.0,145.0,847.2,16.9,0,253,261
2025-10-21 19:08:59,23.9,49.7,0.0,0.0,0.0,145.0,847.4,17.0,0,253,260
2025-10-21 19:24:04,23.5,52.0,0.0,0.1,0.2,145.0,847.6,17.0,0,254,259
2025-10-21 19:39:09,23.3,53.3,0.0,0.0,0.0,145.0,848.0,17.0,0,253,260
2025-10-21 19:54:33,23.1,54.3,0.0,0.0,0.2,145.0,848.1,17.0,0,254,260
2025-10-21 20:09:38,23.1,51.5,0.0,0.0,0.4,145.0,848.3,16.6,0,254,260
2025-10-21 20:25:43,23.7,43.5,0.0,0.1,0.2,145.0,848.5,15.9,0,253,260
2025-10-21 20:40:48,23.7,43.7,0.0,0.8,1.7,170.0,848.6,15.9,0,254,261
2025-10-21 20:55:53,23.4,44.5,0.0,0.0,0.2,137.0,848.9,15.8,0,253,260
2025-10-21 21:10:58,23.1,45.4,0.0,0.7,1.5,169.0,849.1,15.7,0,253,260
2025-10-21 21:26:02,23.0,45.9,0.0,0.9,1.8,111.0,849.4,15.6,0,254,259
2025-10-21 21:41:07,22.8,46.0,0.0,0.6,2.0,141.0,849.6,15.5,0,253,261
2025-10-21 21:56:12,22.6,47.2,0.0,0.1,0.4,131.0,849.9,15.5,0,253,261
2025-10-21 22:11:17,22.3,48.6,0.0,1.0,4.6,154.0,850.1,15.5,0,253,260
2025-10-21 22:26:45,22.1,49.7,0.0,0.5,1.7,172.0,850.2,15.5,0,253,261
2025-10-21 22:41:50,21.9,51.9,0.0,0.2,1.1,135.0,850.3,15.6,0,253,259
2025-10-21 22:56:54,21.6,54.0,0.0,0.5,1.5,170.0,850.4,15.6,0,253,259
2025-10-21 23:12:47,21.3,55.3,0.0,0.6,1.7,152.0,850.5,15.6,0,252,259
2025-10-21 23:27:52,21.1,56.9,0.0,0.3,0.7,167.0,850.7,15.6,0,254,259
2025-10-21 23:42:57,20.8,58.2,0.0,0.4,0.9,88.0,850.5,15.5,0,254,260
2025-10-21 23:58:49,20.5,59.5,0.0,0.5,2.0,88.0,850.5,15.4,0,252,261
2025-10-22 00:13:54,20.1,60.4,0.0,0.0,0.0,129.0,850.4,15.2,0,254,261
2025-10-22 00:28:59,19.9,60.5,0.0,0.1,0.4,144.0,850.3,15.0,0,254,261
2025-10-22 00:44:04,19.7,60.7,0.0,0.6,1.7,144.0,850.4,14.8,0,254,261
2025-10-22 00:59:08,19.6,60.8,0.0,0.0,0.4,144.0,850.3,14.8,0,254,260
2025-10-22 01:14:54,19.3,61.6,0.0,0.1,0.4,142.0,850.2,14.6,0,253,260
2025-10-22 01:29:59,19.1,62.2,0.0,0.1,0.2,142.0,850.1,14.5,0,252,259
2025-10-22 01:45:04,19.0,62.5,0.0,0.1,1.1,146.0,850.1,14.4,0,253,261
2025-10-22 02:00:08,18.8,62.8,0.0,0.7,1.3,146.0,850.0,14.3,0,255,258
2025-10-22 02:15:13,18.7,62.8,0.0,0.2,0.4,146.0,850.0,14.2,0,254,261
2025-10-22 02:30:19,18.5,63.9,0.0,0.0,0.2,146.0,849.8,14.2,0,254,261
2025-10-22 02:45:24,18.4,63.8,0.0,0.2,0.7,146.0,849.6,14.1,0,255,261
2025-10-22 03:00:29,18.3,64.8,0.0,0.2,0.4,146.0,849.6,14.1,0,253,259
2025-10-22 03:15:52,18.0,66.1,0.0,0.0,0.0,146.0,849.7,14.0,0,253,261
2025-10-22 03:30:56,17.7,66.7,0.0,0.1,0.2,146.0,849.7,13.8,0,253,260
2025-10-22 03:46:01,17.6,67.2,0.0,0.0,0.2,146.0,849.8,13.7,0,252,260
2025-10-22 04:01:06,17.4,68.3,0.0,0.0,0.2,146.0,849.8,13.7,0,253,260
2025-10-22 04:16:10,17.3,68.6,0.0,0.0,0.2,146.0,850.0,13.6,0,254,262
2025-10-22 04:31:15,17.2,69.6,0.0,0.0,0.0,146.0,850.1,13.6,0,254,259
2025-10-22 04:46:20,17.0,69.6,0.0,0.0,0.0,146.0,850.0,13.5,0,254,260
2025-10-22 05:01:25,16.9,69.8,0.0,0.0,0.0,146.0,850.2,13.4,0,254,260
2025-10-22 05:16:29,16.8,70.6,0.0,0.0,0.0,146.0,850.3,13.4,0,254,259
2025-10-22 05:32:28,17.0,70.0,0.0,0.1,0.4,146.0,850.3,13.5,0,254,262
2025-10-22 05:47:53,16.9,71.0,0.0,0.0,0.0,146.0,850.4,13.5,0,253,260
2025-10-22 06:02:58,16.8,71.4,0.0,0.0,0.2,146.0,850.5,13.5,0,258,259
2025-10-22 06:18:02,16.9,71.1,0.0,0.1,0.2,162.0,850.7,13.5,0,275,263
2025-10-22 06:33:07,16.9,72.5,0.0,0.2,0.3,174.0,850.9,13.7,0,335,267
2025-10-22 06:48:12,16.9,72.3,0.0,0.0,0.2,174.0,851.2,13.7,0,451,279
2025-10-22 07:03:16,17.1,71.0,0.0,0.0,0.2,174.0,851.4,13.7,0,615,294
2025-10-22 07:18:21,17.4,68.8,0.0,0.4,0.7,174.0,851.6,13.7,0,644,297
2025-10-22 07:33:26,17.7,67.2,0.0,0.1,0.2,174.0,851.7,13.8,0,770,310
2025-10-22 07:48:31,18.1,67.2,0.0,0.0,0.0,174.0,851.9,14.2,0,975,328
2025-10-22 08:03:35,18.5,63.5,0.0,0.2,0.4,174.0,852.0,14.1,0,959,327
2025-10-22 08:19:00,18.7,62.4,0.0,0.0,0.0,174.0,852.1,14.2,0,1164,346
2025-10-22 08:34:06,19.0,60.6,0.0,0.3,0.9,98.0,852.1,14.2,0,1466,372
2025-10-22 08:49:11,19.4,58.7,0.0,0.1,0.4,97.0,852.1,14.3,0,1513,378
2025-10-22 09:04:16,20.3,56.8,0.0,0.2,0.7,19.0,852.1,14.9,0,2614,483
2025-10-22 09:19:21,21.6,51.5,0.0,0.7,1.3,33.0,852.0,15.3,0,4504,655
2025-10-22 09:34:26,22.4,50.3,0.0,0.2,0.7,195.0,852.1,15.8,0,2573,478
2025-10-22 09:49:30,23.1,49.3,0.0,0.0,0.0,192.0,852.0,16.2,0,2581,478
2025-10-22 10:04:35,22.6,51.2,0.0,0.4,0.9,193.0,852.1,16.2,0,3460,561
2025-10-22 10:19:40,23.0,49.3,0.0,0.2,0.9,144.0,852.2,16.2,0,3740,588
2025-10-22 10:35:11,25.3,45.4,0.0,0.0,0.2,145.0,852.0,17.6,0,4814,687
2025-10-22 10:50:16,24.3,46.4,0.0,0.6,1.3,145.0,851.9,16.8,0,4351,651
2025-10-22 11:05:21,23.3,49.5,0.0,0.2,1.1,144.0,851.8,16.5,0,4084,625
2025-10-22 11:20:26,24.4,47.3,0.0,0.1,0.4,109.0,851.5,17.1,0,4028,619
2025-10-22 11:35:30,25.0,45.2,0.0,1.1,2.0,76.0,851.2,17.3,0,4500,662
2025-10-22 11:50:35,25.7,43.8,0.0,0.2,0.9,108.0,851.0,17.6,0,4426,657
2025-10-22 12:05:40,25.4,44.5,0.0,0.1,0.7,83.0,850.8,17.5,0,4495,663
2025-10-22 12:20:44,25.2,45.7,0.0,0.6,1.3,69.0,850.4,17.5,0,6254,826
2025-10-22 12:36:10,26.3,42.7,0.0,0.5,1.1,119.0,850.1,17.9,0,10948,1238
2025-10-22 12:51:15,26.4,42.2,0.0,1.3,2.2,86.0,849.8,17.9,0,5358,748
2025-10-22 13:06:20,26.8,41.5,0.0,0.5,1.1,110.0,849.4,18.1,0,4388,655
2025-10-22 13:21:25,27.1,40.2,0.0,0.4,1.3,107.0,849.2,18.2,0,4739,688
2025-10-22 13:36:28,27.1,40.1,0.0,0.7,2.2,118.0,849.0,18.1,0,4702,681
2025-10-22 13:51:33,27.9,39.9,0.0,0.7,1.7,50.0,848.7,18.7,0,6548,855
2025-10-22 14:06:38,27.5,40.0,0.0,1.1,1.5,128.0,848.5,18.4,0,5305,741
2025-10-22 14:21:43,27.1,40.6,0.0,0.1,0.4,114.0,848.3,18.2,0,3409,558
2025-10-22 14:37:34,26.3,42.2,0.0,1.0,2.6,203.0,848.1,17.8,0,2438,464
2025-10-22 14:52:39,26.3,42.3,0.0,0.3,1.1,195.0,848.1,17.8,0,2513,473
2025-10-22 15:08:25,26.2,42.7,0.0,0.7,1.1,199.0,847.9,17.8,0,2474,469
2025-10-22 15:23:29,26.3,42.1,0.0,0.6,1.1,143.0,847.8,17.8,0,2206,446
2025-10-22 15:38:34,26.2,42.0,0.0,0.8,1.7,143.0,847.8,17.7,0,1212,351
2025-10-22 15:53:38,25.7,42.7,0.0,0.1,0.4,143.0,847.6,17.4,0,684,303
2025-10-22 16:08:43,25.3,43.7,0.0,0.2,1.1,154.0,847.7,17.2,0,528,287
2025-10-22 16:23:48,25.0,44.1,0.0,0.0,0.2,154.0,847.7,17.0,0,485,283
2025-10-22 16:38:53,24.8,44.3,0.0,0.6,1.5,211.0,847.8,16.9,0,413,277
2025-10-22 16:53:59,24.6,45.2,0.0,0.1,0.4,205.0,847.8,16.9,0,339,270
2025-10-22 17:09:22,24.2,49.1,0.0,0.2,0.4,205.0,847.9,17.2,0,308,266
2025-10-22 17:24:27,23.7,51.4,0.0,0.3,0.9,205.0,847.9,17.1,0,319,267
2025-10-22 17:39:32,23.4,52.5,0.0,0.2,0.4,205.0,847.9,17.0,0,315,265
2025-10-22 17:54:37,23.3,51.3,0.0,0.0,0.0,204.0,848.2,16.7,0,298,264
2025-10-22 18:09:42,23.1,52.9,0.0,0.0,0.0,204.0,848.2,16.8,0,270,263
2025-10-22 18:25:30,22.9,54.5,0.0,0.9,1.5,205.0,848.4,16.8,0,254,261
2025-10-22 18:40:35,22.0,59.9,0.0,0.2,0.9,215.0,848.7,16.8,0,254,260
2025-10-22 18:55:46,20.9,66.7,0.0,0.4,0.9,216.0,848.8,16.7,0,254,259
2025-10-22 19:10:51,20.0,66.7,0.0,0.2,0.4,215.0,849.2,15.9,0,254,261
2025-10-22 19:25:56,19.9,66.7,0.0,0.3,0.9,215.0,849.5,15.8,0,253,260
2025-10-22 19:41:01,20.1,71.5,0.0,0.5,1.3,215.0,849.8,16.5,0,254,261
2025-10-22 19:56:06,19.5,73.6,0.0,0.0,0.2,215.0,850.1,16.3,0,255,259
2025-10-22 20:11:29,19.4,74.1,0.0,0.1,0.2,215.0,850.2,16.2,0,254,259
2025-10-22 20:26:34,19.6,71.6,0.0,0.2,0.7,215.0,850.4,16.1,0,254,260
2025-10-22 20:41:39,20.0,69.0,0.0,0.1,0.4,215.0,850.5,16.1,0,253,260
2025-10-22 20:56:44,20.0,69.0,0.0,0.3,0.7,16.0,850.7,16.1,0,253,260
2025-10-22 21:11:49,19.8,69.2,0.0,0.6,1.3,19.0,850.7,16.0,0,253,261
2025-10-22 21:26:55,19.7,69.8,0.0,0.3,0.7,21.0,850.9,16.0,0,252,260
2025-10-22 21:41:59,19.6,70.3,0.0,0.5,1.1,23.0,850.9,15.9,0,253,259
2025-10-22 21:57:05,19.5,71.7,0.0,0.4,0.9,23.0,851.1,16.0,0,253,261
2025-10-22 22:12:10,19.3,71.9,0.0,0.1,0.4,23.0,851.2,15.9,0,254,260
2025-10-22 22:27:35,19.3,72.9,0.0,0.2,0.7,22.0,851.3,16.0,0,253,259
2025-10-22 22:42:40,19.3,72.6,0.0,0.2,0.4,22.0,851.2,15.9,0,254,261
2025-10-22 22:57:45,19.2,73.1,0.0,0.1,0.4,23.0,851.3,15.9,0,254,261
2025-10-22 23:12:50,19.1,72.8,0.0,0.3,0.9,23.0,851.3,15.8,0,254,260
2025-10-22 23:27:55,19.2,73.0,0.0,0.2,0.9,23.0,851.2,15.9,0,254,260
2025-10-22 23:43:00,19.2,73.0,0.0,0.2,0.7,23.0,851.3,15.9,0,253,260
2025-10-22 23:58:04,19.1,73.4,0.0,0.0,0.2,23.0,851.2,15.9,0,252,261
2025-10-23 00:13:09,19.1,73.5,0.0,0.1,0.2,23.0,851.0,15.8,0,253,261
2025-10-23 00:28:14,19.0,74.4,0.0,0.1,0.4,23.0,850.9,15.9,0,253,261
2025-10-23 00:44:07,18.8,75.1,0.0,0.0,0.2,23.0,850.7,15.8,0,254,261
2025-10-23 00:59:48,18.6,76.2,0.0,0.1,0.2,23.0,850.6,15.7,0,253,260
2025-10-23 01:15:19,18.4,76.0,0.0,0.0,0.0,23.0,850.5,15.5,0,254,261
2025-10-23 01:30:42,18.4,76.3,0.0,0.0,0.2,23.0,850.5,15.5,0,254,261
2025-10-23 01:45:47,18.4,76.3,0.0,0.0,0.2,23.0,850.6,15.6,0,252,260
2025-10-23 02:00:52,18.3,76.2,0.0,0.3,0.4,23.0,850.5,15.5,0,253,259
2025-10-23 02:15:56,18.3,71.5,0.0,0.2,0.4,111.0,850.5,14.9,0,254,260
2025-10-23 02:31:09,18.6,67.6,0.0,0.1,0.4,111.0,850.3,14.7,0,254,261
2025-10-23 02:46:14,18.4,67.1,0.0,0.6,1.7,111.0,850.3,14.5,0,254,260
2025-10-23 03:00:18,18.3,67.6,0.0,0.2,1.5,111.0,850.3,14.4,0,252,260
2025-10-23 03:15:23,18.0,69.3,0.0,0.1,0.4,111.0,850.3,14.4,0,253,260
2025-10-23 03:30:48,17.9,71.0,0.0,0.0,0.2,111.0,850.3,14.4,0,254,259
2025-10-23 03:45:53,17.6,73.1,0.0,0.0,0.2,111.0,850.3,14.5,0,254,261
2025-10-23 04:00:58,17.0,74.3,0.0,0.0,0.0,111.0,850.4,14.0,0,253,260
2025-10-23 04:16:02,16.7,75.8,0.0,0.0,0.0,111.0,850.5,13.9,0,252,260
2025-10-23 04:31:42,16.8,75.7,0.0,0.0,0.2,111.0,850.7,14.0,0,253,259
2025-10-23 04:47:06,16.8,76.0,0.0,0.0,0.2,111.0,850.8,14.0,0,252,260
2025-10-23 05:02:11,16.9,76.4,0.0,0.0,0.0,111.0,850.8,14.2,0,253,262
2025-10-23 05:17:16,17.1,76.0,0.0,0.0,0.0,111.0,851.0,14.3,0,254,260
2025-10-23 05:32:20,17.1,75.8,0.0,0.0,0.0,111.0,851.2,14.2,0,254,261
2025-10-23 05:47:25,17.1,75.9,0.0,0.0,0.0,111.0,851.3,14.2,0,254,260
2025-10-23 06:02:30,17.1,76.0,0.0,0.0,0.0,111.0,851.3,14.3,0,258,260
2025-10-23 06:17:35,17.0,76.6,0.0,0.0,0.0,111.0,851.5,14.2,0,289,263
2025-10-23 06:32:40,16.9,76.8,0.0,0.0,0.0,111.0,851.4,14.2,0,381,272
2025-10-23 06:47:45,17.1,76.3,0.0,0.0,0.0,111.0,851.7,14.3,0,453,278
2025-10-23 07:02:51,17.4,75.3,0.0,0.0,0.0,111.0,851.9,14.5,0,467,279
2025-10-23 07:18:13,17.7,75.9,0.0,0.0,0.0,111.0,851.8,14.8,0,618,294
2025-10-23 07:33:18,18.0,75.1,0.0,0.0,0.0,111.0,852.2,15.0,0,759,307
2025-10-23 07:48:23,18.3,74.1,0.0,0.0,0.0,111.0,852.3,15.2,0,913,321
2025-10-23 08:03:28,18.7,73.0,0.0,0.1,0.4,111.0,852.5,15.4,0,1144,343
2025-10-23 08:18:33,19.2,71.0,0.0,0.1,0.7,111.0,852.7,15.7,0,1430,369
2025-10-23 08:33:38,20.0,67.3,0.0,0.3,0.7,111.0,852.7,15.9,0,1760,400
2025-10-23 08:48:42,19.9,65.9,0.0,0.7,1.0,111.0,852.6,15.6,0,1888,411
2025-10-23 09:03:47,20.4,65.1,0.0,0.0,0.2,111.0,852.6,16.0,0,2375,457
2025-10-23 09:18:53,21.8,61.1,0.0,0.1,0.2,111.0,852.6,16.8,0,5717,743
2025-10-23 09:33:58,23.0,57.2,0.0,0.1,0.4,105.0,852.5,17.3,0,6171,787
2025-10-23 09:49:23,23.9,54.2,0.0,0.3,1.1,99.0,852.3,17.7,0,6333,805
2025-10-23 10:04:28,24.2,53.3,0.0,0.2,0.4,103.0,852.2,17.8,0,6774,854
2025-10-23 10:19:33,24.6,52.3,0.0,0.6,1.1,350.0,851.9,18.0,0,7081,885
2025-10-23 10:34:38,24.9,50.6,0.0,0.6,1.0,108.0,851.9,18.0,0,4775,689
2025-10-23 10:49:42,25.0,49.5,0.0,0.9,1.3,26.0,851.5,17.9,0,6180,817
2025-10-23 11:04:47,24.9,50.2,0.0,0.1,0.4,27.0,851.3,18.0,0,2437,475
2025-10-23 11:19:52,26.3,47.4,0.0,0.8,1.3,123.0,851.1,18.7,0,3527,569
2025-10-23 11:34:57,25.2,49.8,0.0,1.1,2.2,79.0,850.9,18.2,0,3543,568
2025-10-23 11:50:02,25.7,50.5,0.0,0.0,0.2,145.0,850.6,18.7,0,3361,551
2025-10-23 12:05:25,25.9,49.6,0.0,0.6,1.3,117.0,850.4,18.7,0,4008,614
2025-10-23 12:20:29,25.8,50.2,0.0,0.8,1.5,69.0,850.1,18.7,0,11049,1197
2025-10-23 12:35:34,26.6,49.3,0.0,0.1,0.4,133.0,849.9,19.3,0,4518,659
2025-10-23 12:50:40,25.5,49.6,0.0,1.5,2.6,80.0,849.6,18.4,0,2890,507
2025-10-23 13:05:44,26.5,47.7,0.0,0.5,1.5,96.0,849.4,18.9,0,3728,587
2025-10-23 13:20:49,24.9,50.7,0.0,0.4,0.7,207.0,849.1,18.0,0,3059,530
2025-10-23 13:35:54,25.8,48.2,0.0,0.8,2.0,96.0,848.7,18.4,0,2946,526
2025-10-23 13:50:59,28.0,44.3,0.0,0.2,0.9,47.0,848.4,19.6,0,8006,951
2025-10-23 14:06:03,29.5,40.8,0.0,1.0,2.2,87.0,848.2,20.2,0,3642,585
2025-10-23 14:21:29,26.6,45.9,0.0,1.6,2.6,188.0,848.0,18.7,0,7658,934
2025-10-23 14:36:33,28.7,41.8,0.0,0.5,2.2,93.0,847.7,19.7,0,2210,482
2025-10-23 14:51:38,29.5,40.0,0.0,1.4,3.3,103.0,847.5,20.1,0,5831,770
2025-10-23 15:06:43,29.1,38.7,0.0,2.3,3.1,195.0,847.3,19.5,0,5375,735
2025-10-23 15:21:49,30.2,38.2,0.0,0.2,0.7,116.0,847.1,20.3,0,4959,692
2025-10-23 15:36:49,29.0,39.8,0.0,1.4,2.8,147.0,846.9,19.6,0,4751,667
2025-10-23 15:51:54,29.2,39.9,0.0,1.5,3.9,111.0,846.8,19.8,0,2038,449
2025-10-23 16:06:59,28.1,40.4,0.0,1.6,3.5,66.0,846.9,19.0,0,1501,387
2025-10-23 16:22:04,27.0,40.2,0.0,1.4,2.6,88.0,847.0,18.0,0,1387,377
2025-10-23 16:37:09,27.3,43.2,0.0,0.8,1.7,122.0,847.0,18.8,0,1181,343
2025-10-23 16:52:35,26.6,44.5,0.0,0.5,1.1,211.0,847.0,18.5,0,851,317
2025-10-23 17:07:40,25.7,46.5,0.0,0.1,0.9,77.0,847.1,18.0,0,790,313
2025-10-23 17:22:46,25.4,47.0,0.0,0.4,0.7,147.0,847.3,17.9,0,504,284
2025-10-23 17:37:50,25.2,47.0,0.0,0.6,1.3,154.0,847.4,17.7,0,402,274
2025-10-23 17:52:56,25.1,47.2,0.0,0.3,0.7,136.0,847.6,17.6,0,331,267
2025-10-23 18:08:06,24.8,48.8,0.0,1.1,2.8,126.0,847.7,17.6,0,305,266
2025-10-23 18:23:11,24.5,49.8,0.0,0.6,1.7,98.0,847.9,17.5,0,261,262
2025-10-23 18:38:15,24.3,50.3,0.0,0.2,0.9,109.0,848.1,17.5,0,254,261
2025-10-23 18:53:39,24.3,50.8,0.0,0.4,0.9,64.0,848.4,17.5,0,254,260
2025-10-23 19:08:44,23.1,57.7,0.0,0.2,0.4,44.0,848.6,17.4,0,253,260
2025-10-23 19:23:49,22.4,63.6,0.0,0.0,0.2,330.0,848.8,17.6,0,252,260
2025-10-23 19:39:49,20.7,70.6,0.0,0.2,0.7,330.0,849.1,17.0,0,254,260
2025-10-23 19:54:54,21.5,66.7,0.0,0.1,0.2,109.0,849.4,17.2,0,252,259
2025-10-23 20:09:58,21.5,65.4,0.0,0.0,0.2,127.0,849.6,17.0,0,253,259
2025-10-23 20:25:04,21.5,66.4,0.0,0.1,0.2,127.0,849.8,17.2,0,254,260
2025-10-23 20:40:09,21.5,65.5,0.0,0.1,0.4,127.0,849.9,17.1,0,254,260
2025-10-23 20:55:14,21.3,67.3,0.0,0.9,1.5,74.0,850.1,17.1,0,253,259
2025-10-23 21:10:19,19.7,76.8,0.2,0.0,0.0,91.0,850.4,16.9,0,253,260
2025-10-23 21:25:23,19.0,79.7,0.2,0.2,0.4,95.0,850.6,16.5,0,253,260
2025-10-23 21:40:46,18.6,81.5,0.6,0.0,0.2,117.0,850.7,16.4,0,254,260
2025-10-23 21:55:51,18.4,81.7,0.0,0.0,0.0,117.0,850.9,16.2,0,254,260
2025-10-23 22:10:56,18.4,85.2,0.19999999999999996,0.0,0.2,117.0,851.0,16.6,0,254,261
2025-10-23 22:26:01,18.2,86.4,0.40000000000000013,0.0,0.0,117.0,851.0,16.6,0,254,260
2025-10-23 22:41:05,18.0,87.0,0.0,0.2,0.7,117.0,851.0,16.4,0,254,260
2025-10-23 22:56:11,18.0,86.1,0.0,0.3,0.9,348.0,851.0,16.3,0,254,260
2025-10-23 23:11:16,17.8,86.3,0.0,0.2,0.4,47.0,851.0,16.2,0,253,259
2025-10-23 23:26:21,17.7,86.7,0.0,0.6,1.3,49.0,851.0,16.2,0,253,260
2025-10-23 23:41:26,17.4,88.1,0.19999999999999996,0.1,0.2,38.0,850.8,16.0,0,255,260
2025-10-23 23:56:31,17.3,89.0,0.19999999999999996,0.1,0.4,26.0,850.8,16.0,0,253,259
2025-10-24 00:11:53,17.3,89.7,0.0,0.0,0.2,26.0,850.7,16.1,0,255,260
2025-10-24 00:27:00,17.2,89.9,0.20000000000000018,0.2,0.4,40.0,850.6,16.0,0,253,260
2025-10-24 00:42:05,17.2,90.3,0.19999999999999973,0.1,0.4,40.0,850.5,16.1,0,254,260
2025-10-24 00:57:10,17.2,90.5,0.0,0.1,0.2,40.0,850.4,16.1,0,254,260
2025-10-24 01:12:15,17.2,90.8,0.3999999999999999,0.2,0.4,40.0,850.3,16.1,0,253,261
2025-10-24 01:27:20,17.1,91.3,1.0,0.1,0.4,40.0,850.2,16.0,0,254,259
2025-10-24 01:42:25,17.0,91.7,0.20000000000000018,0.2,0.7,40.0,850.0,16.0,0,254,261
2025-10-24 01:57:29,17.0,91.8,0.0,0.0,0.0,40.0,849.9,16.0,0,253,260
2025-10-24 02:12:34,17.1,92.0,0.0,0.3,0.9,40.0,849.7,16.1,0,254,260
2025-10-24 02:27:59,17.0,92.1,0.0,0.0,0.0,40.0,849.6,16.1,0,253,259
2025-10-24 02:43:04,17.1,92.3,0.0,0.0,0.0,40.0,849.7,16.2,0,254,260
2025-10-24 02:58:09,17.1,92.4,0.0,0.0,0.0,40.0,849.8,16.2,0,253,261
2025-10-24 03:00:09,17.1,92.4,0.0,0.0,0.2,40.0,849.7,16.2,0,254,260
2025-10-24 03:15:14,17.1,92.4,0.0,0.0,0.0,40.0,849.6,16.2,0,254,260
2025-10-24 03:30:45,17.1,92.4,0.0,0.0,0.2,40.0,849.7,16.2,0,252,261
2025-10-24 03:46:10,17.2,92.5,0.0,0.0,0.0,40.0,849.6,16.3,0,253,260
2025-10-24 04:01:15,17.2,92.4,0.0,0.0,0.0,40.0,849.8,16.3,0,254,261
2025-10-24 04:16:20,17.3,92.4,0.0,0.0,0.0,40.0,849.8,16.4,0,252,260
2025-10-24 04:31:24,17.4,92.5,0.0,0.1,0.4,40.0,850.0,16.5,0,252,262
2025-10-24 04:46:29,17.3,92.0,0.0,0.2,0.4,42.0,850.1,16.4,0,253,260
2025-10-24 05:01:34,17.3,91.8,0.0,0.1,0.7,42.0,850.2,16.3,0,253,261
2025-10-24 05:16:39,17.3,91.7,0.0,0.0,0.0,42.0,850.6,16.3,0,253,260
2025-10-24 05:31:44,17.3,91.6,0.0,0.0,0.0,42.0,850.7,16.3,0,253,261
2025-10-24 05:46:48,17.4,91.7,0.20000000000000018,0.0,0.0,42.0,850.8,16.4,0,253,260
2025-10-24 06:01:53,17.4,91.5,0.0,0.2,0.7,42.0,851.0,16.4,0,255,260
2025-10-24 06:17:18,17.4,91.2,0.0,0.1,0.4,42.0,851.0,16.3,0,268,263
2025-10-24 06:32:22,17.4,90.8,0.0,0.5,1.3,41.0,851.1,16.3,0,324,267
2025-10-24 06:47:27,17.4,90.6,0.0,0.3,0.7,49.0,851.1,16.3,0,419,274
2025-10-24 07:02:32,17.6,90.5,0.0,0.7,2.0,70.0,851.3,16.4,0,417,277
2025-10-24 07:18:26,17.7,90.6,0.0,0.6,1.1,78.0,851.5,16.6,0,475,283
2025-10-24 07:33:31,17.7,90.0,0.0,1.1,2.0,84.0,851.6,16.5,0,423,277
2025-10-24 07:48:36,17.8,89.9,0.0,0.2,0.4,317.0,851.8,16.6,0,733,307
2025-10-24 08:03:41,18.2,88.8,0.0,0.1,0.4,219.0,852.1,16.8,0,1270,357
2025-10-24 08:18:46,18.4,87.9,0.0,0.1,0.4,204.0,852.2,16.9,0,691,302
2025-10-24 08:33:51,18.5,86.8,0.0,0.1,0.4,204.0,852.2,16.9,0,1366,367
2025-10-24 08:48:56,19.1,84.3,0.0,0.3,0.9,203.0,852.2,17.2,0,1864,414
2025-10-24 09:04:01,19.9,82.0,0.0,0.2,0.4,203.0,852.1,17.7,0,2263,449
2025-10-24 09:19:26,20.1,80.3,0.0,0.7,1.1,203.0,852.2,17.6,0,1668,396
2025-10-24 09:34:31,20.4,80.5,0.0,0.1,0.4,203.0,852.2,17.9,0,796,314
2025-10-24 09:49:36,19.9,79.7,0.0,0.0,0.2,203.0,852.2,17.4,0,903,325
2025-10-24 10:04:41,19.5,82.2,0.0,0.0,0.2,203.0,852.3,17.4,0,699,307
2025-10-24 10:19:46,19.3,84.3,0.0,0.1,0.4,203.0,852.2,17.4,0,908,326
2025-10-24 10:34:51,18.9,85.8,0.0,0.4,1.1,203.0,852.2,17.2,0,1265,362
2025-10-24 10:49:56,19.1,85.8,0.0,0.1,0.4,321.0,852.0,17.3,0,1526,381
2025-10-24 11:05:01,19.5,82.9,0.0,0.1,0.4,225.0,851.8,17.4,0,1972,423
2025-10-24 11:20:06,20.3,79.8,0.0,0.4,1.1,225.0,851.6,17.8,0,2315,456
2025-10-24 11:35:11,21.2,77.0,0.0,0.0,0.0,225.0,851.3,18.3,0,2598,483
2025-10-24 11:50:34,21.9,71.7,0.0,0.5,0.9,215.0,851.2,18.3,0,3465,565
2025-10-24 12:05:39,22.6,68.6,0.0,0.7,1.3,25.0,851.0,18.5,0,4140,630
2025-10-24 12:20:45,22.3,72.8,0.0,0.7,1.1,253.0,850.6,18.8,0,4079,627
2025-10-24 12:35:50,22.6,69.5,0.0,0.3,0.9,44.0,850.4,18.7,0,4353,652
2025-10-24 12:51:47,22.6,69.4,0.0,0.4,0.8,334.0,849.9,18.6,0,4088,628
2025-10-24 13:06:51,23.7,67.8,0.0,0.3,0.9,19.0,849.5,19.4,0,3594,580
2025-10-24 13:21:56,23.9,63.5,0.0,0.7,1.5,344.0,849.3,19.0,0,3848,603
2025-10-24 13:37:01,24.2,63.9,0.0,0.2,0.7,64.0,849.1,19.4,0,4002,616
2025-10-24 13:52:06,25.3,61.3,0.0,0.5,1.3,63.0,848.8,20.0,0,3458,566
2025-10-24 14:07:11,25.2,61.1,0.0,0.7,1.1,70.0,848.6,19.8,0,3786,598
2025-10-24 14:22:35,25.2,59.2,0.0,0.5,0.9,70.0,848.6,19.6,0,4092,623
2025-10-24 14:37:40,25.2,59.4,0.0,0.7,1.3,64.0,848.4,19.6,0,2923,514
2025-10-24 14:52:45,24.7,60.5,0.0,0.5,1.1,50.0,848.2,19.3,0,2525,480
2025-10-24 15:07:50,24.6,60.0,0.0,0.1,0.9,47.0,848.0,19.2,0,2157,447
2025-10-24 15:22:55,25.2,57.6,0.0,0.3,1.1,73.0,847.9,19.3,0,3380,554
2025-10-24 15:37:59,25.6,53.9,0.0,0.6,1.2,35.0,847.6,19.1,0,2367,465
2025-10-24 15:53:04,26.6,45.5,0.0,1.6,2.4,64.0,847.6,18.6,0,2926,525
2025-10-24 16:08:10,26.8,43.9,0.0,1.7,2.8,70.0,847.5,18.5,0,1745,413
2025-10-24 16:23:15,26.3,45.5,0.0,0.9,2.8,62.0,847.6,18.4,0,1711,404
2025-10-24 16:38:39,26.0,46.1,0.0,0.4,0.9,64.0,847.7,18.3,0,1352,369
2025-10-24 16:53:44,25.7,47.3,0.0,0.2,1.1,70.0,847.6,18.2,0,1049,340
2025-10-24 17:08:48,25.4,48.4,0.0,0.2,0.9,69.0,847.6,18.1,0,1038,337
2025-10-24 17:23:53,25.1,51.0,0.0,0.4,1.1,35.0,847.6,18.2,0,951,329
2025-10-24 17:39:51,24.5,56.3,0.0,0.3,0.7,45.0,847.8,18.5,0,567,292
2025-10-24 17:54:57,23.9,59.0,0.0,0.7,1.3,56.0,847.9,18.3,0,558,287
2025-10-24 18:10:02,23.4,61.4,0.0,0.7,1.3,66.0,848.0,18.2,0,291,266
2025-10-24 18:25:07,22.7,65.5,0.0,0.3,0.9,74.0,848.2,18.2,0,262,262
2025-10-24 18:40:12,22.0,66.5,0.0,0.5,0.9,103.0,848.2,17.7,0,253,260
2025-10-24 18:55:17,21.5,68.4,0.0,0.3,0.9,110.0,848.3,17.5,0,253,260
2025-10-24 19:10:22,21.0,70.1,0.0,0.3,0.4,110.0,848.6,17.2,0,253,259
2025-10-24 19:25:46,20.6,71.1,0.0,0.0,0.0,110.0,848.9,17.0,0,253,261
2025-10-24 19:40:51,20.5,71.7,0.0,0.0,0.2,110.0,849.2,16.9,0,254,260
2025-10-24 19:55:56,20.5,69.7,0.0,0.0,0.2,110.0,849.4,16.7,0,254,259
2025-10-24 20:11:54,20.2,71.9,0.0,0.0,0.2,110.0,849.8,16.7,0,254,260
2025-10-24 20:26:59,20.2,72.1,0.0,0.0,0.0,110.0,849.8,16.7,0,253,260
2025-10-24 20:42:04,20.1,75.3,0.0,0.0,0.2,110.0,850.1,17.0,0,254,259
2025-10-24 20:57:10,20.0,75.4,0.0,0.5,1.7,110.0,850.4,16.9,0,253,261
2025-10-24 21:12:15,20.0,75.1,0.0,0.0,0.4,110.0,850.5,16.9,0,253,262
2025-10-24 21:27:20,20.0,74.9,0.0,0.1,0.4,110.0,850.6,16.9,0,253,261
2025-10-24 21:42:55,19.9,75.8,0.0,0.2,0.7,110.0,850.7,16.9,0,253,260
2025-10-24 21:58:00,19.9,75.3,0.0,0.3,0.7,110.0,850.7,16.9,0,253,261
2025-10-24 22:13:05,19.9,75.3,0.0,0.0,0.0,110.0,850.7,16.9,0,254,259
2025-10-24 22:28:10,19.8,73.8,0.0,0.1,0.2,82.0,850.8,16.6,0,253,260
2025-10-24 22:43:15,19.6,75.0,0.0,0.4,0.7,81.0,850.8,16.5,0,253,259
2025-10-24 22:58:21,19.4,76.5,0.0,0.4,1.1,102.0,850.8,16.5,0,254,260
2025-10-24 23:13:25,19.3,76.5,0.0,0.5,0.9,102.0,850.9,16.4,0,253,259
2025-10-24 23:28:30,19.3,76.7,0.0,0.1,0.2,102.0,850.9,16.5,0,253,259
2025-10-24 23:43:56,19.2,78.8,0.0,0.3,0.7,102.0,850.8,16.6,0,254,260
2025-10-24 23:58:58,18.9,80.5,0.0,0.8,1.5,93.0,850.8,16.6,0,253,259
2025-10-25 00:14:03,18.6,82.6,0.0,0.0,0.2,108.0,850.8,16.5,0,253,260
2025-10-25 00:29:08,18.6,82.2,0.0,0.1,0.2,108.0,850.7,16.4,0,253,261
2025-10-25 00:44:13,18.4,82.6,0.0,0.1,0.4,108.0,850.5,16.3,0,254,259
2025-10-25 00:59:18,18.4,83.6,0.0,0.7,1.3,108.0,850.4,16.4,0,253,261
2025-10-25 01:14:23,18.2,84.5,0.0,0.1,0.2,108.0,850.2,16.4,0,254,259
2025-10-25 01:29:28,18.2,85.7,0.0,0.2,0.4,108.0,850.1,16.4,0,254,261
2025-10-25 01:44:33,17.9,85.8,0.0,0.5,1.5,108.0,850.0,16.2,0,254,260
2025-10-25 01:59:38,17.6,86.8,0.0,0.5,1.8,63.0,849.8,16.0,0,253,260
2025-10-25 02:15:21,17.5,87.7,0.0,0.1,0.4,70.0,849.6,16.0,0,253,260
2025-10-25 02:30:45,17.2,88.5,0.0,0.3,0.7,54.0,849.6,15.9,0,253,261
2025-10-25 02:45:50,17.0,89.4,0.0,0.2,0.4,5.0,849.5,15.7,0,253,261
2025-10-25 03:00:54,16.9,89.9,0.0,0.2,0.9,5.0,849.5,15.7,0,254,261
2025-10-25 03:16:54,17.0,89.7,0.0,0.3,0.7,323.0,849.1,15.8,0,254,260
2025-10-25 03:31:59,17.1,89.5,0.0,0.4,0.7,332.0,849.0,15.9,0,254,260
2025-10-25 03:47:03,17.1,89.1,0.0,0.0,0.0,91.0,848.9,15.8,0,253,261
2025-10-25 04:02:56,17.1,89.3,0.0,0.0,0.0,62.0,849.2,15.8,0,252,259
2025-10-25 04:18:01,17.1,89.1,0.0,0.1,0.4,62.0,849.3,15.8,0,254,260
2025-10-25 04:33:06,17.2,89.0,0.0,0.1,0.4,61.0,849.4,15.9,0,254,261
2025-10-25 04:48:10,17.1,88.8,0.0,0.2,0.7,61.0,849.5,15.8,0,253,261
2025-10-25 05:03:15,17.0,88.9,0.0,0.0,0.0,61.0,849.5,15.7,0,254,261
2025-10-25 05:18:20,16.8,89.1,0.0,0.0,0.0,61.0,849.7,15.5,0,253,261
2025-10-25 05:33:24,16.5,89.7,0.0,0.0,0.0,61.0,849.9,15.3,0,253,260
2025-10-25 05:48:30,16.4,90.4,0.0,0.0,0.0,61.0,850.1,15.3,0,253,260
2025-10-25 06:03:53,16.5,91.0,0.0,0.0,0.4,61.0,850.1,15.5,0,259,260
2025-10-25 06:18:58,16.6,90.8,0.0,0.0,0.2,61.0,850.4,15.6,0,291,265
2025-10-25 06:34:03,16.8,90.3,0.0,0.0,0.0,61.0,850.5,15.7,0,394,272
2025-10-25 06:49:08,17.0,89.7,0.0,0.0,0.0,80.0,850.6,15.8,0,582,288
2025-10-25 07:04:13,17.4,87.7,0.0,0.2,0.7,79.0,850.8,15.9,0,598,292
2025-10-25 07:19:18,17.9,86.2,0.0,0.0,0.2,78.0,850.9,16.2,0,749,308
2025-10-25 07:34:23,18.1,83.9,0.0,0.0,0.2,78.0,851.1,16.2,0,1032,333
2025-10-25 07:50:06,18.7,81.6,0.0,0.2,0.4,78.0,851.3,16.5,0,1350,363
2025-10-25 08:05:11,19.3,78.6,0.0,0.4,0.9,69.0,851.3,16.7,0,1699,397
2025-10-25 08:20:16,20.0,78.3,0.0,0.2,0.4,357.0,851.5,17.3,0,1831,411
2025-10-25 08:35:21,21.0,74.7,0.0,0.6,1.5,36.0,851.5,17.8,0,2442,473
2025-10-25 08:50:26,22.0,68.3,0.0,0.4,1.1,9.0,851.3,17.9,0,4122,625
2025-10-25 09:05:31,24.5,60.6,0.0,0.2,0.7,31.0,851.2,19.1,0,2551,492
2025-10-25 09:20:35,23.9,60.0,0.0,1.0,1.5,71.0,851.2,18.5,0,5597,760
2025-10-25 09:35:40,25.9,53.8,0.0,0.2,1.1,110.0,851.0,19.4,0,6405,837
2025-10-25 09:51:21,26.5,50.6,0.0,0.6,1.3,15.0,850.8,19.4,0,6225,825
2025-10-25 10:06:26,27.0,49.5,0.0,1.1,2.0,72.0,850.8,19.6,0,6967,884
2025-10-25 10:21:30,25.8,51.7,0.0,0.2,0.9,53.0,850.7,18.9,0,3996,632
2025-10-25 10:36:35,25.4,52.4,0.0,0.4,0.9,100.0,850.7,18.7,0,8219,989
2025-10-25 10:51:40,25.6,53.2,0.0,1.6,2.4,73.0,850.5,19.0,0,3052,560
2025-10-25 11:06:44,25.9,52.3,0.0,0.9,2.0,194.0,850.2,19.1,0,8109,980
2025-10-25 11:22:07,28.0,48.8,0.0,0.7,1.7,168.0,850.0,20.3,0,3208,571
2025-10-25 11:37:46,26.1,50.5,0.0,0.2,0.7,134.0,849.9,19.0,0,8666,1028
2025-10-25 11:53:08,27.1,48.6,0.0,0.6,1.5,134.0,849.6,19.6,0,2500,480
2025-10-25 12:08:13,26.2,51.0,0.0,0.2,0.7,133.0,849.3,19.2,0,2948,531
2025-10-25 12:23:18,27.9,46.7,0.0,1.5,2.8,67.0,848.8,19.9,0,8476,1021
2025-10-25 12:38:23,26.9,48.4,0.0,0.3,1.1,147.0,848.7,19.4,0,1879,420
2025-10-25 12:53:28,26.1,47.6,0.0,0.7,2.0,192.0,848.3,18.6,0,6402,847
2025-10-25 13:08:33,28.5,43.4,0.0,0.9,2.6,91.0,848.0,19.8,0,2989,531
2025-10-25 13:23:37,27.1,47.7,0.0,1.0,3.1,106.0,847.6,19.4,0,8681,1042
2025-10-25 13:38:42,29.0,44.5,0.0,0.5,1.7,108.0,847.3,20.5,0,8499,1029
2025-10-25 13:53:47,29.2,41.8,0.0,1.1,1.7,36.0,847.0,20.1,0,2520,505
2025-10-25 14:08:52,27.9,42.6,0.0,0.7,2.0,146.0,846.7,19.2,0,2208,457
2025-10-25 14:24:02,28.6,43.0,0.0,0.8,1.7,113.0,846.6,19.8,0,7130,893
2025-10-25 14:39:19,29.2,40.7,0.0,1.3,2.2,90.0,846.5,19.9,0,1846,426
2025-10-25 14:54:24,27.8,42.1,0.0,0.6,1.3,116.0,846.4,19.0,0,2177,452
2025-10-25 15:09:29,27.9,42.9,0.0,0.5,0.9,90.0,846.2,19.3,0,1646,393
2025-10-25 15:24:33,27.7,43.5,0.0,0.2,0.7,142.0,846.3,19.2,0,2365,462
2025-10-25 15:39:38,28.6,42.2,0.0,1.4,2.8,94.0,846.2,19.7,0,2141,442
2025-10-25 15:54:43,28.4,43.5,0.0,1.2,2.4,99.0,846.1,19.7,0,3497,554
2025-10-25 16:09:48,27.5,44.0,0.0,1.2,2.8,63.0,846.1,19.1,0,1421,373
2025-10-25 16:24:53,27.2,44.9,0.0,0.3,0.7,127.0,846.1,19.1,0,1470,375
2025-10-25 16:39:58,27.0,45.3,0.0,0.7,1.7,92.0,846.1,19.0,0,1556,384
2025-10-25 16:55:33,26.3,45.9,0.0,1.3,3.1,124.0,846.2,18.5,0,851,318
2025-10-25 17:10:39,26.2,47.0,0.0,1.1,2.2,92.0,846.1,18.5,0,857,316
2025-10-25 17:25:43,25.7,47.3,0.0,0.2,0.8,91.0,846.2,18.2,0,381,272
2025-10-25 17:40:49,24.8,53.2,0.0,1.9,4.4,61.0,846.5,18.3,0,413,277
2025-10-25 17:55:53,24.1,55.6,0.0,0.8,2.8,106.0,846.8,18.1,0,305,264
2025-10-25 18:10:59,23.8,55.9,0.0,0.6,1.1,76.0,847.0,17.8,0,278,265
2025-10-25 18:26:03,23.5,56.8,0.0,0.0,0.2,108.0,847.3,17.7,0,256,261
2025-10-25 18:41:26,22.5,63.2,0.0,0.7,1.1,111.0,847.6,17.7,0,254,261
2025-10-25 18:56:30,20.7,73.7,0.0,0.3,0.7,192.0,847.8,17.4,0,252,261
2025-10-25 19:11:35,20.2,79.2,0.0,0.0,0.0,191.0,847.7,17.6,0,253,260
2025-10-25 19:26:40,20.0,78.6,0.0,0.0,0.0,191.0,847.7,17.4,0,253,260
2025-10-25 19:41:45,20.1,77.5,0.2,0.3,0.4,192.0,847.9,17.3,0,253,260
2025-10-25 19:56:50,19.3,82.0,0.2,0.2,0.4,192.0,848.2,17.1,0,253,261
2025-10-25 20:11:55,19.4,79.6,0.0,0.1,0.4,192.0,848.4,16.9,0,254,261
2025-10-25 20:27:00,19.6,79.8,0.0,0.4,0.7,192.0,848.6,17.1,0,253,259
2025-10-25 20:42:05,19.7,76.5,0.0,0.2,0.4,192.0,848.9,16.8,0,253,260
2025-10-25 20:57:28,20.0,75.0,0.0,0.0,0.0,191.0,849.1,16.9,0,253,260
2025-10-25 21:12:33,20.1,73.1,0.0,0.2,0.9,192.0,849.5,16.8,0,253,260
2025-10-25 21:27:38,20.5,69.1,0.0,0.1,0.8,192.0,849.7,16.6,0,253,260
2025-10-25 21:42:43,20.5,70.5,0.0,0.0,0.0,191.0,849.9,16.8,0,253,261
2025-10-25 21:57:48,20.5,71.0,0.0,0.3,0.7,192.0,850.3,16.9,0,253,261
2025-10-25 22:12:52,20.5,73.4,0.0,0.1,0.4,250.0,850.4,17.1,0,253,259
2025-10-25 22:27:57,20.4,72.4,0.0,0.0,0.2,208.0,850.4,16.9,0,252,260
2025-10-25 22:43:02,20.0,77.0,0.0,0.2,0.7,208.0,850.5,17.2,0,252,262
2025-10-25 22:58:40,19.4,80.9,0.0,0.2,0.9,19.0,850.5,17.1,0,253,260
2025-10-25 23:14:33,19.2,81.2,0.0,0.1,0.4,257.0,850.6,16.9,0,254,260
2025-10-25 23:29:34,19.2,81.1,0.0,0.1,0.2,257.0,850.6,16.9,0,252,260
2025-10-25 23:44:39,19.0,81.8,0.0,0.2,0.4,257.0,850.5,16.8,0,254,258
2025-10-25 23:59:44,19.0,81.6,0.0,0.2,0.4,257.0,850.4,16.7,0,253,260
2025-10-26 00:14:51,18.8,82.1,0.0,0.4,0.9,257.0,850.3,16.6,0,253,260
2025-10-26 00:29:56,18.6,79.1,0.0,0.5,0.7,23.0,850.2,16.0,0,254,261
2025-10-26 00:45:02,18.6,78.2,0.0,0.3,0.9,20.0,850.0,16.0,0,253,259
2025-10-26 01:00:08,18.7,78.9,0.0,0.2,0.4,18.0,849.9,16.1,0,254,260
2025-10-26 01:15:57,18.7,78.4,0.0,0.3,0.7,33.0,849.8,16.1,0,254,261
2025-10-26 01:31:23,18.6,78.9,0.0,0.3,1.2,33.0,849.8,16.1,0,253,261
2025-10-26 01:46:28,18.6,77.9,0.0,0.6,1.1,33.0,849.6,15.9,0,252,261
2025-10-26 02:01:32,18.5,78.6,0.0,0.0,0.2,33.0,849.4,15.9,0,253,261
2025-10-26 02:16:38,18.4,79.4,0.0,0.3,0.7,33.0,849.1,15.9,0,254,260
2025-10-26 02:31:43,18.0,80.3,0.0,0.1,0.4,33.0,848.8,15.7,0,253,261
2025-10-26 02:46:56,17.7,81.6,0.0,0.1,0.4,32.0,848.5,15.5,0,253,260
2025-10-26 03:00:01,17.5,83.0,0.0,0.4,1.3,33.0,848.3,15.4,0,253,260
2025-10-26 03:15:26,17.3,84.2,0.0,0.1,0.4,33.0,848.2,15.4,0,253,261
2025-10-26 03:30:31,17.2,83.4,0.0,0.2,0.7,33.0,848.4,15.2,0,253,260
2025-10-26 03:45:36,17.3,82.4,0.0,0.2,0.7,33.0,848.5,15.2,0,253,260
2025-10-26 04:00:41,17.5,81.0,0.0,0.0,0.2,33.0,848.7,15.2,0,254,260
2025-10-26 04:15:46,17.6,81.4,0.0,0.0,0.2,33.0,848.8,15.4,0,253,259
2025-10-26 04:30:51,17.5,82.0,0.0,0.0,0.0,33.0,848.9,15.4,0,253,260
2025-10-26 04:45:56,17.2,83.0,0.0,0.1,0.4,33.0,849.0,15.2,0,252,260
2025-10-26 05:01:01,17.1,83.3,0.0,0.3,0.9,33.0,849.0,15.1,0,253,261
2025-10-26 05:16:06,17.0,83.8,0.0,0.0,0.0,33.0,849.2,15.1,0,252,260
2025-10-26 05:31:31,16.6,85.7,0.0,0.0,0.0,33.0,849.4,14.9,0,254,259
2025-10-26 05:46:36,16.3,86.8,0.0,0.0,0.0,33.0,849.7,14.7,0,252,260
2025-10-26 06:01:41,16.1,87.7,0.0,0.1,0.4,33.0,849.8,14.7,0,262,261
2025-10-26 06:16:46,15.9,88.3,0.0,0.0,0.0,33.0,850.0,14.6,0,320,267
2025-10-26 06:31:51,16.2,89.4,0.0,0.0,0.0,33.0,850.0,14.9,0,473,281
2025-10-26 06:46:56,16.7,88.3,0.0,0.0,0.2,99.0,850.3,15.3,0,563,289
2025-10-26 07:02:01,17.1,86.0,0.0,0.3,0.4,86.0,850.6,15.5,0,637,298
2025-10-26 07:17:06,17.4,85.2,0.0,0.1,0.4,89.0,850.6,15.7,0,756,309
2025-10-26 07:32:11,17.5,84.8,0.0,0.2,0.7,89.0,850.7,15.7,0,861,320
2025-10-26 07:47:37,18.3,83.3,0.0,0.0,0.0,90.0,850.9,16.3,0,1511,382
2025-10-26 08:02:42,19.1,79.0,0.0,0.3,0.7,144.0,851.0,16.5,0,1589,388
2025-10-26 08:17:54,19.4,76.5,0.0,0.9,2.0,144.0,850.9,16.5,0,2403,470
2025-10-26 08:33:00,20.4,73.6,0.0,0.0,0.0,254.0,851.0,17.1,0,2042,437
2025-10-26 08:48:04,22.3,67.2,0.0,0.0,0.4,11.0,850.9,18.0,0,4482,650
2025-10-26 09:03:09,22.1,67.5,0.0,0.0,0.2,246.0,851.0,17.9,0,4885,689
2025-10-26 09:18:14,23.5,61.5,0.0,0.1,0.7,246.0,851.0,18.4,0,5614,758
2025-10-26 09:33:19,24.0,59.1,0.0,0.2,1.1,198.0,850.9,18.4,0,1854,431
2025-10-26 09:48:43,22.9,62.6,0.0,0.4,0.9,211.0,851.0,17.9,0,3244,557
2025-10-26 10:03:48,23.4,61.2,0.0,0.6,1.1,240.0,850.9,18.3,0,4093,618
2025-10-26 10:18:53,23.1,62.5,0.0,0.0,0.0,242.0,850.9,18.2,0,2065,429
2025-10-26 10:33:58,22.9,61.7,0.0,0.8,1.3,243.0,850.8,17.9,0,2190,443
2025-10-26 10:49:49,23.1,60.7,0.0,0.8,1.3,222.0,850.6,17.9,0,2471,473
2025-10-26 11:04:54,24.1,57.3,0.0,0.5,1.1,222.0,850.3,18.4,0,3286,557
2025-10-26 11:19:59,25.7,54.2,0.0,0.2,0.7,29.0,850.0,19.3,0,8913,1076
2025-10-26 11:35:04,26.4,50.4,0.0,0.9,2.0,29.0,849.7,19.3,0,8845,1066
2025-10-26 11:50:09,26.8,48.6,0.0,1.2,2.2,126.0,849.4,19.3,0,4165,636
2025-10-26 12:05:14,27.5,48.3,0.0,0.0,0.2,208.0,849.1,19.8,0,7003,897
2025-10-26 12:20:19,27.5,46.7,0.0,0.4,1.3,197.0,848.8,19.6,0,2766,504
2025-10-26 12:35:58,26.9,47.4,0.0,0.9,1.7,197.0,848.6,19.2,0,3420,573
2025-10-26 12:51:56,27.5,46.9,0.0,0.4,0.9,197.0,848.2,19.6,0,3084,535
2025-10-26 13:07:00,27.5,44.9,0.0,0.2,1.0,197.0,847.9,19.3,0,2726,501
2025-10-26 13:22:06,28.0,46.9,0.0,0.7,1.3,162.0,847.7,20.1,0,1747,417
2025-10-26 13:37:10,26.9,47.9,0.0,0.4,0.9,162.0,847.5,19.3,0,1465,378
2025-10-26 13:52:15,25.7,50.6,0.0,1.6,3.5,5.0,847.5,18.7,0,4435,668
2025-10-26 14:07:20,27.6,46.6,0.0,1.9,3.9,40.0,847.2,19.6,0,7754,954
2025-10-26 14:22:25,27.7,46.2,0.0,1.2,2.4,32.0,847.1,19.7,0,1954,435
2025-10-26 14:37:52,26.5,51.1,0.0,0.9,2.2,57.0,846.7,19.4,0,2501,481
2025-10-26 14:52:57,26.4,50.5,0.0,0.7,1.5,46.0,846.6,19.3,0,1495,383
2025-10-26 15:08:02,26.5,49.2,0.0,0.5,1.3,326.0,846.4,19.2,0,2317,470
2025-10-26 15:23:07,29.2,44.9,0.0,0.7,1.5,24.0,846.4,20.7,0,1670,412
2025-10-26 15:38:13,27.4,46.6,0.0,0.8,2.0,26.0,846.7,19.5,0,1617,396
2025-10-26 15:53:18,24.2,56.7,0.0,0.8,2.2,174.0,846.9,18.3,0,2039,430
2025-10-26 16:08:22,24.2,55.0,0.0,0.6,2.6,193.0,846.8,18.0,0,1651,392
2025-10-26 16:23:27,22.9,51.5,0.0,1.3,2.6,147.0,846.8,16.4,0,1108,342
2025-10-26 16:38:32,22.1,55.3,0.0,0.2,0.9,112.0,846.7,16.3,0,980,332
2025-10-26 16:53:58,22.1,55.4,0.0,0.3,0.9,140.0,846.7,16.3,0,798,322
2025-10-26 17:09:00,22.9,51.9,0.0,0.4,1.1,141.0,846.7,16.5,0,722,320
2025-10-26 17:24:05,23.7,50.1,0.0,0.7,1.7,47.0,846.7,16.9,0,960,328
2025-10-26 17:39:10,24.1,52.4,0.0,0.1,0.4,47.0,846.9,17.6,0,574,290
2025-10-26 17:54:15,23.9,54.9,0.0,0.0,0.0,47.0,847.2,17.8,0,402,275
2025-10-26 18:09:20,23.6,56.5,0.0,0.0,0.2,47.0,847.3,17.7,0,301,265
2025-10-26 18:24:25,23.1,58.8,0.0,0.0,0.2,47.0,847.5,17.7,0,262,261
2025-10-26 18:39:30,22.8,59.0,0.0,0.5,0.9,47.0,847.7,17.4,0,253,261
2025-10-26 18:54:35,22.7,57.0,0.0,0.4,0.7,47.0,847.9,17.0,0,254,261
2025-10-26 19:09:40,22.6,56.5,0.0,0.2,0.7,47.0,847.8,16.8,0,254,261
2025-10-26 19:25:04,22.3,57.3,0.0,0.1,0.2,46.0,848.0,16.7,0,253,259
2025-10-26 19:40:09,21.9,59.3,0.0,0.0,0.2,47.0,847.9,16.6,0,253,260
2025-10-26 19:55:14,21.2,62.4,0.0,0.0,0.0,47.0,848.0,16.4,0,252,259
2025-10-26 20:10:19,20.5,64.1,0.0,0.0,0.2,47.0,848.2,16.0,0,253,260
2025-10-26 20:25:24,20.5,65.7,0.0,0.0,0.0,47.0,848.5,16.2,0,253,259
2025-10-26 20:40:29,20.2,66.4,0.0,0.0,0.0,47.0,848.6,16.0,0,255,260
2025-10-26 20:55:34,20.4,67.6,0.0,0.0,0.0,47.0,848.9,16.4,0,253,261
2025-10-26 21:10:39,20.5,66.0,0.0,0.0,0.0,47.0,848.9,16.3,0,253,259
2025-10-26 21:25:45,20.9,64.0,0.0,0.0,0.0,47.0,849.0,16.4,0,252,260
2025-10-26 21:41:08,20.8,64.7,0.0,0.0,0.0,47.0,849.3,16.3,0,254,261
2025-10-26 21:56:13,20.8,65.3,0.0,0.0,0.2,47.0,849.4,16.4,0,253,261
2025-10-26 22:11:18,20.7,65.9,0.0,0.4,0.7,47.0,849.6,16.4,0,252,260
2025-10-26 22:26:24,19.0,82.1,2.6,0.2,0.4,44.0,849.8,16.9,0,253,259
2025-10-26 22:41:29,17.6,88.9,9.6,0.6,1.1,34.0,850.2,16.3,0,253,261
2025-10-26 22:56:34,17.5,90.6,12.600000000000001,0.4,0.9,39.0,850.3,16.4,0,254,260
2025-10-26 23:11:39,17.1,91.4,13.400000000000002,0.3,0.7,38.0,850.3,16.1,0,254,260
2025-10-26 23:26:44,17.0,92.0,3.3999999999999986,0.1,0.4,38.0,850.2,16.0,0,254,261
2025-10-26 23:41:49,17.0,92.3,5.0,0.0,0.0,38.0,850.1,16.1,0,255,260
2025-10-26 23:57:25,17.0,92.7,1.1999999999999957,0.0,0.0,38.0,850.1,16.1,0,253,260
2025-10-27 00:12:50,17.0,93.0,0.8000000000000043,0.0,0.2,38.0,849.9,16.2,0,253,261
2025-10-27 00:27:54,17.0,93.1,0.19999999999999574,0.1,0.7,38.0,849.7,16.2,0,254,261
2025-10-27 00:42:59,16.9,93.2,0.0,0.1,0.4,37.0,849.3,16.1,0,253,260
2025-10-27 00:58:04,16.9,93.3,0.0,0.1,0.4,38.0,849.2,16.1,0,253,261
2025-10-27 01:13:09,16.9,93.2,0.0,0.0,0.0,38.0,849.2,16.1,0,254,260
2025-10-27 01:29:01,16.9,93.3,0.0,0.0,0.0,38.0,849.2,16.1,0,254,260
2025-10-27 01:44:07,16.8,93.4,0.0,0.0,0.0,38.0,849.1,16.0,0,253,260
2025-10-27 01:59:12,16.7,93.5,0.0,0.0,0.0,38.0,848.9,16.0,0,254,260
2025-10-27 02:14:16,16.6,93.5,0.0,0.0,0.0,38.0,848.7,15.9,0,253,261
2025-10-27 02:29:21,16.5,93.6,0.0,0.0,0.0,38.0,848.9,15.7,0,253,260
2025-10-27 02:44:26,16.6,93.7,0.0,0.0,0.0,38.0,849.0,15.8,0,254,260
2025-10-27 03:00:05,16.7,93.9,0.0,0.3,0.4,38.0,849.0,16.0,0,254,261
2025-10-27 03:15:10,16.7,94.0,0.0,0.0,0.2,38.0,848.9,16.0,0,252,261
2025-10-27 03:30:15,16.6,94.0,0.0,0.0,0.0,38.0,848.8,15.9,0,254,259
2025-10-27 03:45:20,16.4,94.1,0.0,0.0,0.0,38.0,848.7,15.7,0,252,260
2025-10-27 04:00:25,16.3,94.1,0.0,0.0,0.0,38.0,848.8,15.6,0,252,261
2025-10-27 04:15:30,16.2,94.2,0.20000000000000284,0.0,0.0,38.0,848.8,15.5,0,254,261
2025-10-27 04:30:35,16.2,94.3,0.0,0.0,0.2,38.0,849.0,15.5,0,254,260
2025-10-27 04:45:40,16.0,94.3,0.0,0.0,0.0,38.0,849.1,15.4,0,254,261
2025-10-27 05:01:03,16.1,94.4,0.0,0.0,0.0,38.0,849.3,15.5,0,253,261
2025-10-27 05:16:08,16.0,94.4,0.0,0.0,0.0,38.0,849.3,15.4,0,252,260
2025-10-27 05:31:13,16.0,94.5,0.0,0.1,0.2,38.0,849.4,15.4,0,253,259
2025-10-27 05:46:18,16.1,94.6,0.0,0.0,0.0,38.0,849.3,15.4,0,253,260
2025-10-27 06:01:23,16.1,94.6,0.0,0.0,0.2,38.0,849.3,15.5,0,263,260
2025-10-27 06:16:28,16.0,94.6,0.0,0.0,0.0,38.0,849.6,15.4,0,307,266
2025-10-27 06:31:33,16.0,94.7,0.0,0.0,0.0,38.0,849.8,15.4,0,414,279
2025-10-27 06:46:38,16.2,94.7,0.0,0.0,0.0,38.0,849.8,15.6,0,522,292
2025-10-27 07:01:43,16.5,94.7,0.0,0.0,0.0,38.0,849.9,15.9,0,682,308
2025-10-27 07:16:48,16.8,94.7,0.0,0.0,0.0,38.0,850.2,16.2,0,976,335
2025-10-27 07:32:12,17.5,94.7,0.0,0.0,0.0,38.0,850.4,16.9,0,1237,360
2025-10-27 07:47:17,18.1,94.2,0.0,0.3,0.7,38.0,850.6,17.4,0,1217,362
2025-10-27 08:02:21,18.2,92.3,0.0,0.1,0.2,38.0,850.7,17.3,0,1063,355
2025-10-27 08:17:27,19.2,88.7,0.0,0.2,0.7,38.0,850.8,17.8,0,3291,539
2025-10-27 08:32:31,20.8,80.2,0.0,0.3,0.9,38.0,850.8,18.3,0,3761,582
2025-10-27 08:47:36,21.0,76.9,0.0,0.5,1.1,42.0,850.7,18.1,0,4236,629
2025-10-27 09:03:21,22.5,71.2,0.0,1.5,2.6,42.0,850.8,18.7,0,2062,458
2025-10-27 09:18:27,22.6,70.0,0.0,0.4,0.9,43.0,850.8,18.7,0,5454,742
2025-10-27 09:33:31,23.0,68.3,0.0,0.3,0.7,43.0,850.8,18.9,0,6366,821
2025-10-27 09:48:35,24.9,59.3,0.0,1.1,2.0,42.0,850.7,19.3,0,1852,441
2025-10-27 10:03:40,24.1,61.3,0.0,0.9,1.5,47.0,850.8,18.9,0,2052,464
2025-10-27 10:18:45,25.9,61.3,0.0,0.2,1.0,47.0,850.8,20.5,0,7553,949
2025-10-27 10:33:50,24.9,56.7,0.0,1.0,1.7,48.0,850.7,18.9,0,7753,970
2025-10-27 10:48:55,25.3,56.9,0.0,0.1,0.6,48.0,850.4,19.3,0,8094,1008
2025-10-27 11:04:20,26.5,54.5,0.0,0.2,0.6,48.0,850.1,20.0,0,8210,1017
2025-10-27 11:19:28,25.4,55.8,0.0,1.0,1.7,47.0,850.1,19.3,0,8980,1070
2025-10-27 11:35:10,26.4,53.3,0.0,0.4,1.3,48.0,849.9,19.8,0,8507,1032
2025-10-27 11:50:31,27.4,50.4,0.0,1.1,1.5,48.0,849.6,20.1,0,8787,1070
2025-10-27 12:05:36,27.6,49.7,0.0,0.3,0.7,48.0,849.3,20.2,0,8687,1064
2025-10-27 12:20:41,28.5,47.2,0.0,0.6,2.6,48.0,848.9,20.5,0,9195,1105
2025-10-27 12:35:46,28.8,42.9,0.0,1.7,2.4,128.0,848.6,20.0,0,9081,1099
2025-10-27 12:50:51,28.7,43.9,0.0,1.4,2.2,47.0,848.1,20.1,0,5006,730
2025-10-27 13:05:56,28.0,46.9,0.0,1.2,2.0,48.0,847.9,20.1,0,3512,589
2025-10-27 13:21:02,29.1,43.5,0.0,0.9,1.7,48.0,847.6,20.4,0,4733,702
2025-10-27 13:36:25,30.4,42.5,0.0,0.7,1.1,48.0,847.5,21.3,0,8923,1074
2025-10-27 13:51:30,28.6,41.1,0.0,1.0,1.5,48.0,847.2,19.5,0,4612,691
2025-10-27 14:06:35,29.1,43.1,0.0,1.1,2.2,43.0,847.1,20.3,0,2579,490
2025-10-27 14:21:40,28.8,43.9,0.0,0.2,0.9,47.0,847.0,20.2,0,2632,491
2025-10-27 14:36:45,28.0,44.3,0.0,0.7,1.5,102.0,846.9,19.6,0,2339,471
2025-10-27 14:51:50,29.7,42.4,0.0,0.4,1.1,67.0,846.8,20.7,0,6832,863
2025-10-27 15:06:55,29.6,41.0,0.0,0.8,1.7,137.0,846.6,20.3,0,4363,648
2025-10-27 15:22:00,28.8,42.8,0.0,0.3,0.9,96.0,846.6,20.0,0,1477,378
2025-10-27 15:37:05,27.8,45.5,0.0,0.4,0.9,92.0,846.5,19.7,0,1273,359
2025-10-27 15:52:31,26.9,46.8,0.0,0.8,1.7,132.0,846.7,19.1,0,722,305
2025-10-27 16:07:36,24.7,54.7,0.0,0.8,1.7,171.0,847.0,18.5,0,354,271
2025-10-27 16:22:41,23.9,53.1,0.0,0.8,2.2,234.0,846.9,17.5,0,296,264
2025-10-27 16:37:46,23.5,54.6,0.0,0.5,1.1,151.0,847.1,17.4,0,310,267
2025-10-27 16:52:51,21.6,72.1,0.2,0.4,1.1,257.0,847.5,18.1,0,319,268
2025-10-27 17:07:56,18.5,84.2,3.5999999999999996,0.7,1.3,43.0,848.0,16.6,0,319,269
2025-10-27 17:23:02,18.1,88.7,4.6000000000000005,0.2,0.7,10.0,848.1,16.7,0,290,264
2025-10-27 17:38:07,18.1,90.2,1.0,0.0,0.0,26.0,848.1,16.9,0,265,262
2025-10-27 17:53:12,18.0,90.5,1.0,0.6,1.1,341.0,848.1,16.9,0,262,261
2025-10-27 18:08:40,18.2,91.2,0.40000000000000036,0.2,0.4,290.0,848.1,17.2,0,260,262
2025-10-27 18:24:12,18.0,90.6,0.0,0.4,1.1,345.0,848.2,16.9,0,256,261
2025-10-27 18:39:13,17.9,90.4,0.0,0.3,0.7,44.0,848.3,16.7,0,254,260
2025-10-27 18:54:49,18.0,91.0,0.0,0.3,0.7,44.0,848.2,16.9,0,253,260
2025-10-27 19:10:36,17.9,90.6,0.0,0.2,0.7,44.0,848.4,16.8,0,253,260
2025-10-27 19:25:50,17.6,89.1,0.0,0.3,0.7,44.0,848.6,16.3,0,253,260
2025-10-27 19:41:36,17.4,88.7,0.1999999999999993,0.1,0.4,44.0,848.9,16.1,0,254,260
2025-10-27 19:56:41,17.5,89.6,0.0,0.0,0.0,44.0,849.5,16.2,0,253,261
2025-10-27 20:12:33,17.4,89.8,0.0,0.1,0.4,43.0,849.8,16.2,0,253,263
2025-10-27 20:27:41,17.6,89.8,0.0,0.4,0.7,44.0,850.0,16.4,0,253,260
2025-10-27 20:42:46,17.7,88.1,0.0,0.2,0.7,44.0,850.1,16.3,0,253,260
2025-10-27 20:57:51,17.5,89.0,0.1999999999999993,0.2,0.4,44.0,850.1,16.2,0,253,261
2025-10-27 21:12:56,17.5,89.9,0.20000000000000107,0.2,0.4,44.0,850.0,16.3,0,254,259
2025-10-27 21:28:07,17.5,90.4,0.0,0.3,0.7,44.0,849.8,16.4,0,254,261
2025-10-27 21:44:52,17.7,90.6,0.0,0.2,0.7,44.0,850.1,16.6,0,254,260
2025-10-27 22:01:10,17.7,90.8,0.0,0.0,0.2,43.0,850.2,16.6,0,253,260
2025-10-27 22:16:59,17.6,91.1,0.0,0.0,0.2,43.0,850.1,16.5,0,253,259
2025-10-27 22:32:04,17.6,91.5,0.0,0.1,0.2,43.0,850.2,16.6,0,253,261
2025-10-27 22:47:10,17.5,91.7,0.0,0.0,0.2,43.0,850.3,16.5,0,254,261
2025-10-27 23:02:15,17.6,92.0,0.0,0.0,0.2,43.0,850.4,16.7,0,253,261
2025-10-27 23:17:35,17.6,92.0,0.0,0.0,0.2,43.0,850.4,16.6,0,252,261
2025-10-27 23:32:59,17.6,91.8,0.0,0.0,0.0,44.0,850.6,16.6,0,252,260
2025-10-27 23:48:04,17.8,92.0,0.0,0.0,0.0,44.0,850.5,16.8,0,253,260
2025-10-28 00:03:09,17.8,92.1,0.0,0.4,0.7,44.0,850.5,16.9,0,254,259
2025-10-28 00:18:14,17.8,91.9,0.0,0.0,0.0,44.0,850.5,16.8,0,252,261
2025-10-28 00:33:19,17.9,92.1,0.0,0.0,0.0,44.0,850.1,16.9,0,254,262
2025-10-28 00:48:24,18.0,92.0,0.0,0.2,0.9,44.0,850.1,17.0,0,253,260
2025-10-28 01:03:29,18.0,91.2,0.0,0.1,0.4,44.0,850.0,16.9,0,254,262
2025-10-28 01:18:34,18.1,90.9,0.0,0.1,0.4,44.0,849.9,17.0,0,253,260
2025-10-28 01:33:39,18.1,91.0,0.0,0.1,0.2,44.0,850.0,17.0,0,254,262
2025-10-28 01:49:04,18.0,91.1,0.0,0.2,0.6,44.0,849.8,17.0,0,254,262
2025-10-28 02:04:09,18.0,90.8,0.0,0.1,0.2,44.0,849.8,16.9,0,253,260
2025-10-28 02:19:13,18.1,91.1,0.0,0.1,0.4,44.0,849.7,17.0,0,254,259
2025-10-28 02:34:18,18.0,91.3,0.0,0.2,0.7,44.0,849.9,17.0,0,254,260
2025-10-28 02:49:23,18.1,91.7,0.0,0.2,0.4,44.0,849.8,17.2,0,254,261
2025-10-28 03:00:27,18.1,91.9,0.0,0.0,0.4,43.0,849.8,17.1,0,253,260
2025-10-28 03:15:32,17.9,92.2,2.4000000000000004,0.2,0.4,44.0,849.6,17.0,0,254,260
2025-10-28 03:30:37,17.8,92.5,0.0,0.2,0.9,44.0,849.6,16.8,0,254,260
2025-10-28 03:45:42,17.6,92.5,0.1999999999999993,0.3,0.7,44.0,849.6,16.7,0,252,261
2025-10-28 04:00:47,17.5,92.7,0.0,0.2,0.7,44.0,849.5,16.6,0,254,258
2025-10-28 04:16:11,17.4,92.7,0.0,0.2,0.4,44.0,849.5,16.5,0,254,260
2025-10-28 04:31:16,17.4,93.0,0.0,0.1,0.4,44.0,849.2,16.6,0,253,261
2025-10-28 04:46:21,17.4,93.2,0.1999999999999993,0.2,0.7,44.0,849.5,16.6,0,253,260
2025-10-28 05:01:26,17.5,93.4,0.0,0.0,0.0,44.0,849.6,16.7,0,254,261
2025-10-28 05:16:31,17.5,93.6,0.0,0.0,0.0,44.0,849.7,16.7,0,254,262
2025-10-28 05:31:37,17.4,93.6,0.0,0.0,0.0,44.0,849.8,16.6,0,253,261
2025-10-28 05:46:42,17.5,93.8,0.0,0.0,0.0,44.0,849.9,16.8,0,253,259
2025-10-28 06:01:47,17.5,93.9,0.0,0.2,0.2,44.0,849.9,16.8,0,257,260
2025-10-28 06:17:14,17.5,93.9,0.0,0.0,0.4,43.0,850.0,16.8,0,305,264
2025-10-28 06:32:19,17.5,93.9,0.0,0.3,0.7,44.0,850.1,16.8,0,415,275
2025-10-28 06:47:24,17.4,93.8,0.0,0.3,0.7,44.0,850.2,16.7,0,480,283
2025-10-28 07:02:30,17.4,93.6,0.0,0.2,0.4,44.0,850.1,16.6,0,649,299
2025-10-28 07:17:35,17.5,93.2,0.0,0.2,0.4,44.0,850.3,16.7,0,848,319
2025-10-28 07:32:40,17.7,92.7,0.0,0.0,0.2,44.0,850.5,16.9,0,812,319
2025-10-28 07:47:45,18.1,92.1,0.0,0.0,0.2,43.0,850.8,17.1,0,965,331
2025-10-28 08:02:50,18.7,89.8,0.0,0.0,0.2,43.0,851.0,17.4,0,1763,406
2025-10-28 08:17:55,19.5,86.7,0.0,0.2,0.7,44.0,851.0,17.8,0,1855,416
2025-10-28 08:33:18,20.4,80.8,0.0,0.8,1.5,44.0,851.2,18.0,0,2804,508
2025-10-28 08:48:23,21.6,75.4,0.0,1.1,1.7,43.0,851.2,18.4,0,3136,539
2025-10-28 09:03:29,22.2,72.7,0.0,0.4,0.7,44.0,851.3,18.7,0,5071,723
2025-10-28 09:18:34,24.1,65.6,0.0,0.3,0.9,44.0,851.1,19.5,0,3715,603
2025-10-28 09:33:39,24.3,62.7,0.0,0.5,1.3,43.0,850.9,19.3,0,1533,399
2025-10-28 09:48:44,24.2,64.6,0.0,0.3,0.9,45.0,850.8,19.5,0,7596,951
2025-10-28 10:03:49,25.1,58.5,0.0,1.7,3.3,67.0,850.7,19.4,0,6931,897
2025-10-28 10:18:54,25.3,58.5,0.0,1.4,2.2,47.0,850.5,19.6,0,7794,971
2025-10-28 10:34:00,24.1,62.7,0.0,0.5,1.1,48.0,850.4,19.1,0,2333,462
2025-10-28 10:49:23,24.4,59.9,0.0,1.5,2.4,47.0,850.2,19.0,0,9169,1069
2025-10-28 11:04:28,25.0,61.7,0.0,0.7,2.0,48.0,850.0,19.7,0,9407,1130
2025-10-28 11:19:33,26.8,57.7,0.0,0.0,0.2,48.0,849.8,20.8,0,3794,619
2025-10-28 11:34:38,25.0,57.8,0.0,1.0,1.7,123.0,849.7,19.2,0,9377,1115
2025-10-28 11:49:43,25.5,56.6,0.0,0.5,1.7,123.0,849.5,19.4,0,2109,447
2025-10-28 12:04:48,25.4,57.8,0.0,0.8,1.5,123.0,849.2,19.5,0,6489,866
2025-10-28 12:20:36,25.8,56.5,0.0,0.4,1.3,123.0,849.0,19.7,0,3657,594
2025-10-28 12:35:42,26.5,55.0,0.0,0.8,1.9,137.0,848.7,20.1,0,4913,719
2025-10-28 12:50:47,26.2,56.7,0.0,0.6,2.4,109.0,848.5,20.1,0,3447,572
2025-10-28 13:05:53,25.3,59.0,0.0,0.3,0.9,150.0,848.2,19.7,0,4860,712
2025-10-28 13:20:58,26.4,57.8,0.0,0.1,0.2,140.0,847.8,20.4,0,6807,899
2025-10-28 13:36:04,27.2,50.5,0.0,1.1,2.2,77.0,847.4,20.0,0,4384,668
2025-10-28 13:51:08,26.6,52.1,0.0,1.0,2.2,119.0,847.2,19.7,0,3624,594
2025-10-28 14:06:32,27.6,49.1,0.0,0.7,1.5,50.0,846.9,20.1,0,6444,868
2025-10-28 14:21:37,27.1,50.1,0.0,1.1,1.3,187.0,846.8,19.8,0,3648,597
2025-10-28 14:36:42,27.4,50.3,0.0,1.1,2.6,170.0,846.5,20.1,0,6998,908
2025-10-28 14:51:47,29.0,47.6,0.0,0.5,2.0,123.0,846.3,21.0,0,5304,758
2025-10-28 15:07:44,29.4,46.5,0.0,0.9,1.5,108.0,846.1,21.1,0,2574,499
2025-10-28 15:22:49,27.8,47.4,0.0,0.2,0.7,47.0,846.1,20.0,0,2557,488
2025-10-28 15:37:54,27.9,47.6,0.0,0.2,0.7,75.0,845.9,20.1,0,1921,426
2025-10-28 15:52:59,27.4,49.9,0.0,1.8,3.5,59.0,845.7,20.0,0,1863,417
2025-10-28 16:08:04,26.1,55.7,0.0,0.7,1.5,142.0,845.9,19.9,0,1763,408
2025-10-28 16:23:09,24.7,61.7,0.0,1.5,3.2,80.0,846.2,19.4,0,1027,337
2025-10-28 16:38:14,22.2,71.5,0.0,2.1,4.1,80.0,846.4,18.5,0,910,327
2025-10-28 16:53:37,21.1,77.0,0.0,1.4,3.9,72.0,846.5,18.2,0,497,286
2025-10-28 17:08:43,20.8,76.3,0.0,0.8,2.0,70.0,846.7,17.9,0,348,271
2025-10-28 17:23:44,20.7,77.9,0.0,0.7,1.1,71.0,847.4,18.0,0,292,266
2025-10-28 17:38:49,20.8,76.8,0.0,0.7,2.2,71.0,847.3,17.9,0,287,266
2025-10-28 17:53:54,20.9,76.4,0.0,0.0,0.2,72.0,847.7,17.9,0,262,259
2025-10-28 18:09:00,21.0,76.7,0.0,0.1,0.2,40.0,848.0,18.0,0,259,261
2025-10-28 18:24:42,20.9,77.5,0.0,0.0,0.2,82.0,848.0,18.1,0,255,260
2025-10-28 18:39:47,20.8,79.4,0.0,0.0,0.0,12.0,848.0,18.3,0,254,262
2025-10-28 18:54:52,20.9,78.9,0.0,0.4,0.9,10.0,848.3,18.2,0,254,259
2025-10-28 19:09:58,20.6,79.6,0.0,0.7,2.0,243.0,848.6,18.1,0,253,260
2025-10-28 19:25:03,20.5,80.0,0.0,0.3,0.9,262.0,848.5,18.0,0,253,261
2025-10-28 19:40:51,20.4,81.0,0.0,0.3,0.7,261.0,848.7,18.0,0,253,261
2025-10-28 19:55:56,20.2,82.3,0.0,0.9,1.5,261.0,848.9,18.1,0,254,260
2025-10-28 20:11:01,19.9,82.7,0.2,1.6,3.2,75.0,849.4,17.7,0,252,261
2025-10-28 20:27:34,17.8,89.8,11.600000000000001,0.5,1.1,78.0,849.6,16.6,0,254,260
2025-10-28 20:42:41,17.5,90.9,0.3999999999999986,0.0,0.0,72.0,849.7,16.4,0,253,259
2025-10-28 20:57:46,17.6,91.7,0.20000000000000107,0.0,0.2,73.0,849.8,16.6,0,254,261
2025-10-28 21:12:51,17.6,92.1,0.1999999999999993,0.0,0.0,73.0,849.7,16.7,0,253,261
2025-10-28 21:27:56,17.5,92.3,0.0,0.1,0.2,72.0,850.0,16.6,0,253,260
2025-10-28 21:43:02,17.6,92.4,0.0,0.4,0.7,103.0,849.9,16.7,0,254,260
2025-10-28 21:58:07,17.9,92.6,0.0,0.5,1.1,265.0,850.2,17.0,0,253,260
2025-10-28 22:13:26,17.9,92.3,0.0,0.9,1.3,261.0,850.2,17.0,0,254,259
2025-10-28 22:28:51,18.1,92.2,0.0,0.3,0.9,219.0,850.2,17.1,0,253,261
2025-10-28 22:43:57,18.0,92.3,1.8000000000000007,0.5,0.9,219.0,850.1,17.1,0,253,259
2025-10-28 22:59:02,17.9,92.5,1.1999999999999993,0.1,0.4,261.0,850.1,17.0,0,253,261
2025-10-28 23:14:07,17.7,92.8,2.4000000000000004,0.1,0.4,259.0,850.2,16.9,0,254,260
2025-10-28 23:29:08,17.8,93.1,3.8000000000000007,0.0,0.2,259.0,850.0,16.9,0,254,261
2025-10-28 23:44:13,17.8,93.3,1.0,0.0,0.2,257.0,850.1,17.0,0,252,261
2025-10-28 23:59:18,17.9,93.5,0.5999999999999979,0.0,0.0,256.0,850.0,17.1,0,253,261
2025-10-29 00:15:02,17.9,93.7,1.0,0.2,0.4,218.0,849.9,17.2,0,254,260
2025-10-29 00:30:08,17.9,93.8,1.4000000000000021,0.0,0.2,218.0,849.7,17.1,0,253,261
2025-10-29 00:45:13,17.8,93.8,1.1999999999999993,0.0,0.2,218.0,849.5,17.0,0,255,259
2025-10-29 01:00:18,17.8,93.9,1.3999999999999986,0.1,0.7,218.0,849.3,17.0,0,255,260
2025-10-29 01:15:23,17.8,94.1,1.4000000000000021,0.3,0.7,218.0,849.3,17.1,0,253,260
2025-10-29 01:30:28,17.7,94.1,0.8000000000000007,0.1,0.9,186.0,849.2,17.0,0,253,260
2025-10-29 01:45:33,17.6,94.1,1.0,0.3,0.7,186.0,849.3,16.9,0,254,261
2025-10-29 02:00:58,17.5,94.2,1.1999999999999957,0.0,0.2,186.0,849.0,16.8,0,254,261
2025-10-29 02:16:03,17.6,94.3,1.2000000000000028,0.0,0.2,186.0,849.1,16.9,0,253,262
2025-10-29 02:31:08,17.7,94.4,1.7999999999999972,0.1,0.4,186.0,849.0,17.0,0,254,261
2025-10-29 02:46:18,17.5,94.4,1.8000000000000043,0.2,0.7,186.0,848.9,16.8,0,253,261
2025-10-29 03:00:24,17.5,94.4,1.3999999999999986,0.0,0.0,185.0,848.9,16.9,0,254,260
2025-10-29 03:15:29,17.4,94.4,2.0,0.2,0.4,186.0,848.9,16.7,0,253,260
2025-10-29 03:30:34,17.1,94.4,1.2000000000000028,0.0,0.2,186.0,849.0,16.4,0,253,259
2025-10-29 03:45:39,17.0,94.4,0.3999999999999986,0.2,0.4,186.0,849.1,16.4,0,252,260
2025-10-29 04:01:02,16.9,94.5,0.19999999999999574,0.0,0.0,185.0,849.3,16.2,0,253,259
2025-10-29 04:16:07,16.8,94.5,0.0,0.0,0.0,185.0,849.2,16.2,0,254,261
2025-10-29 04:31:12,16.7,94.5,0.0,0.0,0.0,185.0,849.3,16.0,0,254,260
2025-10-29 04:46:17,16.7,94.5,0.0,0.0,0.0,185.0,849.4,16.0,0,253,261
2025-10-29 05:01:22,16.9,94.6,0.0,0.0,0.2,186.0,849.4,16.2,0,253,261
2025-10-29 05:16:27,17.0,94.6,0.0,0.0,0.0,185.0,849.7,16.3,0,252,261
2025-10-29 05:31:33,16.9,94.7,0.0,0.3,0.7,186.0,849.8,16.3,0,254,260
2025-10-29 05:46:37,17.0,94.7,0.0,0.0,0.0,185.0,849.9,16.3,0,253,261
2025-10-29 06:01:43,16.9,94.7,0.0,0.0,0.2,186.0,850.1,16.3,0,258,260
2025-10-29 06:17:05,17.1,94.8,0.0,0.1,0.3,154.0,850.1,16.4,0,318,267
2025-10-29 06:32:10,17.1,94.8,0.0,0.0,0.0,154.0,850.4,16.5,0,420,275
2025-10-29 06:47:15,17.3,94.8,0.0,0.3,0.7,154.0,850.6,16.7,0,527,285
2025-10-29 07:02:20,17.3,94.8,0.0,0.0,0.0,154.0,850.7,16.7,0,681,300
2025-10-29 07:17:25,17.4,94.8,0.0,0.4,1.0,154.0,850.8,16.8,0,682,303
2025-10-29 07:32:30,17.5,94.7,0.0,0.2,0.6,154.0,850.9,16.8,0,779,313
2025-10-29 07:47:35,17.5,94.7,0.0,0.5,0.9,154.0,851.0,16.9,0,680,303
2025-10-29 08:02:40,17.6,94.6,0.0,0.2,0.6,154.0,851.1,17.0,0,947,329
2025-10-29 08:17:46,17.9,94.4,0.20000000000000284,0.0,0.2,154.0,851.1,17.2,0,1171,352
2025-10-29 08:33:18,17.8,93.9,0.0,0.3,0.7,154.0,851.2,17.1,0,1083,342
2025-10-29 08:48:23,18.0,93.1,0.0,0.3,0.9,154.0,851.3,17.2,0,1352,368
2025-10-29 09:03:28,18.3,92.3,0.0,0.4,0.7,153.0,851.5,17.4,0,1767,411
2025-10-29 09:18:33,18.7,91.6,0.0,0.5,1.1,153.0,851.5,17.7,0,2459,478
2025-10-29 09:33:38,19.3,89.0,0.0,0.0,0.2,154.0,851.4,18.0,0,2495,482
2025-10-29 09:48:43,19.4,87.2,0.0,0.6,1.3,153.0,851.4,17.8,0,1562,390
2025-10-29 10:03:48,19.5,87.1,0.0,0.2,0.4,154.0,851.2,17.9,0,1267,365
2025-10-29 10:18:53,19.1,90.3,2.4,0.0,0.2,154.0,851.1,18.0,0,1459,384
2025-10-29 10:34:16,19.2,91.1,0.20000000000000018,0.0,0.0,154.0,851.0,18.1,0,987,336
2025-10-29 10:49:21,19.0,90.8,0.0,0.0,0.0,154.0,850.9,17.9,0,692,311
2025-10-29 11:04:26,18.6,92.0,2.1999999999999997,0.1,0.4,154.0,850.8,17.6,0,838,325
2025-10-29 11:19:31,18.3,92.4,0.6000000000000005,0.7,2.2,154.0,850.7,17.4,0,1440,387
2025-10-29 11:34:36,18.4,92.7,0.5999999999999996,0.5,1.1,153.0,850.5,17.5,0,1445,388
2025-10-29 11:49:41,18.4,92.3,1.5999999999999996,0.4,0.9,153.0,850.2,17.4,0,1940,432
2025-10-29 12:04:47,18.7,92.2,0.8000000000000007,0.1,0.9,154.0,850.0,17.8,0,3385,570
2025-10-29 12:19:51,19.3,90.5,0.5999999999999996,0.2,0.7,154.0,849.8,18.2,0,3387,566
2025-10-29 12:34:56,20.8,88.7,0.0,0.0,0.2,154.0,849.5,19.4,0,5675,794
2025-10-29 12:50:01,22.1,79.0,0.0,0.7,1.1,154.0,848.9,19.4,0,10389,1233
2025-10-29 13:05:24,23.0,74.9,0.0,0.7,1.3,59.0,848.6,19.7,0,2061,433
2025-10-29 13:20:31,21.1,80.9,0.0,1.4,2.8,70.0,848.6,18.7,0,2801,512
2025-10-29 13:35:41,22.1,77.4,0.0,0.4,0.9,70.0,848.4,19.2,0,3203,551
2025-10-29 13:50:47,22.2,75.7,0.0,0.3,1.3,135.0,848.0,19.1,0,2345,466
2025-10-29 14:05:52,22.3,73.8,0.0,1.7,3.9,100.0,848.0,18.9,0,4070,634
2025-10-29 14:20:56,20.3,82.3,0.0,1.2,3.1,120.0,848.0,18.1,0,1170,353
2025-10-29 14:36:02,19.5,87.3,0.1999999999999993,0.9,2.4,108.0,848.2,17.9,0,3021,533
2025-10-29 14:51:28,19.9,85.8,0.20000000000000107,1.0,2.6,87.0,848.0,18.2,0,3756,601
2025-10-29 15:06:33,20.1,84.9,0.0,0.6,2.2,191.0,847.9,18.2,0,2307,460
2025-10-29 15:21:38,19.4,87.1,0.1999999999999993,0.8,1.3,75.0,847.9,17.8,0,2042,435
2025-10-29 15:36:43,19.5,87.3,0.5999999999999996,0.6,1.5,76.0,847.8,18.0,0,4594,671
2025-10-29 15:51:48,20.8,81.6,0.20000000000000107,0.8,1.7,78.0,847.9,18.5,0,5804,779
2025-10-29 16:06:52,21.2,78.6,0.0,0.3,0.7,74.0,847.8,18.5,0,3560,572
2025-10-29 16:21:57,21.0,74.2,0.0,1.1,2.2,71.0,847.8,17.8,0,2752,497
2025-10-29 16:37:02,21.2,76.1,0.0,0.4,0.7,70.0,847.7,18.2,0,1245,354
2025-10-29 16:52:07,20.5,80.0,0.0,0.0,0.2,71.0,847.8,18.0,0,973,329
2025-10-29 17:07:12,20.0,83.1,0.0,0.1,0.4,71.0,847.9,18.0,0,934,325
2025-10-29 17:22:34,19.9,83.3,0.0,0.3,0.7,71.0,847.9,17.9,0,671,302
2025-10-29 17:37:39,19.7,84.5,0.0,0.0,0.0,71.0,847.8,17.8,0,542,287
2025-10-29 17:52:44,19.3,84.9,0.0,0.2,0.7,71.0,847.7,17.4,0,358,271
2025-10-29 18:07:49,19.1,85.9,0.0,0.1,0.2,71.0,848.1,17.3,0,293,266
2025-10-29 18:22:54,18.7,85.6,0.0,0.4,0.9,71.0,848.2,16.9,0,260,261
2025-10-29 18:37:59,18.4,85.6,0.0,0.7,1.3,70.0,848.4,16.6,0,254,260
2025-10-29 18:53:04,18.2,86.0,0.0,0.0,0.2,71.0,848.6,16.5,0,253,259
2025-10-29 19:08:09,18.0,87.3,0.0,0.0,0.0,71.0,848.9,16.5,0,253,260
2025-10-29 19:23:14,17.9,89.1,0.0,0.0,0.0,71.0,849.0,16.5,0,253,260
2025-10-29 19:38:49,17.8,90.3,0.0,0.0,0.0,71.0,849.4,16.7,0,253,260
2025-10-29 19:53:54,17.9,90.4,0.0,0.0,0.0,71.0,849.6,16.7,0,253,259
2025-10-29 20:08:59,17.7,89.6,0.0,0.0,0.0,71.0,849.7,16.5,0,252,260
2025-10-29 20:24:49,17.7,89.6,0.0,0.0,0.0,71.0,849.8,16.5,0,253,260
2025-10-29 20:39:54,17.7,89.6,0.0,0.1,0.6,71.0,850.0,16.5,0,253,261
2025-10-29 20:55:49,17.8,90.0,0.0,0.1,0.4,71.0,850.1,16.6,0,253,261
2025-10-29 21:11:14,17.7,90.1,0.0,0.1,0.4,71.0,850.1,16.5,0,253,261
2025-10-29 21:26:19,17.6,90.1,0.0,0.0,0.0,71.0,850.1,16.5,0,253,260
2025-10-29 21:41:24,17.6,90.9,0.0,0.0,0.0,71.0,850.2,16.5,0,253,260
2025-10-29 21:56:29,17.6,90.9,0.0,0.0,0.0,71.0,850.4,16.6,0,253,259
2025-10-29 22:11:34,17.5,91.1,0.0,0.0,0.0,71.0,850.4,16.5,0,253,259
2025-10-29 22:26:39,17.4,91.4,0.0,0.0,0.2,71.0,850.3,16.4,0,255,261
2025-10-29 22:41:44,17.5,91.6,0.0,0.0,0.2,71.0,850.3,16.5,0,253,261
2025-10-29 22:56:48,17.4,91.7,0.0,0.0,0.0,71.0,850.3,16.4,0,255,260
2025-10-29 23:11:53,17.4,91.8,0.0,0.0,0.0,71.0,850.3,16.4,0,253,260
2025-10-29 23:26:58,17.4,91.8,0.0,0.0,0.0,71.0,850.3,16.4,0,253,260
2025-10-29 23:42:21,17.4,91.6,0.0,0.3,0.9,71.0,850.2,16.4,0,253,260
2025-10-29 23:57:26,17.5,91.4,0.0,0.3,0.7,71.0,850.1,16.5,0,253,260
2025-10-30 00:12:31,17.6,91.6,0.0,0.0,0.0,71.0,849.9,16.6,0,253,260
2025-10-30 00:27:36,17.6,91.4,0.0,0.0,0.2,71.0,849.9,16.6,0,254,260
2025-10-30 00:42:41,17.4,91.7,0.0,0.0,0.4,71.0,849.7,16.4,0,253,260
2025-10-30 00:57:46,17.3,92.2,0.0,0.1,0.4,71.0,849.5,16.4,0,254,260
2025-10-30 01:12:51,17.2,92.6,0.0,0.3,0.7,71.0,849.4,16.3,0,253,261
2025-10-30 01:28:40,17.1,92.8,0.0,0.0,0.0,71.0,849.4,16.2,0,254,260
2025-10-30 01:43:46,17.1,93.1,0.0,0.0,0.2,71.0,849.3,16.2,0,253,260
2025-10-30 01:58:51,17.1,93.3,0.0,0.0,0.0,71.0,849.2,16.3,0,253,260
2025-10-30 02:13:56,17.2,93.4,0.0,0.0,0.0,71.0,849.1,16.4,0,253,260
2025-10-30 02:29:00,17.1,93.5,0.0,0.0,0.0,71.0,849.1,16.3,0,254,261
2025-10-30 02:44:05,17.0,93.6,0.0,0.0,0.0,71.0,849.0,16.3,0,254,261
2025-10-30 03:00:31,17.0,93.7,0.0,0.0,0.0,71.0,849.1,16.2,0,254,259
2025-10-30 03:15:36,17.0,93.8,0.0,0.0,0.0,71.0,849.1,16.3,0,252,260
2025-10-30 03:30:40,17.1,93.8,0.0,0.0,0.0,71.0,849.1,16.3,0,254,259
2025-10-30 03:45:45,17.2,93.9,0.0,0.0,0.0,71.0,849.0,16.4,0,254,259
2025-10-30 04:00:50,17.2,93.9,0.0,0.0,0.0,71.0,849.2,16.5,0,254,260
2025-10-30 04:15:55,17.1,93.9,0.0,0.0,0.0,71.0,849.2,16.4,0,253,261
2025-10-30 04:31:00,17.1,93.8,0.0,0.0,0.0,71.0,849.2,16.3,0,253,261
2025-10-30 04:46:05,17.1,93.9,0.0,0.0,0.2,71.0,849.3,16.4,0,253,260
2025-10-30 05:01:10,17.2,94.0,0.0,0.0,0.0,71.0,849.4,16.4,0,254,260
2025-10-30 05:16:15,17.1,93.9,0.0,0.0,0.0,71.0,849.7,16.4,0,253,261
2025-10-30 05:31:37,17.2,93.9,0.0,0.0,0.0,71.0,849.8,16.4,0,253,260
2025-10-30 05:46:42,17.0,93.8,0.0,0.0,0.0,71.0,849.8,16.3,0,254,262
2025-10-30 06:01:46,17.0,93.8,0.0,0.0,0.0,71.0,849.8,16.2,0,258,261
2025-10-30 06:16:51,16.9,93.9,0.0,0.0,0.0,71.0,850.0,16.2,0,283,264
2025-10-30 06:31:56,17.0,94.0,0.0,0.0,0.0,71.0,850.2,16.3,0,441,278
2025-10-30 06:47:01,17.2,94.1,0.0,0.0,0.0,71.0,850.4,16.5,0,634,298
2025-10-30 07:02:06,17.3,94.0,0.0,0.0,0.0,71.0,850.6,16.6,0,626,297
2025-10-30 07:17:11,17.5,93.5,0.0,0.3,0.7,71.0,850.7,16.7,0,972,330
2025-10-30 07:32:14,18.0,92.2,0.0,0.0,0.0,71.0,851.0,17.0,0,1144,345
2025-10-30 07:47:18,18.5,89.4,0.0,0.0,0.0,71.0,851.2,17.2,0,1175,347
2025-10-30 08:02:42,19.0,86.1,0.0,0.0,0.0,71.0,851.2,17.3,0,1702,397
2025-10-30 08:17:47,19.7,83.8,0.0,0.1,0.7,71.0,851.3,17.7,0,2053,434
2025-10-30 08:32:51,20.0,81.2,0.0,0.0,0.2,71.0,851.3,17.7,0,1965,424
2025-10-30 08:47:56,20.4,79.2,0.0,0.1,0.7,71.0,851.4,17.8,0,2330,463
2025-10-30 09:03:01,20.6,78.1,0.0,0.4,1.1,70.0,851.4,17.9,0,1930,422
2025-10-30 09:18:05,21.0,77.4,0.0,0.3,0.7,71.0,851.4,18.2,0,2502,476
2025-10-30 09:33:10,21.2,75.7,0.0,0.2,0.4,71.0,851.4,18.2,0,3498,570
2025-10-30 09:48:15,22.3,70.1,0.0,0.3,0.7,71.0,851.2,18.5,0,3068,533
2025-10-30 10:03:19,22.1,70.3,0.0,0.8,1.7,70.0,851.1,18.3,0,3753,602
2025-10-30 10:18:24,23.0,67.9,0.0,0.8,1.7,70.0,851.0,18.8,0,8571,1040
2025-10-30 10:33:48,23.2,64.6,0.0,1.2,3.1,75.0,850.8,18.5,0,4123,639
2025-10-30 10:48:53,24.2,61.8,0.0,1.0,2.2,75.0,850.6,19.0,0,5159,735
2025-10-30 11:03:58,25.2,57.6,0.0,0.6,2.0,75.0,850.3,19.3,0,4816,703
2025-10-30 11:19:03,24.6,59.7,0.0,0.3,0.7,75.0,850.3,19.1,0,3896,617
2025-10-30 11:34:07,24.3,60.5,0.0,0.3,1.1,75.0,850.2,18.9,0,3671,591
2025-10-30 11:49:12,25.1,59.6,0.0,0.2,0.9,75.0,850.0,19.5,0,7014,912
2025-10-30 12:04:17,25.5,54.5,0.0,1.0,2.0,78.0,849.8,19.1,0,5213,741
2025-10-30 12:19:21,24.6,55.7,0.0,0.7,2.4,77.0,849.5,18.5,0,3345,564
2025-10-30 12:34:26,25.1,56.3,0.0,0.2,0.7,77.0,849.3,19.1,0,3745,600
2025-10-30 12:49:31,24.5,57.0,0.0,0.6,1.7,82.0,849.0,18.6,0,4982,720
2025-10-30 13:04:56,25.4,57.1,0.0,0.5,1.3,80.0,848.7,19.5,0,7734,972
2025-10-30 13:20:05,26.1,54.2,0.0,0.7,1.1,80.0,848.4,19.6,0,5429,761
2025-10-30 13:35:10,24.5,59.8,0.0,0.1,0.4,71.0,848.3,19.0,0,2421,471
2025-10-30 13:50:15,24.6,60.5,0.0,0.4,1.5,69.0,848.0,19.3,0,3503,579
2025-10-30 14:05:20,24.4,59.7,0.0,1.1,2.2,157.0,847.7,18.9,0,2202,449
2025-10-30 14:20:25,23.8,60.8,0.0,0.2,0.7,77.0,847.8,18.5,0,1906,428
2025-10-30 14:35:29,25.5,52.5,0.0,0.7,2.2,77.0,847.4,18.8,0,4738,711
2025-10-30 14:50:35,26.3,52.0,0.0,0.6,1.5,77.0,847.2,19.4,0,1821,418
2025-10-30 15:06:00,25.4,54.2,0.0,0.5,0.9,108.0,847.2,19.0,0,1515,395
2025-10-30 15:21:04,25.4,52.8,0.0,1.1,2.8,97.0,847.0,18.8,0,5774,780
2025-10-30 15:36:09,27.1,46.0,0.0,0.6,1.7,100.0,846.9,19.2,0,5186,729
2025-10-30 15:51:14,27.5,47.1,0.0,0.7,3.3,91.0,846.7,19.7,0,1675,407
2025-10-30 16:06:18,25.7,51.2,0.0,0.2,0.7,95.0,846.8,18.8,0,4893,681
2025-10-30 16:21:23,25.0,54.4,0.0,0.8,2.4,77.0,847.0,18.7,0,1217,353
2025-10-30 16:36:28,24.1,58.3,0.0,0.6,1.7,73.0,847.2,18.4,0,937,334
2025-10-30 16:51:33,23.1,62.9,0.0,0.4,0.8,113.0,847.4,18.2,0,577,305
2025-10-30 17:07:11,22.7,63.5,0.0,0.3,0.7,181.0,847.5,17.9,0,900,331
2025-10-30 17:22:17,23.0,62.7,0.0,0.2,0.7,96.0,847.5,18.1,0,1147,349
2025-10-30 17:37:21,22.8,62.9,0.0,0.7,1.7,82.0,847.8,17.9,0,617,299
2025-10-30 17:52:26,21.6,66.5,0.0,0.7,1.7,112.0,848.1,17.4,0,533,289
2025-10-30 18:07:31,20.9,68.0,0.0,0.4,1.1,82.0,848.2,16.9,0,327,269
2025-10-30 18:22:36,20.5,70.3,0.0,0.4,1.1,103.0,848.4,16.8,0,266,260
2025-10-30 18:37:41,20.1,73.0,0.0,0.2,1.1,97.0,848.4,16.8,0,253,260
2025-10-30 18:52:46,20.1,74.1,0.0,0.1,0.4,96.0,848.8,16.9,0,253,258
2025-10-30 19:08:09,20.0,73.6,0.0,0.0,0.2,96.0,848.9,16.7,0,254,260
2025-10-30 19:23:14,20.1,74.2,0.0,0.7,2.0,96.0,849.2,16.9,0,252,260
2025-10-30 19:38:18,20.0,76.2,0.0,0.3,0.7,96.0,849.3,17.1,0,253,260
2025-10-30 19:53:40,19.9,77.9,0.0,0.6,1.5,96.0,849.6,17.2,0,254,260
2025-10-30 20:09:06,19.8,79.8,0.0,1.0,2.6,88.0,849.8,17.3,0,254,261
2025-10-30 20:24:11,19.0,85.1,0.2,1.0,2.8,129.0,850.1,17.1,0,253,261
2025-10-30 20:39:16,18.1,90.0,4.6,0.3,0.7,89.0,850.3,16.9,0,253,260
2025-10-30 20:54:21,18.0,91.4,4.3999999999999995,0.3,0.6,89.0,850.4,17.0,0,254,260
2025-10-30 21:09:26,17.6,91.7,3.8000000000000007,0.8,2.6,175.0,850.6,16.6,0,253,261
2025-10-30 21:24:31,17.6,92.5,5.800000000000001,0.3,0.7,169.0,850.5,16.8,0,254,260
2025-10-30 21:39:36,17.6,92.8,1.8000000000000007,0.3,0.9,179.0,850.6,16.7,0,254,262
2025-10-30 21:54:41,17.7,93.0,0.1999999999999993,0.9,3.3,179.0,850.7,16.8,0,253,261
2025-10-30 22:09:46,17.6,93.1,0.0,0.6,1.7,179.0,850.8,16.8,0,253,261
2025-10-30 22:25:11,17.5,92.9,0.1999999999999993,0.1,0.7,179.0,850.9,16.7,0,253,260
2025-10-30 22:40:16,17.5,92.6,0.0,0.2,0.6,179.0,850.9,16.6,0,253,259
2025-10-30 22:55:20,17.5,92.4,0.0,0.1,0.4,179.0,850.8,16.6,0,254,261
2025-10-30 23:10:27,17.4,92.2,0.0,0.3,0.9,179.0,850.9,16.5,0,252,261
2025-10-30 23:25:32,17.4,92.2,0.0,0.4,1.1,179.0,850.8,16.4,0,253,260
2025-10-30 23:40:36,17.3,92.1,0.0,0.4,1.1,179.0,850.9,16.3,0,253,260
2025-10-30 23:56:09,17.1,92.2,0.0,0.0,0.0,179.0,850.7,16.2,0,253,260
2025-10-31 00:11:15,17.0,92.4,0.0,0.3,0.7,179.0,850.8,16.1,0,254,260
2025-10-31 00:26:19,16.9,92.5,0.0,0.3,1.1,179.0,850.7,16.0,0,253,259
2025-10-31 00:41:24,16.9,92.6,0.0,0.0,0.0,179.0,850.5,16.0,0,253,261
2025-10-31 00:56:37,16.7,92.8,0.0,0.0,0.0,179.0,850.3,15.9,0,254,260
2025-10-31 01:11:42,16.7,93.0,0.0,0.0,0.0,179.0,850.3,15.8,0,253,260
2025-10-31 01:27:37,16.7,93.2,0.0,0.0,0.0,179.0,850.2,15.9,0,255,259
2025-10-31 01:42:42,16.8,93.4,0.0,0.0,0.0,179.0,850.0,16.0,0,254,260
2025-10-31 01:59:18,16.9,93.6,0.0,0.0,0.0,179.0,849.9,16.1,0,253,260
2025-10-31 02:14:19,16.9,93.7,0.0,0.0,0.0,179.0,849.9,16.1,0,253,260
2025-10-31 02:29:24,16.9,93.7,0.0,0.0,0.0,179.0,849.7,16.1,0,254,261
2025-10-31 02:44:29,16.9,93.7,0.0,0.0,0.0,179.0,849.6,16.2,0,254,260
2025-10-31 03:00:14,17.0,93.7,0.0,0.0,0.0,179.0,849.5,16.2,0,253,259
2025-10-31 03:15:33,17.0,93.8,0.0,0.0,0.2,179.0,849.5,16.2,0,254,260
2025-10-31 03:30:38,16.9,93.3,0.0,0.6,1.3,179.0,849.4,16.1,0,254,261
2025-10-31 03:46:05,16.9,92.8,0.0,0.0,0.0,179.0,849.5,16.1,0,254,260
2025-10-31 04:01:21,17.0,92.7,0.0,0.1,0.4,179.0,849.7,16.1,0,253,261
2025-10-31 04:16:25,17.0,92.4,0.0,0.0,0.2,179.0,849.7,16.1,0,252,260
2025-10-31 04:31:30,17.0,92.5,0.0,0.0,0.2,179.0,849.8,16.1,0,253,259
2025-10-31 04:46:35,16.9,92.3,0.0,0.4,2.0,179.0,849.9,16.0,0,253,261
2025-10-31 05:01:40,17.0,92.3,0.0,0.3,0.7,179.0,850.0,16.1,0,253,259
2025-10-31 05:16:46,17.0,92.1,0.0,0.7,2.6,179.0,850.0,16.1,0,254,261
2025-10-31 05:32:43,17.1,91.8,0.0,0.9,2.2,179.0,850.2,16.1,0,254,261
2025-10-31 05:47:48,17.1,92.2,0.0,0.0,0.0,179.0,850.2,16.1,0,254,260
2025-10-31 06:02:53,17.0,92.3,0.0,0.1,0.6,179.0,850.3,16.1,0,258,260
2025-10-31 06:17:58,17.0,92.5,0.0,0.5,1.1,179.0,850.4,16.1,0,297,265
2025-10-31 06:33:03,17.0,92.5,0.0,0.0,0.0,179.0,850.6,16.1,0,471,281
2025-10-31 06:48:08,17.2,92.6,0.0,0.0,0.0,179.0,850.9,16.4,0,547,289
2025-10-31 07:03:31,17.2,92.1,0.0,0.3,0.7,179.0,851.0,16.3,0,588,294
2025-10-31 07:18:35,17.3,91.6,0.0,0.0,0.2,179.0,851.2,16.3,0,642,298
2025-10-31 07:33:40,17.5,91.5,0.0,0.0,0.0,179.0,851.4,16.5,0,801,314
2025-10-31 07:48:45,17.8,90.7,0.0,0.3,0.7,179.0,851.6,16.7,0,1185,349
2025-10-31 08:03:50,18.2,90.1,0.0,0.0,0.0,179.0,851.8,17.1,0,1008,333
2025-10-31 08:18:55,18.4,88.2,0.0,0.2,0.4,179.0,852.0,17.0,0,1250,356
2025-10-31 08:33:59,19.0,87.1,0.0,0.0,0.2,179.0,852.2,17.4,0,1684,398
2025-10-31 08:49:04,20.9,81.2,0.0,0.0,0.2,179.0,852.0,18.5,0,5315,731
2025-10-31 09:04:09,21.8,71.2,0.0,0.6,1.3,179.0,851.9,18.1,0,3477,580
2025-10-31 09:19:14,22.8,67.6,0.0,1.3,1.7,68.0,851.8,18.5,0,6084,811
2025-10-31 09:34:38,24.3,61.4,0.0,0.2,0.4,78.0,851.7,19.1,0,2577,490
2025-10-31 09:49:43,22.1,67.0,0.0,0.5,1.5,68.0,851.7,17.8,0,2864,509
2025-10-31 10:04:48,22.0,69.4,0.0,0.3,0.9,81.0,851.6,18.1,0,5613,777
2025-10-31 10:19:52,23.4,64.7,0.0,0.0,0.4,81.0,851.4,18.7,0,4092,632
2025-10-31 10:34:57,22.7,64.4,0.0,0.3,0.8,85.0,851.3,18.1,0,2135,440
2025-10-31 10:50:02,22.3,67.0,0.0,0.1,0.8,85.0,851.2,18.0,0,2498,477
2025-10-31 11:05:07,22.0,64.1,0.0,0.5,1.7,85.0,851.0,17.4,0,2291,457
2025-10-31 11:20:12,22.8,61.5,0.0,1.6,2.8,85.0,850.9,17.7,0,2781,501
2025-10-31 11:35:17,23.2,61.4,0.0,0.2,0.8,85.0,850.5,18.1,0,4286,650
2025-10-31 11:50:22,24.7,57.7,0.0,1.2,2.8,81.0,850.3,18.9,0,4722,697
2025-10-31 12:05:45,25.3,55.1,0.0,1.7,3.3,96.0,850.1,19.0,0,3440,569
2025-10-31 12:20:50,24.3,61.0,0.0,0.7,1.3,96.0,850.0,19.0,0,2126,439
2025-10-31 12:36:24,24.1,61.1,0.0,0.6,0.9,96.0,849.7,18.9,0,2671,494
2025-10-31 12:51:46,23.4,64.6,0.0,0.6,1.1,96.0,849.4,18.7,0,3077,535
2025-10-31 13:06:51,23.6,62.3,0.0,0.4,0.7,62.0,849.2,18.5,0,1754,402
2025-10-31 13:21:56,22.8,65.5,0.0,0.3,1.1,112.0,849.0,18.3,0,1831,412
2025-10-31 13:37:00,22.9,64.7,0.0,1.4,2.6,84.0,848.9,18.3,0,2988,525
2025-10-31 13:52:08,23.4,61.6,0.0,1.3,3.1,71.0,848.7,18.3,0,3229,551
2025-10-31 14:07:58,24.1,61.2,0.0,0.8,1.5,125.0,848.5,18.8,0,3947,619
2025-10-31 14:23:04,24.7,58.8,0.0,1.0,2.4,93.0,848.2,19.1,0,3985,620
2025-10-31 14:38:09,24.0,58.0,0.0,0.7,2.0,82.0,848.2,18.3,0,3711,594
2025-10-31 14:53:14,24.3,59.9,0.0,0.3,1.1,130.0,848.0,18.9,0,3067,531
2025-10-31 15:08:18,24.6,55.0,0.0,0.6,1.3,124.0,847.9,18.4,0,3457,570
2025-10-31 15:23:23,24.7,56.5,0.0,0.3,0.6,105.0,847.9,18.8,0,3234,550
2025-10-31 15:38:28,25.1,54.5,0.0,0.5,1.3,131.0,847.8,18.7,0,3154,542
2025-10-31 15:53:33,23.7,59.9,0.0,0.3,0.9,200.0,847.9,18.3,0,1858,416
2025-10-31 16:08:55,23.6,59.8,0.0,0.2,0.4,179.0,848.0,18.2,0,1651,394
2025-10-31 16:24:00,24.1,57.3,0.0,1.5,2.8,185.0,847.9,18.3,0,3498,550
2025-10-31 16:39:04,25.3,54.0,0.0,0.6,1.3,147.0,847.8,18.9,0,2729,484
2025-10-31 16:54:09,24.6,55.0,0.0,0.7,2.8,132.0,847.9,18.4,0,1237,360
2025-10-31 17:09:14,23.1,60.3,0.0,0.1,0.7,211.0,848.0,17.8,0,976,334
2025-10-31 17:24:19,22.9,60.9,0.0,0.3,0.9,116.0,848.1,17.7,0,748,316
2025-10-31 17:39:24,22.5,63.2,0.0,0.3,1.3,208.0,848.2,17.7,0,549,297
2025-10-31 17:54:28,22.1,63.6,0.0,0.1,0.4,201.0,848.5,17.3,0,394,280
2025-10-31 18:09:33,21.5,65.0,0.0,0.8,1.7,121.0,848.7,17.0,0,295,268
2025-10-31 18:25:06,21.0,68.1,0.0,0.0,0.2,200.0,848.9,17.0,0,260,259
2025-10-31 18:40:11,20.6,70.2,0.0,0.1,0.7,103.0,848.9,16.9,0,253,260
2025-10-31 18:56:03,20.2,72.4,0.0,0.1,0.4,113.0,849.0,16.8,0,254,259
2025-10-31 19:11:28,20.0,73.5,0.0,0.1,0.4,113.0,849.3,16.8,0,253,261
2025-10-31 19:26:32,20.0,73.1,0.0,0.0,0.4,113.0,849.5,16.7,0,252,261
2025-10-31 19:41:37,20.1,72.0,0.0,0.1,0.2,113.0,849.7,16.6,0,252,262
2025-10-31 19:56:42,20.3,71.5,0.0,0.1,0.4,113.0,849.7,16.8,0,254,261
2025-10-31 20:11:47,20.2,71.5,0.0,0.0,0.0,113.0,849.9,16.6,0,253,260
2025-10-31 20:26:51,20.1,72.1,0.0,0.0,0.0,113.0,850.0,16.7,0,252,262
2025-10-31 20:41:56,20.1,72.0,0.0,0.3,1.3,113.0,850.2,16.6,0,254,259
2025-10-31 20:57:01,20.1,72.1,0.0,0.1,0.6,113.0,850.2,16.6,0,253,259
2025-10-31 21:12:05,20.1,71.2,0.0,0.0,0.0,113.0,850.1,16.5,0,254,259
2025-10-31 21:27:10,20.0,72.4,0.0,0.0,0.0,113.0,850.5,16.6,0,253,260
2025-10-31 21:42:33,19.9,73.3,0.0,0.0,0.0,113.0,850.5,16.6,0,252,261
2025-10-31 21:57:38,19.6,75.0,0.0,0.0,0.0,113.0,850.5,16.5,0,252,261
2025-10-31 22:12:43,19.5,76.2,0.0,0.0,0.0,113.0,850.8,16.5,0,253,260
2025-10-31 22:27:48,19.3,78.7,0.0,0.0,0.2,113.0,850.8,16.7,0,254,260
2025-10-31 22:42:52,19.2,79.1,0.0,0.0,0.0,113.0,850.7,16.6,0,252,260
2025-10-31 22:57:57,19.0,81.7,0.0,0.0,0.2,113.0,850.6,16.7,0,253,260
2025-10-31 23:13:01,18.7,80.5,0.0,0.0,0.0,113.0,850.6,16.4,0,254,260
2025-10-31 23:28:06,18.6,81.0,0.0,0.0,0.0,113.0,850.5,16.3,0,254,260
2025-10-31 23:43:11,18.6,80.8,0.0,0.0,0.0,113.0,850.3,16.3,0,252,260
2025-10-31 23:58:15,18.7,79.8,0.0,0.0,0.2,113.0,850.2,16.3,0,253,260
2025-11-01 00:13:40,18.9,79.4,0.0,0.0,0.2,113.0,850.2,16.4,0,252,259
2025-11-01 00:28:45,18.9,80.4,0.0,0.1,0.4,113.0,850.1,16.5,0,254,261
2025-11-01 00:43:48,18.7,81.3,0.0,0.0,0.2,113.0,850.2,16.5,0,253,259
2025-11-01 00:58:53,18.6,82.1,0.0,0.0,0.2,113.0,850.1,16.4,0,253,261
2025-11-01 01:13:58,18.5,82.8,0.0,0.0,0.2,113.0,849.8,16.4,0,253,259
2025-11-01 01:29:03,18.4,83.7,0.0,0.0,0.0,113.0,849.8,16.4,0,252,260
2025-11-01 01:44:08,18.4,84.0,0.0,0.1,0.4,113.0,849.6,16.5,0,252,261
2025-11-01 01:59:12,18.2,84.9,0.0,0.1,0.4,113.0,849.6,16.4,0,253,260
2025-11-01 02:14:17,18.1,85.5,0.0,0.4,1.2,113.0,849.5,16.4,0,254,260
2025-11-01 02:29:22,18.0,86.3,0.0,0.1,0.4,114.0,849.6,16.4,0,254,261
2025-11-01 02:44:46,18.0,86.6,0.0,0.3,0.7,114.0,849.4,16.3,0,253,261
2025-11-01 03:00:51,17.9,87.1,0.0,0.0,0.2,114.0,849.3,16.3,0,253,259
2025-11-01 03:15:57,17.8,87.4,0.0,0.4,0.7,114.0,849.3,16.3,0,253,260
2025-11-01 03:31:02,17.9,87.6,0.0,0.1,0.2,114.0,849.3,16.4,0,253,259
2025-11-01 03:46:05,17.8,87.2,0.0,0.7,1.7,133.0,849.4,16.2,0,253,260
2025-11-01 04:01:10,17.6,87.0,0.0,0.3,0.7,133.0,849.4,16.1,0,254,260
2025-11-01 04:16:15,17.5,87.2,0.0,0.1,0.2,133.0,849.6,16.0,0,254,259
2025-11-01 04:31:59,17.5,87.5,0.0,0.2,0.8,133.0,849.8,16.0,0,254,260
2025-11-01 04:47:04,17.5,87.5,0.0,0.4,1.1,133.0,850.0,16.0,0,254,261
2025-11-01 05:02:08,17.5,87.8,0.0,0.2,0.4,133.0,850.1,16.0,0,252,261
2025-11-01 05:17:13,17.5,87.8,0.0,0.5,1.9,117.0,850.3,16.0,0,253,261
2025-11-01 05:32:18,17.4,87.3,0.0,0.1,0.2,171.0,850.4,15.9,0,253,261
2025-11-01 05:47:23,17.2,87.8,0.0,0.1,0.5,171.0,850.6,15.8,0,253,259
2025-11-01 06:02:27,17.1,87.5,0.0,0.3,1.2,171.0,850.7,15.6,0,259,260
2025-11-01 06:17:51,17.1,87.6,0.0,0.0,0.2,171.0,850.9,15.6,0,289,264
2025-11-01 06:32:56,17.0,87.6,0.0,0.3,0.7,171.0,851.1,15.6,0,341,268
2025-11-01 06:48:01,17.1,87.5,0.0,0.0,0.0,171.0,851.3,15.6,0,380,272
2025-11-01 07:03:06,17.1,87.1,0.0,0.2,0.9,171.0,851.5,15.6,0,524,286
2025-11-01 07:18:10,17.2,86.4,0.0,0.3,0.9,171.0,851.7,15.6,0,538,288
2025-11-01 07:33:15,17.2,85.8,0.0,0.2,0.7,171.0,851.7,15.5,0,305,265
2025-11-01 07:48:20,17.3,85.6,0.0,0.0,0.0,171.0,852.0,15.5,0,509,285
2025-11-01 08:03:25,17.1,86.4,0.0,0.2,0.7,171.0,852.3,15.5,0,704,304
2025-11-01 08:18:29,17.3,86.2,0.0,0.0,0.0,171.0,852.4,15.7,0,1052,337
2025-11-01 08:33:34,17.7,85.1,0.0,0.0,0.2,171.0,852.5,15.9,0,1541,383
2025-11-01 08:48:57,18.9,81.5,0.0,0.1,0.4,171.0,852.6,16.6,0,2088,436
2025-11-01 09:04:02,19.2,78.4,0.0,0.9,2.2,171.0,852.6,16.6,0,2149,442
2025-11-01 09:19:05,20.0,78.0,0.0,0.2,0.7,171.0,852.6,17.2,0,3236,549
2025-11-01 09:34:10,20.1,75.7,0.0,0.4,1.5,171.0,852.6,17.1,0,2175,438
2025-11-01 09:49:15,19.9,75.2,0.0,0.8,2.0,171.0,852.5,16.8,0,2246,454
2025-11-01 10:04:20,20.5,72.2,0.0,1.1,2.6,138.0,852.4,17.1,0,4149,636
2025-11-01 10:19:25,21.0,70.5,0.0,1.2,2.4,175.0,852.4,17.3,0,3525,574
2025-11-01 10:34:29,21.5,70.6,0.0,0.2,0.7,186.0,852.2,17.8,0,3283,543
2025-11-01 10:49:34,21.5,68.5,0.0,1.5,3.1,175.0,852.1,17.4,0,3803,604
2025-11-01 11:04:39,21.4,69.6,0.0,0.6,1.1,175.0,852.0,17.5,0,2815,507
2025-11-01 11:20:04,22.0,69.2,0.0,0.1,0.8,175.0,851.7,18.0,0,5721,781
2025-11-01 11:35:09,22.8,64.8,0.0,0.9,2.0,175.0,851.5,18.2,0,9877,1155
2025-11-01 11:50:13,22.4,65.9,0.0,0.6,1.1,175.0,851.3,18.0,0,3535,580
2025-11-01 12:05:18,23.1,65.5,0.0,0.1,0.4,175.0,851.1,18.6,0,5353,758
2025-11-01 12:20:23,24.0,61.5,0.0,0.6,1.7,172.0,850.8,18.8,0,10762,1252
2025-11-01 12:35:27,24.8,59.5,0.0,0.2,1.5,86.0,850.6,19.2,0,7989,1000
2025-11-01 12:50:32,24.7,57.6,0.0,0.6,1.5,177.0,850.3,18.9,0,3059,533
2025-11-01 13:05:36,23.5,60.0,0.0,1.5,2.8,88.0,850.1,18.1,0,3234,548
2025-11-01 13:20:41,23.1,61.4,0.0,0.7,1.8,70.0,849.9,18.0,0,2886,518
2025-11-01 13:35:46,23.7,60.4,0.0,0.9,2.2,73.0,849.5,18.4,0,10527,1219
2025-11-01 13:51:10,24.0,58.7,0.0,1.0,2.4,71.0,849.3,18.5,0,3485,571
2025-11-01 14:06:14,24.2,57.4,0.0,1.7,2.8,82.0,848.9,18.4,0,8165,996
2025-11-01 14:21:19,25.4,55.4,0.0,0.8,2.8,81.0,848.9,19.2,0,2581,487
2025-11-01 14:36:24,24.6,55.4,0.0,1.1,2.0,78.0,848.7,18.4,0,3070,536
2025-11-01 14:51:28,24.2,56.5,0.0,0.8,2.0,78.0,848.6,18.3,0,2255,455
2025-11-01 15:06:33,24.2,57.7,0.0,1.4,3.3,78.0,848.6,18.4,0,2895,514
2025-11-01 15:21:38,23.8,60.1,0.0,1.7,3.1,78.0,848.6,18.4,0,2040,433
2025-11-01 15:36:42,24.4,58.8,0.0,1.0,3.1,67.0,848.5,18.7,0,3251,559
2025-11-01 15:51:47,25.1,54.9,0.0,1.1,2.8,68.0,848.4,18.9,0,1564,396
2025-11-01 16:06:52,24.3,57.7,0.0,1.3,3.1,72.0,848.5,18.5,0,1854,416
2025-11-01 16:22:16,23.4,60.9,0.0,0.5,1.3,78.0,848.5,18.2,0,2290,456
2025-11-01 16:37:20,24.0,59.8,0.0,0.3,0.7,78.0,848.5,18.6,0,2198,437
2025-11-01 16:52:25,23.4,60.3,0.0,0.6,1.3,81.0,848.6,18.1,0,814,315
2025-11-01 17:07:30,22.7,64.6,0.0,0.8,2.0,73.0,848.8,18.1,0,424,277
2025-11-01 17:22:35,22.2,65.4,0.0,0.2,0.7,65.0,848.9,17.8,0,358,273
2025-11-01 17:38:15,22.0,66.5,0.0,0.9,2.2,3.0,848.9,17.7,0,290,265
2025-11-01 17:53:44,21.6,66.3,0.0,1.0,2.8,65.0,849.0,17.3,0,279,263
2025-11-01 18:08:49,21.4,67.6,0.0,0.1,0.4,175.0,849.2,17.3,0,278,263
2025-11-01 18:23:54,21.2,68.3,0.0,0.3,0.7,91.0,849.3,17.1,0,257,261
2025-11-01 18:38:59,21.1,69.2,0.0,0.4,1.1,91.0,849.5,17.2,0,254,261
2025-11-01 18:54:04,21.0,68.4,0.0,0.5,1.1,83.0,849.8,17.0,0,253,262
2025-11-01 19:09:09,20.9,70.4,0.0,0.2,0.7,83.0,849.9,17.2,0,253,261
2025-11-01 19:24:14,20.5,76.3,0.0,0.1,0.4,83.0,850.0,17.6,0,254,260
2025-11-01 19:39:18,20.3,77.7,0.0,0.1,0.2,83.0,850.1,17.5,0,253,260
2025-11-01 19:54:43,20.0,78.8,0.0,0.2,0.7,83.0,850.3,17.4,0,253,259
2025-11-01 20:09:48,19.9,80.2,0.0,0.2,0.7,83.0,850.7,17.4,0,252,261
2025-11-01 20:24:51,19.7,80.8,0.0,0.5,1.1,83.0,850.9,17.4,0,255,260
2025-11-01 20:39:56,19.5,81.1,0.0,0.3,0.7,83.0,851.1,17.2,0,253,261
2025-11-01 20:55:01,19.5,81.7,0.0,0.2,0.7,83.0,851.1,17.2,0,254,261
2025-11-01 21:10:06,19.3,82.0,0.0,0.1,0.2,83.0,851.3,17.1,0,254,260
2025-11-01 21:25:10,19.2,82.7,0.0,0.1,0.4,83.0,851.3,17.1,0,253,261
2025-11-01 21:40:15,19.0,82.9,0.0,0.1,0.2,83.0,851.4,16.9,0,254,260
2025-11-01 21:55:20,18.8,83.7,0.0,0.0,0.2,83.0,851.5,16.8,0,254,259
2025-11-01 22:10:24,18.5,84.2,0.0,0.0,0.0,83.0,851.5,16.5,0,254,260
2025-11-01 22:25:47,18.2,85.7,0.0,0.0,0.0,83.0,851.6,16.4,0,253,260
2025-11-01 22:40:52,17.8,85.9,0.0,0.0,0.2,83.0,851.4,16.2,0,254,260
2025-11-01 22:55:57,17.5,87.0,0.0,0.0,0.0,83.0,851.4,16.0,0,253,260
2025-11-01 23:11:02,17.3,88.2,0.0,0.0,0.0,83.0,851.4,15.9,0,253,260
2025-11-01 23:26:06,16.9,88.8,0.0,0.0,0.0,83.0,851.1,15.6,0,253,260
2025-11-01 23:41:11,16.7,89.4,0.0,0.0,0.0,83.0,851.0,15.5,0,253,261
2025-11-01 23:56:16,16.6,90.2,0.0,0.0,0.0,83.0,850.8,15.5,0,254,259
2025-11-02 00:11:21,16.9,90.5,0.0,0.1,0.2,83.0,850.7,15.8,0,254,260
2025-11-02 00:26:26,17.2,89.5,0.0,0.1,0.2,83.0,850.7,16.0,0,254,261
2025-11-02 00:41:30,17.6,87.2,0.0,0.3,0.4,83.0,850.6,16.0,0,253,259
2025-11-02 00:56:53,17.8,87.1,0.0,0.1,0.4,83.0,850.4,16.3,0,253,261
2025-11-02 01:11:58,17.8,88.4,0.0,0.2,0.7,83.0,850.4,16.4,0,254,261
2025-11-02 01:27:02,17.8,88.6,0.0,0.2,0.7,83.0,850.3,16.4,0,253,261
2025-11-02 01:42:07,17.7,88.8,0.0,0.0,0.2,83.0,850.1,16.3,0,253,260
2025-11-02 01:57:12,17.8,89.4,0.0,0.0,0.2,83.0,850.0,16.5,0,254,260
2025-11-02 02:12:17,17.6,89.4,0.0,0.0,0.0,83.0,849.9,16.4,0,254,260
2025-11-02 02:27:21,17.6,89.8,0.0,0.0,0.0,83.0,849.8,16.4,0,253,259
2025-11-02 02:42:26,17.6,90.2,0.0,0.0,0.2,83.0,849.6,16.4,0,253,260
2025-11-02 02:57:31,17.5,90.2,0.0,0.1,0.4,83.0,849.6,16.4,0,254,260
2025-11-02 03:00:32,17.6,90.2,0.0,0.0,0.0,83.0,849.6,16.4,0,253,260
2025-11-02 03:15:37,17.4,90.4,0.0,0.0,0.2,83.0,849.5,16.2,0,254,261
2025-11-02 03:31:00,17.4,91.1,0.0,0.1,0.2,83.0,849.6,16.4,0,253,260
2025-11-02 03:46:05,17.5,91.2,0.0,0.0,0.2,83.0,849.7,16.4,0,253,261
2025-11-02 04:01:10,17.5,91.1,0.0,0.0,0.2,83.0,849.9,16.5,0,254,260
2025-11-02 04:16:15,17.5,90.8,0.0,0.0,0.0,83.0,850.0,16.4,0,253,260
2025-11-02 04:31:20,17.4,90.9,0.0,0.3,0.4,83.0,850.1,16.3,0,253,260
2025-11-02 04:46:25,17.3,91.1,0.0,0.0,0.2,83.0,850.2,16.3,0,253,260
2025-11-02 05:01:29,17.1,91.2,0.0,0.2,0.7,83.0,850.2,16.1,0,253,260
2025-11-02 05:16:34,17.1,91.5,0.0,0.2,0.4,83.0,850.3,16.1,0,253,260
2025-11-02 05:31:39,17.0,91.6,0.0,0.0,0.2,83.0,850.5,16.0,0,253,260
2025-11-02 05:46:44,16.9,92.0,0.0,0.4,0.9,83.0,850.6,16.0,0,253,260
2025-11-02 06:02:07,16.8,92.1,0.0,0.1,0.4,83.0,850.6,15.9,0,257,260
2025-11-02 06:17:12,16.9,92.3,0.0,0.4,1.1,83.0,850.8,16.0,0,273,262
2025-11-02 06:32:16,16.9,92.2,0.0,0.0,0.2,83.0,850.9,16.0,0,337,269
2025-11-02 06:47:21,17.1,92.0,0.0,0.0,0.0,83.0,851.0,16.1,0,466,281
2025-11-02 07:02:26,17.3,91.4,0.0,0.1,0.2,83.0,851.4,16.3,0,457,279
2025-11-02 07:17:30,17.3,90.7,0.0,0.3,0.7,83.0,851.6,16.2,0,582,290
2025-11-02 07:32:35,17.9,89.2,0.0,0.2,0.9,28.0,851.8,16.7,0,302,266
2025-11-02 07:47:40,18.3,86.5,0.0,0.2,0.7,30.0,852.0,16.7,0,1067,338
2025-11-02 08:02:45,18.6,85.8,0.0,0.0,0.0,30.0,852.2,16.8,0,1183,348
2025-11-02 08:18:09,18.8,84.5,0.0,0.1,0.8,34.0,852.3,17.0,0,1791,408
2025-11-02 08:33:14,19.5,80.2,0.0,0.3,0.9,158.0,852.4,17.1,0,2879,510
2025-11-02 08:49:15,19.8,79.1,0.0,0.3,1.3,158.0,852.6,17.2,0,1937,421
2025-11-02 09:04:20,20.1,77.7,0.0,0.2,0.4,158.0,852.5,17.4,0,2498,475
2025-11-02 09:19:25,20.9,74.6,0.0,0.6,1.3,34.0,852.6,17.7,0,2401,463
2025-11-02 09:34:30,20.9,73.7,0.0,0.1,0.4,109.0,852.5,17.6,0,3516,569
2025-11-02 09:49:34,21.9,70.4,0.0,0.0,0.2,92.0,852.5,18.1,0,6668,865
2025-11-02 10:04:39,22.6,64.0,0.0,0.5,1.3,122.0,852.5,17.9,0,2779,502
2025-11-02 10:19:44,22.6,64.8,0.0,0.4,0.9,35.0,852.4,18.0,0,8170,1001
2025-11-02 10:34:49,23.8,60.9,0.0,0.2,0.4,158.0,852.2,18.5,0,7650,947
2025-11-02 10:49:54,23.3,59.2,0.0,0.9,1.7,96.0,852.1,17.8,0,2475,476
2025-11-02 11:05:16,24.1,59.0,0.0,0.3,0.7,36.0,851.9,18.5,0,2474,479
2025-11-02 11:20:21,23.9,57.6,0.0,0.9,2.8,111.0,851.7,18.2,0,9574,1118
2025-11-02 11:35:25,25.4,56.9,0.0,0.8,2.2,87.0,851.6,19.4,0,9267,1114
2025-11-02 11:50:30,25.0,54.2,0.0,0.9,2.4,176.0,851.5,18.7,0,9452,1125
2025-11-02 12:05:35,26.0,52.2,0.0,0.8,3.5,80.0,851.1,19.2,0,6141,847
2025-11-02 12:20:40,25.8,53.0,0.0,1.4,2.4,63.0,850.8,19.1,0,6375,851
2025-11-02 12:35:44,26.2,52.5,0.0,1.0,2.8,130.0,850.4,19.4,0,3267,564
2025-11-02 12:50:49,27.0,49.4,0.0,0.6,1.3,58.0,850.1,19.6,0,2885,531
2025-11-02 13:05:54,25.5,53.0,0.0,0.8,1.5,148.0,850.0,18.9,0,9474,1118
2025-11-02 13:20:58,25.7,53.8,0.0,0.4,1.3,179.0,849.7,19.2,0,2992,536
2025-11-02 13:36:23,25.7,52.4,0.0,0.4,1.3,116.0,849.3,18.9,0,2517,491
2025-11-02 13:51:28,26.3,51.3,0.0,0.3,1.3,88.0,849.0,19.3,0,9095,1085
2025-11-02 14:06:30,25.7,52.6,0.0,0.1,0.4,140.0,848.9,19.0,0,1642,408
2025-11-02 14:21:36,27.9,46.8,0.0,0.8,1.5,80.0,848.7,19.9,0,1907,428
2025-11-02 14:36:40,26.0,50.5,0.0,0.8,2.0,116.0,848.6,19.0,0,7588,929
2025-11-02 14:51:45,26.9,48.6,0.0,0.6,1.3,128.0,848.4,19.4,0,5131,728
2025-11-02 15:06:50,28.9,45.9,0.0,1.6,3.1,91.0,848.3,20.6,0,6743,860
2025-11-02 15:21:55,26.2,49.2,0.0,2.5,4.6,82.0,848.3,18.9,0,1202,359
2025-11-02 15:37:34,25.0,51.9,0.0,0.6,1.7,112.0,848.4,18.3,0,1249,363
2025-11-02 15:52:40,24.7,52.2,0.0,0.5,1.1,96.0,848.3,18.1,0,1357,380
2025-11-02 16:07:45,26.5,48.8,0.0,0.3,0.9,79.0,848.2,19.1,0,2232,461
2025-11-02 16:23:15,27.0,47.0,0.0,1.6,3.1,66.0,848.2,19.2,0,1339,369
2025-11-02 16:38:40,25.0,50.3,0.0,1.4,3.7,94.0,848.3,18.0,0,885,338
2025-11-02 16:53:44,25.6,48.4,0.0,1.0,3.5,88.0,848.4,18.2,0,2241,443
2025-11-02 17:08:49,25.2,49.7,0.0,0.5,2.0,260.0,848.4,18.1,0,828,324
2025-11-02 17:23:54,24.3,53.1,0.0,0.0,0.2,148.0,848.6,17.9,0,684,309
2025-11-02 17:38:59,24.0,53.8,0.0,0.2,0.9,87.0,848.7,17.7,0,527,293
2025-11-02 17:54:04,23.6,54.3,0.0,0.2,0.4,111.0,848.8,17.5,0,426,280
2025-11-02 18:09:09,23.3,55.3,0.0,0.3,0.7,149.0,848.9,17.3,0,305,268
2025-11-02 18:24:14,23.0,56.3,0.0,0.8,2.0,115.0,849.3,17.2,0,261,263
2025-11-02 18:39:19,22.7,61.1,0.0,0.6,1.3,98.0,849.5,17.6,0,254,262
2025-11-02 18:54:24,22.5,61.5,0.0,0.4,1.1,98.0,849.8,17.4,0,253,259
2025-11-02 19:09:48,22.2,62.4,0.0,0.8,1.5,91.0,850.0,17.3,0,253,259
2025-11-02 19:24:53,22.0,63.5,0.0,0.3,1.5,89.0,850.1,17.3,0,253,261
2025-11-02 19:39:58,21.7,63.8,0.0,1.7,3.9,95.0,850.4,17.1,0,253,260
2025-11-02 19:55:03,21.6,64.8,0.0,0.2,0.7,87.0,850.6,17.1,0,254,260
2025-11-02 20:10:08,21.4,65.2,0.0,0.0,0.2,103.0,850.8,17.0,0,252,260
2025-11-02 20:25:13,21.3,66.6,0.0,0.1,0.2,72.0,851.0,17.0,0,253,261
2025-11-02 20:40:18,21.2,67.7,0.0,0.3,0.8,90.0,851.2,17.1,0,254,261
2025-11-02 20:55:23,21.1,68.6,0.0,1.0,2.2,87.0,851.5,17.1,0,254,260
2025-11-02 21:10:28,21.1,69.4,0.0,0.2,0.7,116.0,851.9,17.2,0,253,260
2025-11-02 21:25:33,20.9,71.2,0.0,0.8,1.3,116.0,852.0,17.3,0,253,260
2025-11-02 21:40:55,20.8,72.9,0.0,0.1,0.4,116.0,852.2,17.4,0,253,260
2025-11-02 21:56:01,20.7,74.5,0.0,0.3,0.9,116.0,852.3,17.5,0,253,260
2025-11-02 22:11:05,20.4,72.2,0.0,0.3,1.3,116.0,852.4,16.9,0,253,261
2025-11-02 22:26:10,20.4,71.8,0.0,0.3,1.1,118.0,852.5,16.9,0,254,260
2025-11-02 22:41:15,20.2,72.5,0.0,0.9,2.4,80.0,852.5,16.8,0,253,260
2025-11-02 22:56:20,19.9,75.3,0.0,0.2,0.7,264.0,852.5,16.9,0,253,261
2025-11-02 23:11:25,19.5,75.6,0.0,1.0,2.0,83.0,852.3,16.6,0,253,260
2025-11-02 23:26:30,19.3,77.2,0.0,0.3,1.1,93.0,852.4,16.5,0,253,260
2025-11-02 23:41:35,19.3,77.2,0.0,0.6,1.7,85.0,852.2,16.5,0,254,260
2025-11-02 23:56:40,19.2,77.8,0.0,0.4,0.9,103.0,852.0,16.5,0,254,260
2025-11-03 00:12:03,19.0,78.6,0.0,0.0,0.2,94.0,851.8,16.4,0,254,260
2025-11-03 00:27:07,19.0,79.0,0.0,0.1,0.4,77.0,851.8,16.4,0,253,261
2025-11-03 00:42:12,19.0,79.1,0.0,0.2,0.7,83.0,851.9,16.5,0,253,260
2025-11-03 00:57:17,18.9,79.2,0.0,0.0,0.2,92.0,851.7,16.4,0,253,260
2025-11-03 01:12:22,18.6,80.3,0.0,0.0,0.0,84.0,851.6,16.3,0,253,260
2025-11-03 01:27:27,18.4,81.9,0.0,0.2,0.4,84.0,851.4,16.2,0,254,261
2025-11-03 01:42:32,18.1,83.1,0.0,0.0,0.2,84.0,851.2,16.0,0,252,260
2025-11-03 01:57:37,17.9,84.6,0.0,0.0,0.2,74.0,851.2,16.0,0,254,260
2025-11-03 02:12:41,17.9,85.4,0.0,0.2,0.4,74.0,851.1,16.2,0,254,260
2025-11-03 02:27:46,18.1,85.2,0.0,0.2,0.7,86.0,851.0,16.3,0,255,260
2025-11-03 02:43:10,18.0,84.9,0.0,0.6,1.5,71.0,850.9,16.2,0,253,260
2025-11-03 02:58:15,17.8,85.7,0.0,0.0,0.2,95.0,851.0,16.1,0,253,261
2025-11-03 03:00:15,17.8,85.9,0.0,0.2,0.7,95.0,850.9,16.1,0,252,259
2025-11-03 03:15:20,17.6,86.6,0.0,0.2,0.8,95.0,850.8,16.0,0,253,261
2025-11-03 03:30:25,17.5,87.1,0.0,0.0,0.2,75.0,850.8,16.0,0,254,260
2025-11-03 03:45:30,17.5,87.5,0.0,0.1,0.4,85.0,850.8,16.0,0,253,260
2025-11-03 04:00:34,17.3,88.1,0.0,0.2,0.7,85.0,850.8,15.9,0,253,260
2025-11-03 04:15:39,17.1,89.0,0.0,0.0,0.2,94.0,850.9,15.8,0,253,260
2025-11-03 04:30:44,16.9,89.5,0.0,0.0,0.0,90.0,851.0,15.6,0,254,261
2025-11-03 04:45:49,16.7,90.0,0.0,0.0,0.0,90.0,851.0,15.6,0,253,260
2025-11-03 05:00:54,16.6,90.9,0.0,0.0,0.2,90.0,851.2,15.5,0,253,260
2025-11-03 05:16:17,16.5,91.4,0.0,0.0,0.0,90.0,851.3,15.4,0,254,261
2025-11-03 05:31:22,16.3,91.5,0.0,0.0,0.0,90.0,851.5,15.3,0,253,261
2025-11-03 05:46:27,16.3,91.7,0.0,0.0,0.0,90.0,851.7,15.4,0,253,260
2025-11-03 06:01:31,16.3,91.9,0.0,0.0,0.0,90.0,851.7,15.3,0,268,261
2025-11-03 06:16:36,16.4,92.3,0.0,0.0,0.2,90.0,851.9,15.5,0,306,266
2025-11-03 06:31:41,16.8,92.6,0.0,0.0,0.0,92.0,852.0,15.9,0,445,276
2025-11-03 06:46:46,17.1,92.6,0.0,0.1,0.4,90.0,852.2,16.2,0,554,291
2025-11-03 07:01:50,17.2,92.2,0.0,0.7,1.3,67.0,852.4,16.3,0,811,310
2025-11-03 07:16:55,17.6,90.4,0.0,0.1,0.4,93.0,852.6,16.5,0,1151,344
2025-11-03 07:32:00,18.8,84.6,0.0,0.2,0.7,93.0,852.7,17.0,0,1093,351
2025-11-03 07:47:24,19.0,81.9,0.0,0.2,0.7,104.0,853.1,16.8,0,1654,389
2025-11-03 08:02:29,19.1,80.9,0.0,0.0,0.0,104.0,853.2,16.7,0,1398,366
2025-11-03 08:17:34,19.6,81.6,0.0,0.2,0.7,104.0,853.4,17.3,0,2772,494
2025-11-03 08:32:39,20.5,77.3,0.0,0.2,0.7,104.0,853.4,17.7,0,5031,674
2025-11-03 08:47:44,22.3,68.1,0.0,0.4,1.1,112.0,853.4,18.2,0,2651,498
2025-11-03 09:02:48,21.9,68.8,0.0,0.7,1.2,103.0,853.5,17.9,0,1203,361
2025-11-03 09:17:53,21.5,70.8,0.0,0.4,0.9,117.0,853.4,17.7,0,6670,845
2025-11-03 09:32:58,23.8,61.2,0.0,0.3,1.1,45.0,853.4,18.6,0,5981,800
2025-11-03 09:48:02,24.3,61.7,0.0,0.3,1.3,356.0,853.4,19.1,0,7399,917
2025-11-03 10:03:07,25.0,54.9,0.0,0.4,1.3,96.0,853.2,18.7,0,7279,924
2025-11-03 10:18:30,24.7,55.1,0.0,0.9,2.6,181.0,853.1,18.5,0,2434,484
2025-11-03 10:33:35,25.4,55.3,0.0,0.5,1.3,132.0,852.9,19.2,0,8627,1049
2025-11-03 10:48:40,25.5,50.8,0.0,1.0,2.0,91.0,852.8,18.5,0,9288,1104
2025-11-03 11:03:45,26.3,50.7,0.0,0.3,0.9,106.0,852.8,19.3,0,3379,561
2025-11-03 11:18:50,24.8,53.4,0.0,0.9,1.7,49.0,852.7,18.4,0,1920,420
2025-11-03 11:33:54,23.9,56.5,0.0,1.3,3.3,73.0,852.4,18.0,0,3013,529
2025-11-03 11:48:59,24.8,54.5,0.0,0.8,1.7,82.0,852.3,18.5,0,9960,1165
2025-11-03 12:04:04,24.4,55.5,0.0,0.9,1.3,49.0,852.2,18.3,0,10252,1186
2025-11-03 12:19:09,25.7,50.6,0.0,0.4,1.3,43.0,851.9,18.7,0,7931,991
2025-11-03 12:34:13,26.7,49.5,0.0,1.4,2.6,81.0,851.6,19.4,0,2398,477
2025-11-03 12:49:38,26.3,49.0,0.0,1.8,3.1,85.0,851.3,18.9,0,2736,506
2025-11-03 13:04:42,25.5,49.5,0.0,1.3,2.4,50.0,851.0,18.3,0,5901,803
2025-11-03 13:20:03,25.0,50.5,0.0,0.8,2.4,105.0,850.7,18.1,0,5696,783
2025-11-03 13:35:08,26.0,47.0,0.0,1.2,2.2,66.0,850.4,18.4,0,1826,419
2025-11-03 13:50:13,25.4,51.0,0.0,1.3,2.2,56.0,850.2,18.5,0,8712,1044
2025-11-03 14:05:18,27.2,45.8,0.0,1.1,2.0,99.0,850.0,19.2,0,7634,953
2025-11-03 14:20:42,27.0,45.8,0.0,0.9,2.2,99.0,849.9,19.0,0,2121,454
2025-11-03 14:35:46,27.5,43.4,0.0,0.7,2.4,67.0,849.5,19.0,0,7078,906
2025-11-03 14:50:51,27.4,43.6,0.0,0.8,2.2,140.0,849.4,19.0,0,6648,863
2025-11-03 15:06:27,27.9,43.2,0.0,0.5,1.1,60.0,849.3,19.3,0,876,335
2025-11-03 15:22:03,27.5,42.0,0.0,0.5,2.4,58.0,849.1,18.7,0,5483,754
2025-11-03 15:37:09,29.9,37.0,0.0,0.9,2.4,207.0,849.1,19.7,0,5577,756
2025-11-03 15:52:13,29.1,39.0,0.0,0.2,0.9,118.0,849.1,19.5,0,1039,345
2025-11-03 16:07:18,26.6,43.9,0.0,0.1,0.4,118.0,849.2,18.4,0,1888,423
2025-11-03 16:22:23,26.7,45.5,0.0,1.9,3.5,64.0,849.2,18.7,0,1116,348
2025-11-03 16:37:27,24.8,51.0,0.0,0.7,2.2,66.0,849.4,18.0,0,972,344
2025-11-03 16:52:33,25.7,49.3,0.0,0.4,1.1,70.0,849.3,18.5,0,2101,431
2025-11-03 17:07:56,25.0,50.0,0.0,0.6,1.9,75.0,849.3,18.0,0,599,308
2025-11-03 17:23:01,24.5,53.4,0.0,0.3,0.9,70.0,849.5,18.1,0,534,301
2025-11-03 17:38:06,24.1,52.7,0.0,0.6,1.3,76.0,849.7,17.7,0,482,293
2025-11-03 17:53:11,23.7,54.8,0.0,0.6,2.0,94.0,849.8,17.6,0,417,283
2025-11-03 18:08:16,23.3,54.4,0.0,0.4,1.2,77.0,849.9,17.2,0,338,272
2025-11-03 18:23:20,22.9,56.3,0.0,0.3,1.1,84.0,850.1,17.1,0,266,262
2025-11-03 18:38:27,22.5,58.1,0.0,0.5,1.3,48.0,850.3,17.0,0,254,260
2025-11-03 18:53:32,22.2,59.6,0.0,0.0,0.0,93.0,850.6,16.9,0,254,259
2025-11-03 19:08:37,21.9,60.9,0.0,0.0,0.2,93.0,850.8,16.8,0,253,260
2025-11-03 19:24:02,21.5,62.2,0.0,0.9,1.7,93.0,851.0,16.6,0,252,260
2025-11-03 19:39:07,21.7,61.2,0.0,0.6,1.2,93.0,851.2,16.7,0,253,259
2025-11-03 19:54:12,21.7,61.5,0.0,0.4,0.9,93.0,851.5,16.8,0,253,259
2025-11-03 20:09:17,21.5,62.8,0.0,0.2,0.4,93.0,851.5,16.8,0,252,259
2025-11-03 20:24:22,21.4,63.3,0.0,0.4,1.1,83.0,851.8,16.7,0,253,260
2025-11-03 20:39:27,21.4,64.8,0.0,0.0,0.4,96.0,852.1,16.9,0,254,260
2025-11-03 20:55:13,21.3,63.8,0.0,0.9,1.5,158.0,852.3,16.7,0,253,260
2025-11-03 21:10:19,21.1,64.8,0.0,0.3,0.7,93.0,852.6,16.6,0,254,260
2025-11-03 21:25:23,20.9,66.3,0.0,0.1,0.4,95.0,852.6,16.6,0,253,259
2025-11-03 21:40:28,20.6,67.3,0.0,0.2,0.7,88.0,852.8,16.5,0,254,261
2025-11-03 21:55:33,20.5,68.2,0.0,0.1,0.4,83.0,852.7,16.5,0,254,260
2025-11-03 22:10:38,20.4,68.8,0.0,0.3,0.9,145.0,852.7,16.5,0,253,260
2025-11-03 22:25:42,20.2,70.0,0.0,0.0,0.0,146.0,852.7,16.4,0,254,260
2025-11-03 22:40:47,20.1,70.5,0.0,0.1,0.2,79.0,852.8,16.4,0,253,260
2025-11-03 22:56:12,20.0,71.1,0.0,0.2,0.7,83.0,852.8,16.4,0,254,259
2025-11-03 23:11:17,19.9,71.0,0.0,0.4,0.7,93.0,852.8,16.3,0,253,260
2025-11-03 23:26:22,19.7,72.3,0.0,0.2,0.7,81.0,852.7,16.3,0,254,260
2025-11-03 23:41:27,19.5,73.1,0.0,0.3,1.5,94.0,852.7,16.2,0,253,261
2025-11-03 23:56:32,19.6,73.1,0.0,0.3,1.1,111.0,852.6,16.3,0,252,259
2025-11-04 00:11:36,19.4,74.1,0.0,0.3,1.1,100.0,852.5,16.2,0,253,260
2025-11-04 00:26:41,19.4,74.3,0.0,1.4,2.4,78.0,852.4,16.3,0,254,261
2025-11-04 00:41:46,19.2,75.7,0.0,0.2,0.7,105.0,852.0,16.2,0,252,259
2025-11-04 00:56:51,18.8,78.0,0.0,0.8,1.7,86.0,852.0,16.1,0,253,261
2025-11-04 01:11:55,18.4,79.8,0.0,0.1,0.7,85.0,852.0,16.0,0,253,261
2025-11-04 01:27:18,18.3,81.1,0.0,0.0,0.2,73.0,852.1,16.0,0,253,260
2025-11-04 01:42:23,18.2,81.9,0.0,0.0,0.0,89.0,852.0,16.1,0,253,261
2025-11-04 01:57:28,18.1,83.1,0.0,0.3,0.8,89.0,851.8,16.1,0,253,261
2025-11-04 02:12:32,17.8,84.3,0.0,0.0,0.0,89.0,851.6,15.9,0,252,260
2025-11-04 02:27:37,17.3,86.2,0.0,0.2,0.4,89.0,851.6,15.7,0,253,260
2025-11-04 02:42:42,17.2,87.5,0.0,0.0,0.0,89.0,851.6,15.7,0,252,260
2025-11-04 02:57:47,17.4,87.9,0.0,0.0,0.2,89.0,851.6,15.9,0,254,260
2025-11-04 03:00:48,17.4,87.8,0.0,0.0,0.2,89.0,851.6,16.0,0,254,260
2025-11-04 03:15:53,17.4,88.0,0.0,0.0,0.0,89.0,851.5,16.0,0,255,261
2025-11-04 03:30:58,17.6,88.5,0.0,0.0,0.0,89.0,851.5,16.2,0,254,261
2025-11-04 03:46:02,17.5,88.2,0.0,0.0,0.0,89.0,851.5,16.1,0,253,260
2025-11-04 04:01:25,17.5,88.4,0.0,0.2,0.7,89.0,851.5,16.1,0,253,259
2025-11-04 04:16:30,17.5,88.4,0.0,0.0,0.2,89.0,851.6,16.2,0,252,260
2025-11-04 04:31:35,17.6,88.5,0.0,0.0,0.0,89.0,851.8,16.2,0,253,260
2025-11-04 04:46:39,17.3,88.8,0.0,0.1,0.4,89.0,851.8,16.0,0,254,259
2025-11-04 05:01:44,17.3,89.4,0.0,0.3,0.7,89.0,852.0,16.0,0,253,259
2025-11-04 05:16:49,17.2,89.6,0.0,0.2,0.4,89.0,852.0,16.0,0,253,260
2025-11-04 05:31:53,17.3,89.7,0.0,0.1,0.4,89.0,852.2,16.1,0,253,259
2025-11-04 05:46:58,17.3,89.4,0.0,0.0,0.2,89.0,852.2,16.0,0,253,259
2025-11-04 06:02:03,17.2,89.5,0.0,0.1,0.4,95.0,852.2,15.9,0,263,261
2025-11-04 06:17:07,16.9,89.7,0.0,0.0,0.0,95.0,852.3,15.6,0,293,267
2025-11-04 06:32:31,16.8,90.4,0.0,0.0,0.2,95.0,852.5,15.6,0,380,275
2025-11-04 06:47:35,16.9,90.5,0.0,0.2,0.4,95.0,852.7,15.8,0,498,284
2025-11-04 07:02:40,17.4,88.8,0.0,0.5,0.9,95.0,852.8,16.1,0,881,318
2025-11-04 07:17:45,18.0,85.5,0.0,0.0,0.0,95.0,852.9,16.2,0,1213,348
2025-11-04 07:32:50,18.4,82.6,0.0,0.3,0.7,95.0,853.1,16.3,0,1453,374
2025-11-04 07:47:54,19.0,79.2,0.0,0.9,1.5,95.0,853.1,16.4,0,1866,412
2025-11-04 08:02:59,18.4,80.0,0.0,0.5,1.1,171.0,853.3,16.0,0,1080,353
2025-11-04 08:18:04,19.2,78.0,0.0,0.2,0.7,171.0,853.4,16.5,0,3612,570
2025-11-04 08:33:09,19.9,71.7,0.0,0.5,2.0,160.0,853.5,16.4,0,4289,632
2025-11-04 08:48:14,20.7,67.2,0.0,0.5,1.3,199.0,853.5,16.6,0,4799,687
2025-11-04 09:03:38,21.3,65.7,0.0,0.6,1.3,199.0,853.5,17.0,0,1883,428
2025-11-04 09:18:43,22.1,63.9,0.0,0.0,0.2,199.0,853.5,17.4,0,3031,528
2025-11-04 09:33:47,22.4,61.8,0.0,0.3,0.7,175.0,853.4,17.4,0,6531,833
2025-11-04 09:48:52,22.7,58.5,0.0,1.5,3.1,167.0,853.3,17.2,0,3254,560
2025-11-04 10:03:57,22.9,59.2,0.0,0.2,1.1,129.0,853.3,17.5,0,5069,731
2025-11-04 10:19:02,23.9,55.2,0.0,0.8,1.1,323.0,853.1,17.9,0,7385,936
2025-11-04 10:34:07,24.7,55.8,0.0,0.3,0.9,98.0,852.9,18.6,0,7943,985
2025-11-04 10:49:12,24.6,52.3,0.0,0.9,2.2,113.0,852.9,18.0,0,8189,1011
2025-11-04 11:04:17,24.7,51.8,0.0,0.1,0.2,99.0,852.7,18.0,0,1798,423
2025-11-04 11:19:21,23.6,53.3,0.0,0.6,0.9,109.0,852.5,17.3,0,1943,436
2025-11-04 11:34:44,23.8,54.6,0.0,0.3,1.3,153.0,852.2,17.6,0,1590,403
2025-11-04 11:49:48,25.2,50.1,0.0,1.2,2.2,63.0,851.9,18.2,0,9873,1164
2025-11-04 12:04:53,26.5,46.5,0.0,0.1,0.4,86.0,851.5,18.8,0,9547,1137
2025-11-04 12:19:58,26.2,45.5,0.0,0.7,3.1,109.0,851.4,18.3,0,9131,1098
2025-11-04 12:35:02,24.7,48.6,0.0,1.1,1.7,164.0,851.2,17.5,0,2032,446
2025-11-04 12:50:07,26.0,45.4,0.0,1.2,2.8,166.0,850.8,18.2,0,9165,1103
2025-11-04 13:05:12,26.7,45.9,0.0,0.4,1.3,144.0,850.5,18.8,0,9210,1108
2025-11-04 13:20:16,28.7,40.6,0.0,0.9,1.5,87.0,850.3,19.5,0,9725,1147
2025-11-04 13:35:21,26.8,42.7,0.0,0.2,0.7,155.0,850.0,18.3,0,2276,467
2025-11-04 13:50:30,26.5,43.8,0.0,1.1,2.4,186.0,849.8,18.3,0,8537,1036
2025-11-04 14:05:55,27.1,42.4,0.0,0.4,2.4,65.0,849.6,18.5,0,7645,950
2025-11-04 14:20:59,28.1,42.9,0.0,0.3,1.3,75.0,849.4,19.5,0,7336,933
2025-11-04 14:36:04,28.4,39.0,0.0,0.6,2.2,63.0,849.1,19.0,0,6898,889
2025-11-04 14:51:09,28.7,39.3,0.0,1.4,3.3,70.0,849.1,19.3,0,6303,834
2025-11-04 15:07:08,28.8,39.5,0.0,0.6,1.1,63.0,848.8,19.4,0,6060,808
2025-11-04 15:22:14,28.7,38.7,0.0,0.9,2.6,176.0,848.9,19.1,0,5409,748
2025-11-04 15:37:18,29.0,39.1,0.0,0.5,1.1,94.0,848.8,19.5,0,5377,736
2025-11-04 15:52:23,27.7,40.9,0.0,0.7,2.6,119.0,848.9,18.7,0,4416,646
2025-11-04 16:07:28,27.7,40.2,0.0,0.9,2.6,198.0,848.8,18.6,0,3844,597
2025-11-04 16:22:33,28.7,38.7,0.0,0.9,2.4,118.0,848.8,19.2,0,3298,544
2025-11-04 16:38:12,26.9,40.7,0.0,0.5,2.0,83.0,848.8,18.0,0,2737,490
2025-11-04 16:53:18,26.5,42.5,0.0,0.4,1.6,170.0,848.9,18.0,0,1789,407
2025-11-04 17:08:22,26.2,43.0,0.0,0.4,0.9,83.0,849.1,17.9,0,1067,345
2025-11-04 17:23:28,25.5,44.8,0.0,0.4,1.7,207.0,849.1,17.6,0,520,295
2025-11-04 17:38:33,24.8,45.0,0.0,0.4,1.3,91.0,849.2,17.0,0,564,298
2025-11-04 17:54:09,24.7,46.8,0.0,0.2,0.4,119.0,849.4,17.2,0,662,296
2025-11-04 18:09:15,24.4,48.3,0.0,0.2,0.4,84.0,849.6,17.3,0,305,267
2025-11-04 18:24:19,23.8,50.0,0.0,0.5,1.1,79.0,849.7,17.0,0,264,262
2025-11-04 18:39:24,23.3,51.2,0.0,0.2,1.0,82.0,849.8,16.7,0,255,260
2025-11-04 18:54:29,22.8,53.2,0.0,1.0,2.4,83.0,850.2,16.6,0,252,260
2025-11-04 19:09:34,22.5,54.4,0.0,1.3,2.4,82.0,850.3,16.5,0,254,259
2025-11-04 19:24:39,22.2,55.8,0.0,0.6,1.3,83.0,850.4,16.4,0,254,262
2025-11-04 19:39:44,21.9,57.3,0.0,0.0,0.0,83.0,850.8,16.3,0,253,260
2025-11-04 19:55:07,21.3,59.0,0.0,0.1,0.4,83.0,850.8,16.1,0,253,261
2025-11-04 20:10:12,20.9,60.8,0.0,0.0,0.0,83.0,850.9,15.9,0,253,260
2025-11-04 20:25:17,20.7,61.8,0.0,0.0,0.0,83.0,851.1,15.9,0,253,260
2025-11-04 20:40:21,20.6,63.0,0.0,0.1,0.2,83.0,851.3,15.9,0,253,261
2025-11-04 20:55:26,20.7,62.8,0.0,0.2,0.7,83.0,851.5,16.0,0,254,260
2025-11-04 21:10:31,20.7,63.0,0.0,0.2,0.7,83.0,851.5,16.0,0,253,261
2025-11-04 21:25:36,20.6,62.7,0.0,0.2,0.7,83.0,851.5,15.9,0,252,260
2025-11-04 21:40:41,20.4,63.8,0.0,0.0,0.2,83.0,851.6,15.8,0,253,260
2025-11-04 21:55:46,20.2,64.1,0.0,0.2,0.4,83.0,851.9,15.7,0,252,261
2025-11-04 22:10:51,20.2,64.3,0.0,0.4,1.1,83.0,851.9,15.7,0,254,261
2025-11-04 22:26:14,20.3,64.2,0.0,0.0,0.0,83.0,852.1,15.8,0,253,261
2025-11-04 22:41:18,20.1,64.4,0.0,0.0,0.0,83.0,852.1,15.7,0,253,261
2025-11-04 22:56:23,19.6,66.1,0.0,0.0,0.0,83.0,852.2,15.5,0,254,260
2025-11-04 23:11:28,19.1,70.0,0.0,0.0,0.0,83.0,852.1,15.5,0,253,260
2025-11-04 23:26:33,18.6,72.4,0.0,0.0,0.0,83.0,852.3,15.3,0,253,260
2025-11-04 23:41:38,18.5,73.2,0.0,0.1,0.4,83.0,852.1,15.3,0,253,260
2025-11-04 23:56:42,18.3,75.6,0.0,0.0,0.2,83.0,852.1,15.3,0,254,261
2025-11-05 00:11:47,18.1,76.5,0.0,0.1,0.4,83.0,852.0,15.3,0,254,260
2025-11-05 00:26:52,18.1,76.4,0.0,0.0,0.0,83.0,852.1,15.3,0,255,260
2025-11-05 00:41:57,18.3,77.6,0.0,0.0,0.0,83.0,851.8,15.6,0,253,259
2025-11-05 00:57:21,18.4,76.7,0.0,0.0,0.0,83.0,851.8,15.6,0,254,260
2025-11-05 01:12:26,18.6,75.1,0.0,0.3,0.9,83.0,851.6,15.6,0,254,261
2025-11-05 01:27:31,18.9,73.3,0.0,0.4,1.5,83.0,851.5,15.6,0,254,260
2025-11-05 01:42:35,18.6,74.8,0.0,0.2,0.7,83.0,851.3,15.6,0,253,260
2025-11-05 01:57:40,18.4,76.4,0.0,0.1,0.2,83.0,851.3,15.5,0,253,260
2025-11-05 02:12:46,18.2,76.9,0.0,0.2,0.7,83.0,851.1,15.5,0,254,260
2025-11-05 02:27:51,17.9,78.4,0.0,0.0,0.0,83.0,851.0,15.3,0,253,260
2025-11-05 02:42:56,17.5,80.5,0.0,0.4,0.4,83.0,851.1,15.2,0,253,258
2025-11-05 02:58:00,17.3,81.8,0.0,0.0,0.0,83.0,851.1,15.2,0,254,260
2025-11-05 03:00:01,17.3,82.2,0.0,0.0,0.0,83.0,851.1,15.2,0,254,260
2025-11-05 03:15:06,17.5,82.0,0.0,0.0,0.0,83.0,851.1,15.3,0,253,259
2025-11-05 03:30:29,17.8,82.6,0.0,0.0,0.0,83.0,851.2,15.7,0,253,259
2025-11-05 03:45:34,17.8,81.8,0.0,0.0,0.0,83.0,851.1,15.6,0,253,260
2025-11-05 04:00:37,17.5,83.4,0.0,0.0,0.2,83.0,851.2,15.5,0,253,261
2025-11-05 04:15:42,17.4,83.8,0.0,0.0,0.0,83.0,851.1,15.5,0,254,260
2025-11-05 04:30:47,17.2,85.0,0.0,0.0,0.0,83.0,851.0,15.4,0,254,260
2025-11-05 04:45:52,17.2,86.0,0.0,0.0,0.0,83.0,851.1,15.5,0,254,260
2025-11-05 05:00:56,17.2,85.7,0.0,0.1,0.4,83.0,851.4,15.5,0,253,259
2025-11-05 05:16:01,17.0,86.0,0.0,0.0,0.0,83.0,851.6,15.3,0,253,260
2025-11-05 05:31:06,16.7,86.9,0.0,0.0,0.2,83.0,851.7,15.1,0,253,260
2025-11-05 05:46:11,16.4,88.4,0.0,0.0,0.0,83.0,851.7,15.1,0,253,260
2025-11-05 06:01:34,16.2,88.8,0.0,0.0,0.0,83.0,851.8,14.9,0,264,262
2025-11-05 06:16:39,16.0,89.3,0.0,0.0,0.0,83.0,851.9,14.8,0,314,268
2025-11-05 06:31:44,16.1,90.1,0.0,0.0,0.2,83.0,851.9,14.9,0,411,278
2025-11-05 06:46:48,16.2,90.3,0.0,0.0,0.2,83.0,852.0,15.1,0,685,302
2025-11-05 07:01:53,16.7,90.2,0.0,0.0,0.0,83.0,852.1,15.5,0,691,302
2025-11-05 07:16:58,17.2,88.5,0.0,0.0,0.0,83.0,852.3,15.8,0,758,310
2025-11-05 07:32:03,17.9,83.4,0.0,0.1,0.7,83.0,852.1,15.9,0,1061,334
2025-11-05 07:47:08,18.6,80.2,0.0,0.0,0.4,83.0,852.3,16.2,0,1348,365
2025-11-05 08:02:13,19.2,77.6,0.0,0.0,0.2,83.0,852.4,16.5,0,1717,399
2025-11-05 08:17:18,20.0,73.2,0.0,0.5,0.9,83.0,852.6,16.6,0,3869,584
2025-11-05 08:32:41,21.3,70.5,0.0,0.3,1.1,83.0,852.6,17.5,0,4921,685
2025-11-05 08:47:46,22.2,68.2,0.0,0.2,0.4,83.0,852.5,18.1,0,4203,628
2025-11-05 09:02:51,23.4,60.9,0.0,0.9,1.5,83.0,852.5,18.2,0,5839,775
2025-11-05 09:17:56,24.1,58.0,0.0,0.6,1.5,83.0,852.5,18.4,0,6302,821
2025-11-05 09:33:01,25.4,56.1,0.0,0.5,1.3,83.0,852.5,19.3,0,6663,857
2025-11-05 09:48:05,24.9,56.2,0.0,0.3,0.7,83.0,852.4,18.9,0,6597,856
2025-11-05 10:03:11,24.9,55.3,0.0,0.1,0.4,83.0,852.3,18.7,0,6804,877
2025-11-05 10:18:15,23.0,60.6,0.0,1.0,1.7,188.0,852.3,17.8,0,7342,923
2025-11-05 10:33:20,23.3,61.1,0.0,0.8,2.2,172.0,852.0,18.1,0,7438,934
2025-11-05 10:48:25,24.5,55.5,0.0,0.6,1.5,171.0,851.9,18.4,0,7894,981
2025-11-05 11:03:47,26.1,55.9,0.0,0.4,1.1,171.0,851.6,19.9,0,7970,987
2025-11-05 11:18:53,26.0,50.4,0.0,0.8,2.0,174.0,851.3,18.9,0,8286,1018
2025-11-05 11:33:58,25.8,50.3,0.0,0.9,2.2,174.0,851.2,18.7,0,8388,1028
2025-11-05 11:49:03,26.0,46.4,0.0,0.4,0.9,172.0,851.0,18.2,0,8521,1039
2025-11-05 12:04:09,25.9,48.3,0.0,0.8,1.6,178.0,850.7,18.5,0,8682,1056
2025-11-05 12:19:14,26.3,44.8,0.0,0.4,0.9,185.0,850.5,18.3,0,8542,1043
2025-11-05 12:36:20,27.5,40.8,0.0,0.2,1.3,184.0,850.2,18.6,0,8551,1047
2025-11-05 12:51:46,26.4,43.7,0.0,1.2,2.0,243.0,849.9,18.2,0,8668,1058
2025-11-05 13:06:51,27.6,41.0,0.0,0.4,1.3,77.0,849.5,18.7,0,8685,1060
2025-11-05 13:21:56,29.3,38.3,0.0,0.5,1.5,77.0,849.3,19.6,0,8349,1031
2025-11-05 13:37:01,28.4,37.5,0.0,0.5,1.1,161.0,848.9,18.7,0,8428,1030
2025-11-05 13:52:06,28.7,39.1,0.0,0.9,1.9,100.0,848.5,19.2,0,8310,1022
2025-11-05 14:07:11,29.5,39.1,0.0,1.6,3.3,85.0,848.3,19.9,0,6499,844
2025-11-05 14:22:16,29.2,40.1,0.0,0.5,1.1,109.0,848.1,19.9,0,7489,942
2025-11-05 14:37:22,29.4,37.9,0.0,0.7,1.5,137.0,848.0,19.6,0,1942,442
2025-11-05 14:52:27,31.0,35.1,0.0,1.4,2.1,80.0,847.8,20.3,0,6261,832
2025-11-05 15:07:49,30.5,38.4,0.0,1.5,3.3,83.0,847.7,20.5,0,6210,818
2025-11-05 15:22:53,30.6,37.1,0.0,0.1,0.2,134.0,847.5,20.4,0,5434,750
2025-11-05 15:37:57,30.1,37.8,0.0,0.8,2.4,144.0,847.5,20.1,0,5133,718
2025-11-05 15:53:02,30.4,35.6,0.0,1.1,3.5,120.0,847.4,19.9,0,4404,646
2025-11-05 16:08:06,29.5,37.6,0.0,0.4,1.3,144.0,847.5,19.6,0,3713,587
2025-11-05 16:23:11,28.5,36.3,0.0,0.6,1.5,132.0,847.5,18.5,0,3145,531
2025-11-05 16:38:16,29.9,34.9,0.0,0.2,1.1,152.0,847.5,19.3,0,2597,478
2025-11-05 16:53:21,28.3,38.0,0.0,0.4,0.9,116.0,847.5,18.7,0,919,336
2025-11-05 17:08:26,27.2,40.3,0.0,0.8,2.6,75.0,847.7,18.2,0,613,307
2025-11-05 17:23:31,26.4,41.6,0.0,0.4,1.1,118.0,847.8,17.8,0,539,299
2025-11-05 17:38:53,25.9,42.6,0.0,0.7,2.0,121.0,847.8,17.6,0,478,291
2025-11-05 17:53:59,25.5,43.3,0.0,0.4,1.1,118.0,847.9,17.4,0,401,279
2025-11-05 18:09:03,25.1,44.3,0.0,0.1,0.4,128.0,848.0,17.2,0,318,270
2025-11-05 18:24:08,24.6,46.9,0.0,0.4,1.1,142.0,848.1,17.2,0,266,262
2025-11-05 18:39:12,24.2,47.8,0.0,0.2,0.7,142.0,848.5,17.0,0,254,258
2025-11-05 18:54:17,23.6,53.2,0.0,0.3,0.9,107.0,848.6,17.3,0,253,260
2025-11-05 19:09:22,23.2,56.2,0.0,0.8,2.2,59.0,848.9,17.4,0,254,260
2025-11-05 19:24:26,22.9,57.7,0.0,0.2,0.7,83.0,849.2,17.3,0,253,260
2025-11-05 19:39:31,22.6,58.7,0.0,0.1,0.4,71.0,849.3,17.1,0,254,262
2025-11-05 19:54:36,22.3,60.0,0.0,0.0,0.2,54.0,849.3,17.1,0,253,259
2025-11-05 20:09:58,22.1,61.1,0.0,0.6,1.3,55.0,849.4,17.0,0,254,260
2025-11-05 20:25:03,21.9,62.2,0.0,0.7,1.7,83.0,849.5,17.0,0,254,261
2025-11-05 20:40:08,21.7,63.3,0.0,0.3,0.4,91.0,849.7,17.0,0,253,261
2025-11-05 20:55:12,21.7,63.4,0.0,0.6,0.9,64.0,850.0,17.0,0,254,260
2025-11-05 21:10:17,21.7,63.6,0.0,0.8,1.5,90.0,850.1,17.0,0,253,260
2025-11-05 21:25:21,21.4,64.6,0.0,0.0,0.2,100.0,850.0,16.9,0,252,260
2025-11-05 21:40:26,21.0,65.8,0.0,0.1,0.2,69.0,850.2,16.6,0,253,260
2025-11-05 21:55:31,20.7,66.6,0.0,0.1,0.2,57.0,850.4,16.5,0,254,260
2025-11-05 22:10:36,20.5,66.6,0.0,0.3,0.9,73.0,850.5,16.3,0,253,259
2025-11-05 22:25:41,20.3,66.2,0.0,0.5,1.3,70.0,850.5,16.1,0,254,259
2025-11-05 22:41:12,20.1,67.2,0.0,0.0,0.2,60.0,850.6,16.0,0,251,260
2025-11-05 22:56:16,19.9,70.0,0.0,0.1,0.2,60.0,850.6,16.1,0,253,261
2025-11-05 23:11:22,19.7,71.3,0.0,0.3,0.7,71.0,850.6,16.2,0,254,261
2025-11-05 23:26:28,19.9,71.3,0.0,0.6,0.9,65.0,850.6,16.3,0,253,260
2025-11-05 23:41:34,19.9,70.9,0.0,0.5,1.3,76.0,850.5,16.3,0,252,260
2025-11-05 23:56:38,19.6,72.1,0.0,0.1,0.2,79.0,850.3,16.2,0,254,261
2025-11-06 00:11:43,19.1,74.3,0.0,0.1,0.2,79.0,850.2,16.0,0,253,259
2025-11-06 00:27:14,18.8,76.0,0.0,0.0,0.2,83.0,850.0,15.9,0,253,260
2025-11-06 00:42:19,18.4,78.4,0.0,0.0,0.0,83.0,850.0,15.8,0,253,260
2025-11-06 00:57:23,18.5,78.8,0.0,0.0,0.0,83.0,849.9,15.9,0,254,259
2025-11-06 01:37:37,19.2,74.7,0.0,0.6,1.3,65.0,849.8,16.1,0,253,261
2025-11-06 01:52:42,19.1,74.9,0.0,0.1,0.4,77.0,849.7,16.0,0,254,260
2025-11-06 02:07:47,19.0,76.2,0.0,0.0,0.2,81.0,849.6,16.1,0,255,260
2025-11-06 02:23:10,18.8,76.8,0.0,0.2,0.4,84.0,849.5,16.0,0,253,260
2025-11-06 02:38:15,18.7,78.2,0.0,0.3,1.1,84.0,849.3,16.1,0,254,261
2025-11-06 02:53:20,18.6,79.4,0.0,0.1,0.4,125.0,849.1,16.1,0,253,261
2025-11-06 03:00:23,18.5,79.6,0.0,0.0,0.2,125.0,849.1,16.1,0,254,262
2025-11-06 03:15:27,18.4,80.5,0.0,0.0,0.0,125.0,849.0,16.0,0,253,260
2025-11-06 03:30:32,18.2,81.8,0.0,0.0,0.2,125.0,849.1,16.0,0,253,261
2025-11-06 03:45:38,18.0,82.8,0.0,0.2,0.2,125.0,849.1,15.9,0,253,260
2025-11-06 04:00:42,17.8,84.5,0.0,0.0,0.2,125.0,849.1,15.9,0,253,259
2025-11-06 04:15:48,17.6,85.5,0.0,0.0,0.2,125.0,849.1,15.9,0,253,261
2025-11-06 04:31:36,17.3,87.3,0.0,0.0,0.0,125.0,849.3,15.8,0,253,260
2025-11-06 04:47:30,17.1,88.5,0.0,0.0,0.2,125.0,849.5,15.7,0,253,260
2025-11-06 05:02:35,17.0,89.4,0.0,0.4,0.7,125.0,849.4,15.8,0,252,260
2025-11-06 05:17:40,16.9,89.8,0.0,0.0,0.2,125.0,849.6,15.7,0,253,260
2025-11-06 05:32:45,17.0,90.5,0.0,0.0,0.2,125.0,849.7,15.9,0,253,260
2025-11-06 05:47:51,17.1,90.7,0.0,0.0,0.2,125.0,849.9,16.0,0,253,259
2025-11-06 06:02:56,17.4,90.8,0.0,0.4,0.7,125.0,850.0,16.3,0,261,261
2025-11-06 06:18:22,17.6,90.2,0.0,0.1,0.2,125.0,850.2,16.5,0,285,265
2025-11-06 06:33:27,17.7,88.9,0.0,0.1,0.7,125.0,850.1,16.4,0,384,274
2025-11-06 06:48:32,18.0,88.3,0.0,0.0,0.2,125.0,850.3,16.6,0,398,277
2025-11-06 07:03:39,18.1,87.5,0.0,0.2,0.4,125.0,850.4,16.6,0,800,311
2025-11-06 07:18:44,18.6,85.8,0.0,0.2,0.2,125.0,850.7,16.9,0,922,324
2025-11-06 07:33:50,18.9,84.3,0.0,0.1,0.2,125.0,850.7,17.0,0,996,330
2025-11-06 07:48:55,19.1,82.8,0.0,0.0,0.2,125.0,850.9,17.0,0,1724,396
2025-11-06 08:04:01,20.2,79.5,0.0,0.1,0.4,125.0,851.0,17.6,0,1981,430
2025-11-06 08:19:27,20.7,74.8,0.0,1.0,1.6,125.0,851.0,17.6,0,3850,592
2025-11-06 08:34:33,22.8,67.7,0.0,1.1,2.2,98.0,850.9,18.6,0,5049,699
2025-11-06 08:49:38,22.7,68.2,0.0,0.6,1.1,66.0,850.9,18.6,0,5735,746
2025-11-06 09:04:43,22.4,68.1,0.0,1.0,2.2,346.0,850.9,18.3,0,2119,436
2025-11-06 09:19:47,22.9,65.5,0.0,0.5,0.9,280.0,850.7,18.4,0,7173,887
2025-11-06 09:34:52,25.1,58.1,0.0,1.3,2.4,62.0,850.7,19.4,0,7204,910
2025-11-06 09:49:57,24.6,56.3,0.0,1.1,2.2,61.0,850.6,18.6,0,2246,468
2025-11-06 10:05:02,23.5,59.8,0.0,0.8,1.5,12.0,850.6,18.1,0,8566,1025
2025-11-06 10:20:07,24.4,57.2,0.0,0.2,0.7,69.0,850.6,18.5,0,2555,477
2025-11-06 10:35:32,24.0,58.0,0.0,0.3,1.1,138.0,850.5,18.3,0,3379,556
2025-11-06 10:50:37,24.3,57.6,0.0,0.3,1.3,14.0,850.3,18.5,0,4027,631
2025-11-06 11:05:41,25.0,54.5,0.0,1.5,2.8,188.0,850.2,18.7,0,8964,1078
2025-11-06 11:20:46,25.6,51.6,0.0,0.7,1.7,94.0,849.9,18.7,0,3246,555
2025-11-06 11:36:04,24.7,54.3,0.0,0.0,0.2,41.0,849.8,18.4,0,1889,420
2025-11-06 11:51:29,25.2,54.0,0.0,0.6,2.0,144.0,849.5,18.8,0,8249,1021
2025-11-06 12:06:34,26.7,49.3,0.0,1.3,3.5,191.0,849.3,19.3,0,9532,1145
2025-11-06 12:21:39,27.9,47.6,0.0,0.5,1.7,128.0,848.9,20.1,0,9422,1136
2025-11-06 12:36:43,26.8,48.6,0.0,0.9,2.4,140.0,848.6,19.3,0,1756,419
2025-11-06 12:51:48,26.4,49.6,0.0,0.7,1.5,103.0,848.3,19.1,0,9539,1138
2025-11-06 13:06:53,26.9,50.5,0.0,0.7,1.5,79.0,848.1,19.7,0,8727,1064
2025-11-06 13:21:59,25.9,49.8,0.0,0.7,2.0,51.0,847.8,18.7,0,2039,448
2025-11-06 13:37:03,28.0,46.5,0.0,0.9,2.6,119.0,847.5,20.0,0,8602,1048
2025-11-06 13:52:08,28.2,43.6,0.0,1.4,2.4,174.0,847.1,19.6,0,8240,1023
2025-11-06 14:07:13,28.9,43.1,0.0,0.2,1.0,110.0,846.9,20.1,0,7538,956
2025-11-06 14:22:35,28.4,44.8,0.0,0.2,0.7,168.0,846.6,20.0,0,7459,946
2025-11-06 14:37:40,28.4,43.6,0.0,1.0,1.7,143.0,846.5,19.8,0,7001,902
2025-11-06 14:52:45,29.2,40.6,0.0,1.7,4.1,186.0,846.3,19.9,0,6712,875
2025-11-06 15:07:50,28.7,43.1,0.0,0.2,1.2,110.0,846.2,20.0,0,6127,813
2025-11-06 15:23:31,29.5,42.6,0.0,0.4,1.5,92.0,846.0,20.5,0,5573,761
2025-11-06 15:38:39,28.9,41.7,0.0,1.0,2.4,164.0,846.0,19.8,0,4780,694
2025-11-06 15:53:43,28.6,41.2,0.0,0.6,1.5,175.0,845.8,19.5,0,4311,646
2025-11-06 16:08:48,28.6,40.4,0.0,0.6,1.7,185.0,845.7,19.4,0,3664,584
2025-11-06 16:23:53,29.1,39.2,0.0,0.5,2.0,94.0,845.6,19.6,0,2906,516
2025-11-06 16:38:58,28.9,38.6,0.0,0.4,1.5,177.0,845.6,19.3,0,2699,490
2025-11-06 16:54:02,28.2,43.0,0.0,1.3,2.0,83.0,845.8,19.6,0,1569,388
2025-11-06 17:09:07,25.8,50.8,0.0,1.5,2.8,89.0,845.9,18.8,0,524,298
2025-11-06 17:24:11,25.0,52.7,0.0,0.6,1.7,112.0,846.0,18.4,0,476,291
2025-11-06 17:39:16,24.7,51.8,0.0,0.5,1.3,133.0,846.2,18.0,0,560,296
2025-11-06 17:54:21,24.5,53.0,0.0,1.0,2.6,121.0,846.4,18.0,0,470,283
2025-11-06 18:09:47,24.0,54.3,0.0,1.0,3.7,119.0,846.6,17.8,0,313,268
2025-11-06 18:24:51,23.7,55.8,0.0,1.0,3.1,116.0,846.9,17.7,0,262,261
2025-11-06 18:39:56,23.2,57.8,0.0,1.2,2.6,93.0,846.9,17.6,0,253,260
2025-11-06 18:55:01,22.8,58.0,0.0,0.2,0.7,101.0,847.1,17.3,0,253,260
2025-11-06 19:10:06,22.5,59.9,0.0,0.2,0.7,114.0,847.4,17.3,0,252,260
2025-11-06 19:25:11,22.4,61.5,0.0,0.7,1.1,114.0,847.7,17.3,0,254,262
2025-11-06 19:40:15,22.4,61.7,0.0,0.9,1.4,97.0,847.8,17.4,0,255,261
2025-11-06 19:55:20,22.4,63.0,0.0,0.7,1.5,104.0,848.2,17.5,0,253,261
2025-11-06 20:10:25,22.0,64.4,0.0,0.7,1.3,81.0,848.3,17.4,0,253,262
2025-11-06 20:25:30,21.8,65.5,0.0,0.5,0.7,98.0,848.4,17.4,0,254,261
2025-11-06 20:40:53,21.6,65.4,0.0,0.8,1.3,89.0,848.7,17.2,0,253,260
2025-11-06 20:55:58,21.6,67.0,0.0,0.1,0.2,115.0,848.8,17.4,0,254,260
2025-11-06 21:11:02,21.4,67.4,0.0,0.7,1.5,126.0,849.2,17.3,0,254,260
2025-11-06 21:26:07,21.2,68.8,0.0,0.3,1.1,113.0,849.2,17.2,0,253,261
2025-11-06 21:41:12,20.9,69.0,0.0,0.6,0.9,92.0,849.3,17.0,0,253,259
2025-11-06 21:56:17,20.7,68.8,0.0,1.1,2.2,89.0,849.5,16.7,0,253,260
2025-11-06 22:11:21,20.4,70.8,0.0,0.6,1.1,80.0,849.7,16.8,0,254,260
2025-11-06 22:26:26,20.4,72.1,0.0,0.5,0.9,99.0,849.7,16.9,0,254,261
2025-11-06 22:41:31,20.2,73.9,0.0,0.2,0.4,80.0,849.7,17.0,0,254,260
2025-11-06 22:56:36,20.1,75.1,0.0,0.6,1.1,75.0,849.6,17.0,0,253,260
2025-11-06 23:11:59,19.7,78.3,0.0,0.2,0.4,116.0,849.7,17.0,0,253,259
2025-11-06 23:27:03,19.2,80.8,0.0,0.4,0.7,116.0,849.6,16.9,0,253,261
2025-11-06 23:42:08,19.0,82.0,0.0,0.1,0.4,116.0,849.7,16.8,0,252,260
2025-11-06 23:57:13,18.9,82.9,0.0,0.3,0.9,116.0,849.6,16.8,0,254,260
2025-11-07 00:12:17,19.0,83.0,0.0,0.8,1.1,116.0,849.5,16.9,0,253,261
2025-11-07 00:27:22,18.9,83.5,0.0,0.3,0.7,116.0,849.2,16.9,0,253,262
2025-11-07 00:42:26,18.9,83.7,0.0,0.1,0.4,85.0,849.2,16.9,0,255,261
2025-11-07 00:57:31,18.9,83.5,0.0,0.3,0.7,77.0,849.2,16.9,0,254,260
2025-11-07 01:12:36,18.8,83.8,0.0,0.1,0.4,26.0,849.0,16.9,0,253,260
2025-11-07 01:29:51,18.8,83.8,0.0,0.3,0.7,76.0,848.6,16.8,0,255,260
2025-11-07 01:45:01,18.7,84.2,0.0,0.1,0.4,24.0,848.5,16.8,0,252,261
2025-11-07 02:00:05,18.6,84.3,0.0,0.1,0.4,70.0,848.4,16.7,0,252,259
2025-11-07 02:15:10,18.5,85.1,0.0,0.3,0.7,59.0,848.2,16.7,0,253,260
2025-11-07 02:30:14,18.1,86.1,0.0,0.3,0.7,20.0,848.0,16.4,0,254,259
2025-11-07 02:45:19,17.9,86.6,0.0,0.1,0.4,93.0,848.2,16.3,0,254,261
2025-11-07 03:00:24,18.0,86.5,0.0,0.0,0.2,67.0,848.0,16.3,0,252,260
2025-11-07 03:15:29,17.9,86.7,0.0,0.2,0.4,67.0,847.9,16.3,0,253,260
2025-11-07 03:30:33,17.9,86.8,0.0,0.0,0.0,67.0,848.0,16.3,0,253,261
2025-11-07 03:45:38,17.9,86.6,0.0,0.5,1.3,57.0,848.0,16.3,0,255,260
2025-11-07 04:00:43,17.9,86.1,0.0,0.1,0.4,80.0,848.0,16.3,0,252,260
2025-11-07 04:16:07,17.8,86.5,0.0,0.2,0.7,76.0,848.2,16.2,0,254,260
2025-11-07 04:31:11,17.8,86.8,0.0,0.0,0.0,41.0,848.5,16.2,0,252,261
2025-11-07 04:46:16,17.7,86.6,0.0,0.1,0.4,101.0,848.4,16.1,0,253,260
2025-11-07 05:01:21,17.6,87.2,0.0,0.0,0.2,101.0,848.6,16.0,0,253,261
2025-11-07 05:16:25,17.5,87.7,0.0,0.2,0.4,101.0,848.7,16.1,0,253,260
2025-11-07 05:31:48,17.8,87.1,0.0,0.0,0.2,101.0,848.8,16.2,0,252,260
2025-11-07 05:47:08,17.8,87.3,0.0,0.0,0.0,101.0,848.9,16.3,0,253,260
2025-11-07 06:02:18,17.8,87.4,0.0,0.0,0.2,101.0,849.0,16.3,0,258,262
2025-11-07 06:17:23,17.9,87.4,0.0,0.2,0.4,101.0,848.9,16.4,0,303,265
2025-11-07 06:32:28,17.9,87.7,0.0,0.3,0.7,101.0,849.1,16.4,0,551,286
2025-11-07 06:47:32,17.9,87.7,0.0,0.1,0.4,101.0,849.3,16.5,0,510,285
2025-11-07 07:02:37,18.6,86.0,0.0,0.1,0.4,3.0,849.5,16.9,0,1479,364
2025-11-07 07:17:42,19.5,82.2,0.0,0.0,0.2,3.0,849.5,17.3,0,2041,413
2025-11-07 07:32:47,20.0,79.9,0.0,0.8,1.5,128.0,849.6,17.5,0,1734,400
2025-11-07 07:47:51,19.9,78.7,0.0,0.8,1.3,128.0,849.8,17.3,0,1236,355
2025-11-07 08:03:15,19.9,79.1,0.0,0.3,0.9,129.0,850.0,17.3,0,1239,352
2025-11-07 08:18:19,19.9,80.2,0.0,0.2,0.4,129.0,850.1,17.5,0,827,311
2025-11-07 08:33:23,20.1,78.1,0.0,1.0,2.4,129.0,850.2,17.4,0,4525,635
2025-11-07 08:48:28,21.0,73.6,0.0,1.0,2.0,98.0,850.3,17.7,0,2215,450
2025-11-07 09:03:33,22.2,69.4,0.0,1.0,2.2,122.0,850.3,18.2,0,3895,610
2025-11-07 09:18:37,22.6,68.3,0.0,0.6,1.7,124.0,850.3,18.5,0,7481,918
2025-11-07 09:33:42,23.1,61.7,0.0,1.0,3.1,125.0,850.3,18.1,0,7290,919
2025-11-07 09:48:46,24.2,60.2,0.0,0.2,0.7,77.0,850.1,18.8,0,7226,911
2025-11-07 10:03:51,25.9,54.1,0.0,0.7,1.1,112.0,850.1,19.4,0,7561,957
2025-11-07 10:19:29,25.6,53.8,0.0,0.7,2.0,153.0,849.9,19.1,0,3597,596
2025-11-07 10:34:54,27.8,50.0,0.0,0.5,1.5,98.0,849.8,20.4,0,2395,478
2025-11-07 10:49:59,26.4,51.4,0.0,0.8,1.7,74.0,849.6,19.5,0,2661,498
2025-11-07 11:05:03,25.4,56.5,0.0,0.8,2.0,61.0,849.6,19.3,0,9601,1134
2025-11-07 11:20:08,26.5,50.0,0.0,0.8,2.0,150.0,849.3,19.2,0,3031,529
2025-11-07 11:35:13,24.9,55.2,0.0,1.8,3.1,83.0,849.2,18.7,0,2109,438
2025-11-07 11:50:17,25.4,55.0,0.0,0.2,0.9,47.0,849.0,19.1,0,1897,423
2025-11-07 12:05:22,25.4,53.1,0.0,0.5,1.7,85.0,848.9,18.8,0,1983,433
2025-11-07 12:20:26,26.3,50.1,0.0,1.1,2.4,80.0,848.6,19.2,0,2952,523
2025-11-07 12:35:31,27.7,49.7,0.0,1.3,2.8,115.0,848.4,20.3,0,9880,1172
2025-11-07 12:50:35,26.1,50.3,0.0,0.8,2.4,60.0,848.1,19.0,0,4035,630
2025-11-07 13:06:00,26.4,49.8,0.0,0.6,1.3,103.0,847.8,19.2,0,1990,435
2025-11-07 13:21:04,25.9,49.1,0.0,0.6,1.7,100.0,847.7,18.6,0,1536,391
2025-11-07 13:36:09,26.0,48.6,0.0,0.9,3.1,153.0,847.5,18.6,0,2034,436
2025-11-07 13:51:14,27.0,45.6,0.0,1.5,3.5,84.0,847.3,19.0,0,3143,551
2025-11-07 14:06:18,27.9,45.8,0.0,0.5,1.1,129.0,847.1,19.8,0,7447,950
2025-11-07 14:21:23,28.8,43.6,0.0,0.5,1.7,121.0,846.9,20.1,0,1794,418
2025-11-07 14:37:10,28.6,43.6,0.0,1.5,3.3,75.0,846.6,20.0,0,7456,942
2025-11-07 14:52:16,27.8,42.6,0.0,0.3,1.7,112.0,846.5,19.1,0,6963,890
2025-11-07 15:08:10,28.3,43.6,0.0,0.1,0.7,92.0,846.5,19.8,0,5866,787
2025-11-07 15:23:15,30.1,40.5,0.0,1.6,3.6,73.0,846.2,20.6,0,5661,774
2025-11-07 15:38:20,29.0,43.4,0.0,0.4,1.7,122.0,846.1,20.3,0,1319,375
2025-11-07 15:54:17,27.9,43.0,0.0,0.6,1.5,140.0,846.1,19.3,0,1057,353
2025-11-07 16:09:22,28.7,42.2,0.0,0.4,1.3,104.0,845.9,19.8,0,3433,562
2025-11-07 16:24:27,28.7,42.3,0.0,0.4,1.1,136.0,845.9,19.8,0,3957,603
2025-11-07 16:39:32,27.6,46.2,0.0,0.5,1.1,98.0,846.0,19.6,0,840,320
2025-11-07 16:54:36,25.5,49.2,0.0,1.9,3.1,102.0,846.1,18.3,0,846,322
2025-11-07 17:09:41,22.6,62.4,0.0,0.9,2.4,115.0,846.8,17.6,0,945,329
2025-11-07 17:24:46,21.4,64.7,0.0,1.2,4.4,92.0,846.9,16.9,0,800,314
2025-11-07 17:40:09,21.1,66.0,0.0,0.2,0.4,100.0,847.0,16.8,0,653,299
2025-11-07 17:55:14,21.4,61.9,0.0,0.3,1.0,120.0,846.9,16.5,0,449,278
2025-11-07 18:10:19,21.5,61.6,0.0,0.4,1.8,116.0,847.0,16.6,0,293,265
2025-11-07 18:25:23,21.2,63.0,0.0,0.2,0.9,219.0,847.3,16.5,0,258,261
2025-11-07 18:40:28,21.1,65.3,0.0,0.3,1.1,102.0,847.4,16.7,0,254,261
2025-11-07 18:55:33,21.3,62.8,0.0,0.1,0.9,119.0,847.7,16.5,0,253,260
2025-11-07 19:11:04,21.1,62.5,0.0,0.1,0.7,79.0,848.0,16.3,0,254,261
2025-11-07 19:26:12,21.0,62.5,0.0,0.3,0.7,69.0,848.2,16.2,0,253,261
2025-11-07 19:41:17,20.8,62.2,0.0,0.1,0.9,7.0,848.4,16.1,0,253,260
2025-11-07 19:56:22,20.8,63.2,0.0,0.3,1.1,106.0,848.8,16.1,0,253,260
2025-11-07 20:11:26,20.8,64.9,0.0,0.2,0.4,89.0,849.2,16.3,0,254,260
2025-11-07 20:26:31,20.4,68.7,0.0,0.7,2.4,104.0,849.5,16.5,0,252,260
2025-11-07 20:41:36,19.9,74.7,0.0,0.1,0.4,105.0,849.8,16.8,0,252,260
2025-11-07 20:56:40,19.5,78.3,0.0,0.4,0.9,117.0,850.2,16.9,0,253,260
2025-11-07 21:11:45,18.7,81.5,0.0,0.9,2.8,142.0,850.3,16.5,0,254,260
2025-11-07 21:26:49,18.0,82.2,0.4,0.5,2.0,186.0,850.5,15.8,0,253,260
2025-11-07 21:41:54,17.3,88.4,4.199999999999999,0.4,1.3,54.0,850.6,15.9,0,254,261
2025-11-07 21:56:58,17.2,89.1,0.8000000000000007,0.0,0.0,110.0,850.7,15.9,0,253,261
2025-11-07 22:12:20,17.3,90.1,0.1999999999999993,0.0,0.0,110.0,850.9,16.1,0,253,261
2025-11-07 22:27:25,17.4,90.6,0.0,0.0,0.0,110.0,850.8,16.3,0,253,259
2025-11-07 22:42:30,17.4,90.9,0.0,0.0,0.0,110.0,850.9,16.3,0,253,261
2025-11-07 22:57:35,17.4,91.1,0.0,0.0,0.0,110.0,851.0,16.3,0,253,261
2025-11-07 23:12:40,17.5,91.4,0.0,0.2,0.9,110.0,850.9,16.5,0,254,260
2025-11-07 23:27:44,17.3,90.0,0.0,0.5,1.3,47.0,850.7,16.1,0,253,259
2025-11-07 23:42:49,17.2,90.1,0.0,0.2,0.4,0.0,850.6,16.1,0,253,261
2025-11-07 23:57:54,17.3,90.1,0.0,0.3,0.7,28.0,850.6,16.2,0,254,260
2025-11-08 00:12:59,17.3,90.6,0.0,0.3,0.9,50.0,850.4,16.1,0,254,261
2025-11-08 00:28:04,17.3,91.2,0.0,0.2,0.7,60.0,850.3,16.3,0,253,260
2025-11-08 00:43:26,17.3,91.3,0.0,0.1,0.2,67.0,850.2,16.2,0,253,260
2025-11-08 00:58:31,17.3,91.5,0.20000000000000018,0.2,0.7,45.0,850.0,16.3,0,253,260
2025-11-08 01:13:35,17.4,91.8,0.0,0.3,0.7,52.0,849.9,16.4,0,254,260
2025-11-08 01:28:40,17.4,92.0,1.4000000000000004,0.3,1.1,346.0,849.7,16.4,0,252,260
2025-11-08 01:43:45,17.2,92.2,0.5999999999999996,0.0,0.0,15.0,849.5,16.3,0,253,260
2025-11-08 01:58:50,17.3,92.5,0.0,0.1,0.4,14.0,849.5,16.4,0,253,260
2025-11-08 02:13:54,17.3,92.6,0.0,0.1,0.2,14.0,849.3,16.4,0,255,261
2025-11-08 02:28:59,17.2,92.6,0.0,0.0,0.4,14.0,849.4,16.3,0,254,261
2025-11-08 02:44:04,17.1,92.6,0.0,0.1,0.2,14.0,849.2,16.2,0,252,260
2025-11-08 03:00:09,16.9,92.6,0.20000000000000018,0.0,0.0,14.0,849.3,16.0,0,253,259
2025-11-08 03:15:32,16.8,92.7,0.0,0.0,0.0,14.0,849.4,15.9,0,253,261
2025-11-08 03:30:36,16.9,92.9,0.0,0.0,0.0,14.0,849.5,16.1,0,253,260
2025-11-08 03:45:41,16.8,93.0,0.0,0.0,0.0,14.0,849.6,16.0,0,254,260
2025-11-08 04:00:46,16.8,93.1,0.0,0.0,0.0,14.0,849.5,16.0,0,254,261
2025-11-08 04:15:51,17.0,93.3,0.0,0.0,0.0,14.0,849.8,16.2,0,253,260
2025-11-08 04:30:56,17.1,93.3,0.0,0.0,0.0,14.0,849.9,16.3,0,254,260
2025-11-08 04:46:02,17.2,93.4,0.0,0.0,0.0,14.0,850.0,16.4,0,254,261
2025-11-08 05:01:07,17.3,93.4,0.0,0.0,0.0,14.0,850.0,16.5,0,254,259
2025-11-08 05:16:11,17.2,93.4,0.0,0.0,0.0,14.0,850.1,16.5,0,253,259
2025-11-08 05:31:37,17.3,93.4,0.0,0.0,0.2,73.0,850.1,16.5,0,254,260
2025-11-08 05:46:41,17.2,93.3,0.0,0.0,0.0,73.0,850.2,16.4,0,253,261
2025-11-08 06:01:46,17.2,93.3,0.0,0.0,0.0,91.0,850.4,16.4,0,257,260
2025-11-08 06:16:51,17.2,93.3,0.0,0.0,0.0,91.0,850.3,16.4,0,291,264
2025-11-08 06:31:55,17.2,93.3,0.0,0.1,0.4,91.0,850.5,16.4,0,428,278
2025-11-08 06:47:00,17.2,93.2,0.0,0.0,0.2,86.0,850.7,16.4,0,513,288
2025-11-08 07:02:05,17.3,92.9,0.0,0.1,0.4,59.0,850.8,16.4,0,756,312
2025-11-08 07:17:09,17.4,92.5,0.0,0.3,0.7,95.0,851.0,16.5,0,961,332
2025-11-08 07:32:14,17.9,90.7,0.0,0.7,1.3,62.0,851.1,16.7,0,773,323
2025-11-08 07:47:39,18.1,87.9,0.0,0.5,2.2,66.0,851.2,16.7,0,956,338
2025-11-08 08:02:43,18.5,86.4,0.0,0.4,0.7,75.0,851.4,16.9,0,1455,376
2025-11-08 08:17:48,19.0,84.7,0.0,0.5,1.0,24.0,851.6,17.1,0,2048,437
2025-11-08 08:32:52,19.5,82.3,0.0,0.2,0.8,104.0,851.7,17.3,0,3965,606
2025-11-08 08:47:57,20.7,77.7,0.0,0.8,1.4,85.0,851.7,17.9,0,1573,402
2025-11-08 09:03:02,22.2,74.2,0.0,0.5,1.5,42.0,851.5,18.9,0,2818,520
2025-11-08 09:18:19,23.0,68.6,0.0,0.4,0.9,102.0,851.6,18.9,0,6323,823
2025-11-08 09:33:44,23.2,64.6,0.0,1.1,1.7,78.0,851.4,18.5,0,1888,424
2025-11-08 09:48:48,23.5,66.0,0.0,0.2,1.1,111.0,851.3,19.0,0,6527,855
2025-11-08 10:03:53,23.8,59.6,0.0,1.2,2.2,71.0,851.1,18.4,0,7023,900
2025-11-08 10:18:58,24.2,59.9,0.0,0.6,1.1,216.0,851.0,18.8,0,7464,940
2025-11-08 10:34:02,25.4,57.4,0.0,0.5,2.0,192.0,850.8,19.5,0,8735,1062
2025-11-08 10:49:07,25.3,57.5,0.0,1.4,2.2,189.0,850.7,19.4,0,8437,1035
2025-11-08 11:04:12,24.7,55.2,0.0,1.1,2.6,106.0,850.6,18.5,0,8963,1079
2025-11-08 11:19:16,26.3,50.8,0.0,0.3,0.7,99.0,850.5,19.2,0,9329,1118
2025-11-08 11:34:21,26.1,50.3,0.0,0.5,1.5,114.0,850.2,19.0,0,6196,841
2025-11-08 11:49:26,27.0,48.6,0.0,0.9,2.0,64.0,850.1,19.5,0,9391,1130
2025-11-08 12:04:50,26.3,53.0,0.0,0.1,0.4,103.0,850.0,19.6,0,10186,1187
2025-11-08 12:19:54,25.7,54.2,0.0,0.1,0.4,101.0,849.9,19.2,0,1870,415
2025-11-08 12:34:59,24.6,58.0,0.0,0.9,1.5,75.0,849.7,18.9,0,8428,1022
2025-11-08 12:50:03,25.3,56.1,0.0,0.8,2.8,173.0,849.3,19.2,0,9904,1168
2025-11-08 13:05:08,25.9,50.8,0.0,1.0,2.2,141.0,849.1,18.9,0,9701,1152
2025-11-08 13:20:13,25.3,55.7,0.0,0.2,0.6,124.0,849.0,19.1,0,8421,1040
2025-11-08 13:35:17,26.2,51.8,0.0,0.7,1.7,128.0,848.7,19.4,0,8464,1042
2025-11-08 13:52:01,27.2,48.0,0.0,0.7,1.3,172.0,848.3,19.5,0,8068,1005
2025-11-08 14:07:06,27.5,47.0,0.0,1.0,2.0,78.0,848.0,19.6,0,8034,1005
2025-11-08 14:22:10,27.5,47.0,0.0,0.3,1.3,96.0,848.0,19.6,0,7094,916
2025-11-08 14:37:15,27.0,44.9,0.0,0.8,2.8,179.0,847.7,18.8,0,7137,917
2025-11-08 14:52:20,27.3,44.7,0.0,0.6,1.7,49.0,847.6,19.1,0,6477,853
2025-11-08 15:07:25,27.3,45.2,0.0,0.6,1.3,124.0,847.6,19.2,0,5944,801
2025-11-08 15:22:30,29.4,43.0,0.0,0.9,1.3,108.0,847.4,20.5,0,1366,388
2025-11-08 15:37:54,29.1,41.2,0.0,0.3,0.9,112.0,847.2,20.0,0,4806,696
2025-11-08 15:52:59,27.7,42.9,0.0,0.7,1.7,125.0,847.2,19.1,0,4206,636
2025-11-08 16:08:03,28.2,42.2,0.0,1.1,2.2,115.0,847.1,19.4,0,3726,590
2025-11-08 16:23:08,28.0,42.8,0.0,0.5,2.0,89.0,847.2,19.4,0,892,339
2025-11-08 16:38:13,27.8,42.2,0.0,0.2,0.7,139.0,847.1,19.1,0,2698,491
2025-11-08 16:53:17,27.3,44.8,0.0,1.3,3.7,163.0,847.2,19.1,0,2637,475
2025-11-08 17:08:22,25.3,53.9,0.0,0.3,0.7,109.0,847.5,18.9,0,1283,355
2025-11-08 17:23:27,24.3,53.5,0.0,1.0,2.4,229.0,847.6,17.9,0,1062,333
2025-11-08 17:38:31,24.4,55.1,0.0,0.5,2.6,116.0,847.8,18.2,0,869,314
2025-11-08 17:53:36,23.0,62.3,0.0,1.2,4.4,102.0,848.4,18.1,0,530,283
2025-11-08 18:09:13,21.3,71.9,0.0,1.3,3.3,70.0,848.8,17.7,0,286,264
2025-11-08 18:25:02,20.2,73.6,0.0,1.9,3.9,89.0,849.0,17.0,0,256,260
2025-11-08 18:40:09,19.9,75.2,0.0,0.8,2.0,97.0,849.4,16.9,0,253,260
2025-11-08 18:55:14,19.4,79.0,0.0,0.8,1.7,107.0,849.6,16.8,0,252,259
2025-11-08 19:10:18,18.9,81.6,0.0,1.1,1.7,72.0,849.9,16.7,0,253,260
2025-11-08 19:25:34,18.5,84.5,0.0,0.8,1.3,67.0,850.0,16.6,0,253,259
2025-11-08 19:40:39,18.4,84.1,0.0,0.8,1.7,74.0,850.2,16.4,0,253,260
2025-11-08 19:56:03,18.4,83.4,0.0,0.4,0.9,19.0,850.3,16.4,0,253,260
2025-11-08 20:11:08,18.4,84.2,0.0,0.6,1.1,54.0,850.4,16.5,0,253,260
2025-11-08 20:26:13,18.2,84.7,0.0,0.9,1.7,82.0,850.5,16.3,0,253,259
2025-11-08 20:41:18,18.1,86.3,0.0,0.4,0.9,51.0,850.5,16.4,0,253,260
2025-11-08 20:56:23,17.9,86.9,0.0,0.6,1.5,79.0,850.8,16.3,0,254,260
2025-11-08 21:11:27,17.6,87.3,0.0,0.5,1.1,102.0,850.9,16.1,0,254,261
2025-11-08 21:26:32,17.5,87.7,0.0,0.5,1.7,100.0,851.1,16.0,0,253,260
2025-11-08 21:41:37,17.4,87.8,0.0,0.1,0.4,100.0,851.4,16.0,0,254,260
2025-11-08 21:56:42,17.4,87.6,0.0,0.0,0.2,100.0,851.7,15.9,0,254,260
2025-11-08 22:11:46,17.5,87.4,0.0,0.4,0.9,100.0,851.8,16.0,0,254,260
2025-11-08 22:27:09,17.6,86.3,0.0,0.2,0.7,100.0,851.8,16.0,0,253,259
2025-11-08 22:42:14,17.8,86.4,0.0,0.0,0.2,100.0,851.7,16.2,0,253,260
2025-11-08 22:57:19,17.9,85.7,0.0,0.3,0.9,100.0,851.7,16.1,0,254,259
2025-11-08 23:13:01,17.9,84.7,0.0,0.5,0.9,100.0,851.6,16.1,0,253,261
2025-11-08 23:28:10,17.9,83.9,0.0,1.1,1.7,68.0,851.6,16.0,0,254,259
2025-11-08 23:43:15,18.0,84.2,0.0,0.5,1.3,93.0,851.5,16.1,0,253,262
2025-11-08 23:58:21,17.9,84.9,0.0,0.5,0.9,136.0,851.3,16.1,0,254,262
2025-11-09 00:13:25,17.8,85.9,0.0,0.0,0.2,73.0,851.1,16.1,0,255,260
2025-11-09 00:28:30,17.6,86.5,0.0,0.1,0.4,332.0,850.8,16.0,0,253,261
2025-11-09 00:43:35,17.5,86.8,0.0,0.0,0.0,331.0,850.7,16.0,0,253,260
2025-11-09 00:59:06,17.4,87.1,0.0,0.0,0.0,331.0,850.8,15.9,0,254,259
2025-11-09 01:14:13,17.3,87.6,0.0,0.0,0.0,331.0,850.7,15.8,0,254,261
2025-11-09 01:29:18,17.2,87.8,0.0,0.0,0.0,331.0,850.8,15.8,0,254,259
2025-11-09 01:44:22,17.3,88.4,0.0,0.0,0.2,332.0,850.6,15.9,0,253,261
2025-11-09 01:59:27,17.3,88.5,0.0,0.1,0.4,332.0,850.4,16.0,0,252,262
2025-11-09 02:14:32,17.3,88.5,0.0,0.0,0.0,331.0,850.3,15.9,0,253,260
2025-11-09 02:29:36,17.1,88.8,0.0,0.0,0.0,331.0,850.2,15.8,0,253,261
2025-11-09 02:44:41,16.9,89.6,0.0,0.0,0.2,332.0,850.2,15.7,0,253,261
2025-11-09 03:00:46,16.8,90.2,0.0,0.2,0.7,332.0,850.2,15.6,0,253,260
2025-11-09 03:15:51,16.9,89.9,0.0,0.0,0.0,331.0,850.2,15.7,0,254,261
2025-11-09 03:30:55,17.1,88.9,0.0,0.0,0.0,331.0,850.2,15.8,0,253,260
2025-11-09 03:46:00,17.1,88.2,0.0,0.0,0.2,332.0,850.2,15.7,0,253,261
2025-11-09 04:01:22,17.0,88.8,0.0,0.0,0.0,331.0,850.3,15.7,0,253,260
2025-11-09 04:16:27,17.0,89.0,0.0,0.0,0.0,331.0,850.4,15.7,0,254,260
2025-11-09 04:31:31,17.1,89.2,0.0,0.0,0.0,161.0,850.6,15.8,0,254,260
2025-11-09 04:46:37,17.3,89.2,0.0,0.0,0.0,161.0,850.7,16.0,0,253,260
2025-11-09 05:01:41,17.3,89.3,0.0,0.0,0.0,161.0,850.7,16.0,0,253,261
2025-11-09 05:16:46,17.3,88.8,0.0,0.0,0.0,161.0,850.9,15.9,0,254,260
2025-11-09 05:31:51,17.2,88.8,0.0,0.0,0.0,161.0,850.9,15.9,0,252,260
2025-11-09 05:46:55,17.2,88.9,0.0,0.0,0.0,161.0,850.9,15.9,0,253,259
2025-11-09 06:02:00,17.2,88.9,0.0,0.0,0.0,161.0,851.0,15.8,0,261,261
2025-11-09 06:17:04,17.2,89.2,0.0,0.0,0.0,161.0,851.1,15.9,0,289,265
2025-11-09 06:32:28,17.2,89.2,0.0,0.0,0.0,161.0,851.3,16.0,0,390,272
2025-11-09 06:47:33,17.4,89.7,0.0,0.0,0.0,161.0,851.4,16.2,0,419,277
2025-11-09 07:02:39,17.5,89.3,0.0,0.0,0.0,161.0,851.6,16.3,0,396,275
2025-11-09 07:18:33,17.4,88.0,0.0,0.5,1.3,160.0,851.8,16.0,0,344,271
2025-11-09 07:33:38,17.3,88.7,0.0,0.2,0.4,161.0,851.9,16.0,0,733,307
2025-11-09 07:48:43,17.4,88.6,0.0,0.4,0.9,162.0,852.1,16.0,0,609,296
2025-11-09 08:04:00,17.5,89.3,0.0,0.2,0.7,162.0,852.3,16.2,0,1172,351
2025-11-09 08:19:24,18.0,88.7,0.0,0.4,1.3,162.0,852.6,16.6,0,1616,395
2025-11-09 08:34:29,18.2,86.8,0.0,0.0,0.0,162.0,852.6,16.6,0,1444,375
2025-11-09 08:49:34,18.4,85.8,0.0,0.2,1.1,177.0,852.7,16.7,0,2378,466
2025-11-09 09:04:38,18.6,84.0,0.0,0.5,1.3,130.0,852.6,16.7,0,1598,388
2025-11-09 09:19:43,18.4,84.9,0.0,0.4,2.0,182.0,852.7,16.6,0,2100,440
2025-11-09 09:34:48,18.5,84.2,0.2,1.3,2.4,170.0,852.6,16.6,0,3373,557
2025-11-09 09:49:52,19.2,78.7,0.0,1.2,2.8,189.0,852.4,16.6,0,6696,872
2025-11-09 10:04:57,20.8,71.3,0.0,0.8,2.0,189.0,852.2,17.2,0,4258,647
2025-11-09 10:20:02,21.7,69.9,0.0,0.2,0.7,189.0,852.2,17.9,0,4475,673
2025-11-09 10:35:06,22.2,67.8,0.0,0.2,0.7,172.0,851.9,18.1,0,4021,628
2025-11-09 10:50:30,21.8,67.6,0.0,0.2,0.7,178.0,851.9,17.6,0,1363,373
2025-11-09 11:05:35,19.3,83.1,2.0,0.5,1.1,66.0,852.3,17.2,0,1072,353
2025-11-09 11:20:40,18.0,88.4,5.2,0.1,0.4,86.0,852.1,16.6,0,2565,490
2025-11-09 11:35:44,18.2,87.1,0.0,0.7,1.3,320.0,852.1,16.7,0,2672,505
2025-11-09 11:50:49,17.6,88.7,1.4000000000000004,0.5,1.4,70.0,852.0,16.3,0,1298,375
2025-11-09 12:05:54,17.1,90.8,1.3999999999999986,0.4,1.1,274.0,852.0,16.0,0,766,316
2025-11-09 12:21:38,16.9,91.2,4.600000000000001,0.8,1.5,344.0,851.8,15.8,0,1834,422
2025-11-09 12:36:42,17.4,91.8,0.7999999999999989,0.4,1.1,35.0,851.7,16.4,0,2530,487
2025-11-09 12:52:42,17.7,91.0,0.0,0.0,0.2,97.0,851.5,16.6,0,2460,477
2025-11-09 13:07:46,18.0,89.2,0.20000000000000107,0.5,1.5,345.0,851.2,16.7,0,2144,444
2025-11-09 13:22:51,18.3,88.7,0.0,0.4,0.7,35.0,850.9,17.0,0,2260,456
2025-11-09 13:37:55,18.7,88.5,0.3999999999999986,0.6,1.3,101.0,850.7,17.3,0,3367,562
2025-11-09 13:53:00,18.6,85.4,0.0,0.4,1.1,320.0,850.4,16.8,0,2703,495
2025-11-09 14:08:05,20.0,82.4,0.0,0.3,0.7,97.0,850.0,17.9,0,5125,730
2025-11-09 14:23:09,21.7,76.8,0.0,0.3,0.7,353.0,849.8,18.7,0,8228,1012
2025-11-09 14:38:14,22.0,73.4,0.0,0.2,0.9,1.0,849.7,18.6,0,4239,646
2025-11-09 14:53:40,23.4,64.3,0.0,0.4,0.9,315.0,849.6,18.6,0,4060,626
2025-11-09 15:08:46,23.6,64.5,0.0,0.1,0.4,87.0,849.5,18.9,0,3052,531
2025-11-09 15:23:47,23.5,64.6,0.0,0.3,0.9,59.0,849.5,18.8,0,3716,593
2025-11-09 15:38:53,23.8,62.4,0.0,0.1,0.9,95.0,849.4,18.8,0,1885,421
2025-11-09 15:53:58,23.0,65.6,0.0,0.3,0.9,95.0,849.3,18.5,0,2719,496
2025-11-09 16:09:47,22.9,64.7,0.0,0.1,0.7,95.0,849.3,18.3,0,1351,364
2025-11-09 16:24:52,21.8,67.4,0.0,0.3,0.9,141.0,849.2,17.6,0,1091,340
2025-11-09 16:40:00,21.6,68.2,0.0,0.0,0.0,141.0,849.2,17.6,0,1055,339
2025-11-09 16:55:05,21.4,69.5,0.0,0.8,1.1,141.0,849.3,17.5,0,915,332
2025-11-09 17:10:10,21.0,69.7,0.0,0.8,2.2,141.0,849.2,17.2,0,1235,357
2025-11-09 17:25:15,19.9,75.4,0.0,0.1,0.7,94.0,849.5,16.9,0,1346,358
2025-11-09 17:40:20,19.1,78.7,0.0,0.3,0.7,94.0,849.6,16.5,0,508,288
2025-11-09 17:55:54,18.5,82.9,0.0,0.0,0.0,94.0,849.7,16.4,0,349,274
2025-11-09 18:11:00,18.0,83.0,0.0,0.0,0.2,94.0,850.0,16.0,0,292,266
2025-11-09 18:26:04,17.6,85.9,0.0,0.0,0.0,94.0,850.0,16.0,0,260,262
2025-11-09 18:41:09,17.3,88.0,0.0,0.0,0.0,94.0,850.2,15.9,0,254,260
2025-11-09 18:56:14,17.1,88.4,0.0,0.0,0.0,94.0,850.4,15.7,0,253,259
2025-11-09 19:11:19,17.2,88.9,0.0,0.0,0.0,94.0,850.5,15.9,0,255,261
2025-11-09 19:26:26,17.0,89.2,0.0,0.0,0.0,94.0,850.7,15.8,0,253,260
2025-11-09 19:41:31,16.9,89.8,0.0,0.0,0.0,94.0,850.7,15.7,0,255,260
2025-11-09 19:57:00,16.7,90.4,0.0,0.2,0.4,94.0,850.7,15.6,0,253,260
2025-11-09 20:12:57,16.5,90.7,0.0,0.0,0.0,95.0,850.9,15.4,0,253,260
2025-11-09 20:28:02,16.3,91.1,0.0,0.0,0.0,95.0,850.9,15.2,0,254,260
2025-11-09 20:43:07,16.2,91.4,0.0,0.0,0.0,95.0,850.9,15.2,0,253,261
2025-11-09 20:58:08,16.1,91.8,0.0,0.0,0.0,95.0,850.9,15.2,0,254,261
2025-11-09 21:13:13,16.2,92.2,0.0,0.0,0.0,94.0,851.0,15.3,0,253,260
2025-11-09 21:28:17,16.1,92.4,0.0,0.0,0.0,95.0,851.0,15.2,0,253,259
2025-11-09 21:43:22,16.0,92.5,0.0,0.0,0.0,95.0,850.9,15.1,0,253,260
2025-11-09 21:58:27,16.0,92.7,0.0,0.0,0.2,94.0,851.1,15.1,0,252,262
2025-11-09 22:13:51,16.0,93.0,0.0,0.1,0.4,94.0,851.1,15.2,0,254,261
2025-11-09 22:28:58,15.8,93.0,0.0,0.0,0.0,95.0,851.3,15.0,0,253,261
2025-11-09 22:44:03,15.6,93.0,0.0,0.0,0.0,95.0,851.1,14.8,0,253,261
2025-11-09 22:59:07,15.4,93.1,0.0,0.0,0.0,95.0,851.1,14.6,0,254,260
2025-11-09 23:14:12,15.4,93.3,0.0,0.0,0.0,95.0,850.9,14.7,0,252,262
2025-11-09 23:29:16,15.4,93.3,0.0,0.0,0.0,95.0,850.9,14.7,0,253,261
2025-11-09 23:44:21,15.7,93.6,0.0,0.0,0.0,95.0,850.7,14.9,0,253,259
2025-11-09 23:59:25,15.8,93.7,0.0,0.0,0.0,94.0,850.7,15.0,0,253,262
2025-11-10 00:14:30,15.9,93.8,0.0,0.0,0.0,95.0,850.7,15.1,0,253,261
2025-11-10 00:29:34,15.7,93.9,0.0,0.0,0.0,95.0,850.6,15.0,0,253,259
2025-11-10 00:44:39,15.6,93.9,0.0,0.0,0.0,95.0,850.5,14.8,0,253,260
2025-11-10 01:00:04,15.7,94.0,0.0,0.0,0.0,95.0,850.5,15.0,0,253,261
2025-11-10 01:15:09,15.7,94.0,0.0,0.0,0.2,95.0,850.4,14.9,0,252,261
2025-11-10 01:30:13,15.6,93.9,0.0,0.0,0.0,95.0,850.4,14.9,0,253,260
2025-11-10 01:45:18,15.4,94.0,0.0,0.0,0.0,95.0,850.3,14.7,0,254,260
2025-11-10 02:00:22,15.3,93.9,0.0,0.0,0.0,95.0,850.2,14.6,0,253,260
2025-11-10 02:15:27,15.2,94.0,0.0,0.0,0.0,95.0,850.1,14.5,0,253,260
2025-11-10 02:30:32,15.1,94.0,0.0,0.0,0.0,95.0,850.2,14.4,0,254,261
2025-11-10 02:45:36,15.3,94.1,0.0,0.3,0.4,95.0,850.2,14.6,0,252,260
2025-11-10 03:00:41,15.1,94.2,0.0,0.0,0.0,95.0,850.3,14.4,0,254,261
2025-11-10 03:16:05,14.8,94.1,0.0,0.0,0.0,95.0,850.2,14.1,0,253,260
2025-11-10 03:31:09,14.6,94.1,0.0,0.0,0.0,95.0,850.3,13.9,0,255,259
2025-11-10 03:46:14,14.8,94.2,0.0,0.0,0.0,95.0,850.3,14.1,0,252,260
2025-11-10 04:01:19,14.8,94.3,0.1999999999999993,0.0,0.0,95.0,850.4,14.1,0,253,259
2025-11-10 04:16:24,14.6,94.3,0.0,0.0,0.2,95.0,850.5,13.9,0,253,259
2025-11-10 04:32:21,14.4,94.3,0.0,0.0,0.0,95.0,850.5,13.7,0,254,260
2025-11-10 04:47:27,14.1,94.2,0.0,0.1,0.2,95.0,850.5,13.5,0,253,261
2025-11-10 05:02:31,14.2,94.3,0.0,0.0,0.0,95.0,850.6,13.5,0,253,260
2025-11-10 05:17:36,14.0,94.3,0.0,0.0,0.0,95.0,850.7,13.3,0,252,260
2025-11-10 05:32:41,13.7,94.2,0.0,0.0,0.0,95.0,850.8,13.0,0,253,261
2025-11-10 05:47:45,13.7,94.3,0.0,0.0,0.0,95.0,850.9,13.0,0,254,259
2025-11-10 06:02:50,13.8,94.3,0.0,0.2,0.4,95.0,850.9,13.1,0,267,261
2025-11-10 06:18:12,13.8,94.2,0.0,0.1,0.2,95.0,851.1,13.1,0,320,267
2025-11-10 06:33:16,13.7,94.1,0.0,0.0,0.0,95.0,851.2,13.0,0,463,282
2025-11-10 06:48:21,14.1,94.1,0.0,0.2,0.7,95.0,851.2,13.5,0,659,300
2025-11-10 07:03:27,14.6,93.9,0.0,0.0,0.2,95.0,851.3,13.8,0,1014,327
2025-11-10 07:18:51,15.3,93.8,0.0,0.1,0.2,94.0,851.4,14.6,0,1009,338
2025-11-10 07:33:56,15.9,91.3,0.0,0.1,0.2,94.0,851.7,14.8,0,968,339
2025-11-10 07:49:00,16.7,91.3,0.0,0.0,0.0,94.0,851.9,15.7,0,1477,378
2025-11-10 08:04:05,17.5,87.3,0.0,0.0,0.2,94.0,851.9,16.0,0,1623,390
2025-11-10 08:19:09,18.6,83.0,0.0,0.0,0.0,94.0,852.1,16.5,0,2886,500
2025-11-10 08:34:14,18.6,81.9,0.0,0.3,0.9,94.0,852.2,16.4,0,2427,462
2025-11-10 08:50:09,19.6,77.9,0.0,0.1,0.2,94.0,852.3,16.9,0,2327,455
2025-11-10 09:05:14,19.9,75.8,0.0,0.0,0.2,94.0,852.3,16.9,0,2625,481
2025-11-10 09:20:19,20.1,75.6,0.0,0.4,1.1,252.0,852.2,17.1,0,3419,556
2025-11-10 09:35:24,20.6,73.2,0.0,0.3,0.7,3.0,852.2,17.3,0,3581,572
2025-11-10 09:50:28,22.9,65.9,0.0,0.6,2.0,84.0,851.9,18.4,0,3425,579
2025-11-10 10:05:33,23.0,64.8,0.0,1.1,2.0,63.0,851.9,18.4,0,4383,667
2025-11-10 10:20:57,23.1,64.4,0.0,0.4,1.3,60.0,851.8,18.4,0,7053,902
2025-11-10 10:36:01,23.9,56.7,0.0,1.0,1.7,55.0,851.7,18.1,0,1851,427
2025-11-10 10:51:03,23.4,60.0,0.0,0.4,1.1,89.0,851.5,18.1,0,5934,809
2025-11-10 11:06:04,23.8,59.9,0.2,0.1,0.4,160.0,851.4,18.4,0,8521,1034
2025-11-10 11:21:08,24.5,56.2,0.0,1.5,2.6,72.0,851.2,18.5,0,9513,1118
2025-11-10 11:36:13,24.0,57.3,0.0,0.5,1.3,59.0,851.1,18.2,0,2509,489
2025-11-10 11:51:20,23.8,56.2,0.0,0.3,1.5,191.0,850.9,17.9,0,9271,1106
2025-11-10 12:07:02,24.5,53.0,0.0,1.8,3.5,74.0,850.7,18.0,0,8770,1065
2025-11-10 12:22:08,24.3,53.6,0.0,1.5,3.1,68.0,850.7,17.9,0,9123,1080
2025-11-10 12:37:12,25.0,54.3,0.0,0.4,1.1,39.0,850.5,18.6,0,7658,948
2025-11-10 12:52:17,25.5,53.3,0.0,0.8,2.2,102.0,850.2,18.9,0,8485,1039
2025-11-10 13:07:22,25.7,53.5,0.0,0.3,0.9,124.0,850.1,19.2,0,9401,1113
2025-11-10 13:22:27,25.4,54.8,0.0,0.2,0.7,90.0,849.9,19.1,0,8748,1059
2025-11-10 13:37:31,25.9,51.7,0.0,0.5,1.1,129.0,849.6,19.0,0,4695,704
2025-11-10 13:52:36,25.7,50.3,0.0,0.9,1.3,87.0,849.4,18.7,0,1580,416
2025-11-10 14:07:40,26.6,48.8,0.0,1.1,1.7,77.0,849.1,19.2,0,7693,957
2025-11-10 14:23:05,26.8,46.4,0.0,0.6,1.1,94.0,848.8,18.9,0,6940,895
2025-11-10 14:38:10,27.2,41.8,0.0,1.4,2.2,76.0,848.5,18.5,0,6417,845
2025-11-10 14:53:15,28.7,42.1,0.0,0.2,1.3,76.0,848.3,19.8,0,5722,777
2025-11-10 15:08:19,28.3,42.5,0.0,1.0,2.6,105.0,848.2,19.6,0,5746,780
2025-11-10 15:23:24,28.1,44.2,0.0,1.1,2.2,106.0,848.1,19.7,0,5378,744
2025-11-10 15:38:36,27.7,44.9,0.0,0.5,1.5,91.0,848.2,19.4,0,4922,696
2025-11-10 15:53:41,27.0,42.6,0.0,0.6,2.6,177.0,848.0,18.5,0,4362,646
2025-11-10 16:08:45,27.3,44.2,0.0,0.5,1.1,93.0,848.0,19.0,0,3742,583
2025-11-10 16:24:09,28.6,42.5,0.0,0.1,0.2,132.0,848.0,19.8,0,3135,530
2025-11-10 16:39:14,27.6,41.8,0.0,1.0,2.6,103.0,848.0,18.8,0,2244,450
2025-11-10 16:54:18,26.6,43.6,0.0,0.5,1.1,59.0,848.0,18.4,0,1497,384
2025-11-10 17:09:22,25.1,45.8,0.0,1.7,3.3,83.0,848.1,17.4,0,642,313
2025-11-10 17:25:18,24.3,48.1,0.0,0.7,1.5,115.0,848.2,17.1,0,630,308
2025-11-10 17:40:23,23.9,48.9,0.0,1.5,2.8,84.0,848.3,16.9,0,626,302
2025-11-10 17:55:28,23.5,52.8,0.0,0.0,0.2,89.0,848.4,17.1,0,498,286
2025-11-10 18:10:33,22.7,60.0,0.0,0.4,1.0,173.0,848.7,17.5,0,317,268
2025-11-10 18:25:37,22.1,63.0,0.0,0.0,0.0,92.0,848.8,17.3,0,260,261
2025-11-10 18:40:42,21.6,65.5,0.0,0.2,0.7,91.0,849.1,17.1,0,253,261
2025-11-10 18:55:46,21.2,67.3,0.0,0.0,0.0,69.0,849.1,17.1,0,254,260
2025-11-10 19:10:51,20.9,69.2,0.0,0.0,0.2,78.0,849.4,17.1,0,254,259
2025-11-10 19:26:16,19.5,80.5,0.6000000000000001,0.3,0.7,96.0,849.8,17.2,0,253,259
2025-11-10 19:41:21,19.0,85.7,0.3999999999999999,0.0,0.0,184.0,849.9,17.3,0,253,260
2025-11-10 19:56:26,18.7,86.9,0.0,0.0,0.0,184.0,849.8,17.1,0,253,260
2025-11-10 20:11:30,18.7,87.6,0.0,0.0,0.0,184.0,850.0,17.2,0,254,261
2025-11-10 20:26:35,18.7,86.1,0.0,0.1,0.4,95.0,850.1,17.0,0,254,260
2025-11-10 20:41:40,18.4,85.3,0.0,0.0,0.0,95.0,850.4,16.6,0,253,259
2025-11-10 20:58:34,18.2,85.9,0.0,0.0,0.0,95.0,850.5,16.5,0,254,262
2025-11-10 21:13:49,17.9,86.8,0.0,0.0,0.0,95.0,850.7,16.3,0,254,261
2025-11-10 21:28:54,17.9,87.2,0.0,0.1,0.4,95.0,850.9,16.3,0,253,259
2025-11-10 21:44:18,18.0,87.0,0.0,0.1,0.4,95.0,850.9,16.4,0,254,261
2025-11-10 21:59:23,18.0,87.0,0.0,0.0,0.2,95.0,851.0,16.4,0,253,261
2025-11-10 22:14:28,17.9,87.8,0.0,0.0,0.0,95.0,851.1,16.4,0,254,260
2025-11-10 22:29:35,18.0,87.9,0.0,0.1,0.4,95.0,851.1,16.5,0,253,261
2025-11-10 22:44:41,18.1,86.8,0.0,0.0,0.2,95.0,851.1,16.6,0,254,259
2025-11-10 22:59:46,17.9,87.0,0.0,0.1,0.4,95.0,850.9,16.3,0,254,261
2025-11-10 23:14:51,17.7,87.7,0.0,0.0,0.0,95.0,851.0,16.2,0,254,260
2025-11-10 23:29:55,17.3,88.5,0.0,0.0,0.2,95.0,850.8,16.0,0,255,261
2025-11-10 23:45:00,17.1,88.8,0.0,0.0,0.0,95.0,850.7,15.8,0,254,259
2025-11-11 00:00:22,17.1,89.2,0.0,0.0,0.0,95.0,850.7,15.8,0,254,260
2025-11-11 00:15:26,17.0,89.7,0.0,0.4,0.7,95.0,850.6,15.8,0,254,260
2025-11-11 00:30:31,16.7,89.5,0.0,0.0,0.0,95.0,850.5,15.5,0,252,259
2025-11-11 00:45:35,16.5,90.1,0.0,0.0,0.0,95.0,850.5,15.3,0,254,261
2025-11-11 01:00:40,16.2,90.6,0.0,0.0,0.0,95.0,850.4,15.1,0,254,259
2025-11-11 01:15:45,16.0,91.0,0.0,0.0,0.0,95.0,850.3,15.0,0,253,260
2025-11-11 01:30:49,15.9,91.6,0.0,0.0,0.0,95.0,850.1,15.0,0,252,260
2025-11-11 01:45:53,15.9,91.8,0.0,0.0,0.0,95.0,849.8,14.9,0,253,260
2025-11-11 02:00:58,15.6,91.8,0.0,0.0,0.0,95.0,849.8,14.7,0,253,260
2025-11-11 02:16:03,15.5,92.2,0.0,0.0,0.0,95.0,849.8,14.6,0,254,260
2025-11-11 02:31:27,15.6,92.5,0.0,0.1,0.2,95.0,849.8,14.7,0,254,258
2025-11-11 02:46:31,15.2,92.4,0.0,0.0,0.0,95.0,849.6,14.3,0,252,259
2025-11-11 03:00:36,15.1,92.5,0.0,0.0,0.0,95.0,849.7,14.2,0,252,261
2025-11-11 03:15:40,15.4,92.8,0.0,0.0,0.0,95.0,849.7,14.6,0,254,259
2025-11-11 03:30:45,15.6,93.0,0.0,0.0,0.0,95.0,849.7,14.8,0,254,261
2025-11-11 03:45:49,15.4,92.8,0.0,0.0,0.0,95.0,849.8,14.6,0,253,260
2025-11-11 04:00:54,15.4,92.4,0.0,0.0,0.0,95.0,849.9,14.5,0,254,259
2025-11-11 04:15:59,15.4,92.4,0.0,0.1,0.2,95.0,850.0,14.6,0,253,259
2025-11-11 04:31:03,15.6,92.3,0.0,0.0,0.0,95.0,850.0,14.7,0,252,261
2025-11-11 04:46:08,15.4,92.0,0.0,0.1,0.4,95.0,850.1,14.5,0,253,261
2025-11-11 05:01:32,15.3,92.1,0.0,0.0,0.0,95.0,850.2,14.4,0,253,260
2025-11-11 05:16:37,15.1,92.3,0.0,0.0,0.0,95.0,850.4,14.2,0,255,259
2025-11-11 05:31:41,15.2,92.6,0.0,0.0,0.0,95.0,850.6,14.3,0,253,261
2025-11-11 05:46:46,15.3,92.9,0.0,0.0,0.0,95.0,850.7,14.4,0,252,261
2025-11-11 06:02:13,15.1,93.0,0.0,0.0,0.0,95.0,850.8,14.3,0,270,262
2025-11-11 06:17:38,15.2,93.3,0.0,0.0,0.0,95.0,850.8,14.4,0,339,270
2025-11-11 06:32:43,15.3,93.4,0.19999999999999996,0.0,0.0,95.0,850.9,14.5,0,475,285
2025-11-11 06:47:48,15.4,93.5,0.0,0.0,0.0,95.0,851.1,14.6,0,602,297
2025-11-11 07:02:53,15.9,93.7,0.0,0.1,0.4,95.0,851.1,15.2,0,766,318
2025-11-11 07:17:58,16.4,93.7,0.0,0.4,0.7,95.0,851.2,15.7,0,1228,353
2025-11-11 07:33:03,16.8,93.3,0.0,0.4,1.1,95.0,851.3,16.0,0,1004,331
2025-11-11 07:48:08,16.8,92.9,0.0,0.1,0.7,95.0,851.4,16.0,0,1483,374
2025-11-11 08:03:13,17.0,91.0,0.0,0.3,0.9,95.0,851.7,15.9,0,1386,367
2025-11-11 08:18:18,17.2,89.6,0.0,0.1,0.4,95.0,851.9,16.0,0,1398,364
2025-11-11 08:33:43,17.5,88.6,0.0,0.3,0.7,95.0,852.0,16.1,0,1577,387
2025-11-11 08:48:48,18.7,82.2,0.0,0.5,1.1,95.0,851.9,16.5,0,4376,626
2025-11-11 09:04:19,20.1,75.4,0.0,0.8,1.7,347.0,851.8,17.0,0,4173,623
2025-11-11 09:19:44,21.7,67.4,0.0,1.1,1.7,77.0,851.7,17.6,0,5185,713
2025-11-11 09:34:48,22.9,62.2,0.0,0.5,0.9,0.0,851.6,17.9,0,2416,483
2025-11-11 09:49:53,22.5,65.9,0.0,0.2,0.7,60.0,851.4,18.0,0,6660,843
2025-11-11 10:04:58,23.7,63.3,0.0,0.3,1.1,112.0,851.3,18.8,0,8209,987
2025-11-11 10:20:06,23.7,56.9,0.0,0.7,2.0,98.0,851.1,17.9,0,8053,982
2025-11-11 10:35:11,24.5,57.4,0.0,0.5,1.1,121.0,851.0,18.7,0,8451,1025
2025-11-11 10:50:16,25.1,53.1,0.0,0.2,0.9,135.0,850.7,18.6,0,8479,1024
2025-11-11 11:05:21,25.1,50.6,0.0,0.4,1.1,19.0,850.6,18.1,0,8514,1034
2025-11-11 11:20:26,26.1,48.8,0.0,0.8,3.3,112.0,850.4,18.8,0,3209,568
2025-11-11 11:35:50,24.8,50.9,0.0,0.5,2.2,164.0,850.2,18.0,0,8588,1042
2025-11-11 11:50:54,25.7,50.5,0.0,0.5,1.5,182.0,850.2,18.7,0,8385,1023
2025-11-11 12:05:59,26.2,47.9,0.0,0.5,1.3,122.0,849.9,18.7,0,2473,489
2025-11-11 12:21:04,25.8,51.9,0.0,0.5,1.3,78.0,849.6,19.0,0,9209,1096
2025-11-11 12:36:09,26.4,50.2,0.0,0.5,1.3,98.0,849.4,19.2,0,2507,484
2025-11-11 12:51:13,26.1,51.8,0.0,0.2,1.1,87.0,849.1,19.2,0,8596,1040
2025-11-11 13:06:18,26.9,48.1,0.0,0.4,1.3,102.0,848.9,19.3,0,9058,1080
2025-11-11 13:21:22,25.8,48.7,0.0,0.7,2.0,98.0,848.6,18.4,0,9029,1080
2025-11-11 13:36:27,26.5,46.4,0.0,0.8,2.6,130.0,848.5,18.7,0,2991,553
2025-11-11 13:51:31,27.1,43.2,0.0,1.0,1.7,186.0,848.4,18.7,0,7796,972
2025-11-11 14:06:55,27.9,42.6,0.0,0.5,2.0,128.0,848.2,19.2,0,7441,942
2025-11-11 14:21:59,27.9,43.4,0.0,0.5,1.3,194.0,848.0,19.4,0,7300,922
2025-11-11 14:37:03,27.9,40.5,0.0,1.5,3.5,69.0,848.0,18.9,0,1198,370
2025-11-11 14:52:08,28.7,41.1,0.0,0.4,1.1,50.0,847.9,19.6,0,6402,838
2025-11-11 15:07:13,27.6,41.7,0.0,0.9,2.0,199.0,847.7,18.8,0,5963,794
2025-11-11 15:22:13,27.3,43.1,0.0,0.8,2.2,149.0,847.6,18.8,0,5400,745
2025-11-11 15:38:13,28.4,42.4,0.0,0.6,1.7,125.0,847.4,19.6,0,4865,695
2025-11-11 15:53:18,28.3,42.2,0.0,0.9,3.3,111.0,847.3,19.5,0,4224,634
2025-11-11 16:08:23,28.7,40.7,0.0,0.4,1.3,95.0,847.3,19.5,0,4658,660
2025-11-11 16:23:28,27.9,43.0,0.0,0.6,1.5,183.0,847.3,19.3,0,1515,383
2025-11-11 16:38:32,25.9,46.2,0.0,0.7,2.0,86.0,847.6,18.2,0,1213,357
2025-11-11 16:53:55,25.5,48.9,0.0,0.1,0.4,147.0,847.6,18.3,0,2273,444
2025-11-11 17:09:00,24.8,50.3,0.0,1.0,3.3,44.0,847.8,17.8,0,702,309
2025-11-11 17:24:04,24.2,53.4,0.0,0.4,1.7,44.0,847.9,17.8,0,1176,344
2025-11-11 17:39:10,23.1,59.1,0.0,0.5,1.1,90.0,848.0,17.7,0,886,318
2025-11-11 17:54:14,22.7,62.2,0.0,0.0,0.2,151.0,848.1,17.7,0,645,293
2025-11-11 18:09:19,22.3,62.6,0.0,0.3,0.9,186.0,848.2,17.4,0,304,267
2025-11-11 18:24:24,21.9,63.4,0.0,0.4,1.3,154.0,848.3,17.1,0,264,261
2025-11-11 18:39:29,21.5,65.4,0.0,0.0,0.0,154.0,848.4,17.0,0,254,260
2025-11-11 18:54:34,21.2,67.3,0.0,0.0,0.2,154.0,848.4,17.1,0,253,260
2025-11-11 19:09:38,20.8,68.6,0.0,0.0,0.0,154.0,848.5,16.8,0,254,259
2025-11-11 19:25:02,20.5,69.9,0.0,0.0,0.0,154.0,848.7,16.7,0,253,259
2025-11-11 19:40:07,20.1,71.1,0.0,0.0,0.0,154.0,848.9,16.6,0,254,261
2025-11-11 19:55:12,19.9,72.2,0.0,0.0,0.2,154.0,849.0,16.4,0,253,261
2025-11-11 20:10:16,19.5,75.6,0.0,0.0,0.0,154.0,849.1,16.5,0,254,261
2025-11-11 20:25:21,19.3,74.4,0.0,0.0,0.2,154.0,849.0,16.2,0,254,260
2025-11-11 20:40:26,19.3,74.0,0.0,0.0,0.2,154.0,849.4,16.1,0,252,259
2025-11-11 20:55:53,19.4,73.7,0.0,0.0,0.2,154.0,849.6,16.2,0,254,260
2025-11-11 21:11:05,19.2,73.1,0.0,0.0,0.0,154.0,849.8,15.9,0,254,262
2025-11-11 21:26:10,19.0,72.9,0.0,0.1,0.4,154.0,849.9,15.7,0,254,261
2025-11-11 21:41:15,19.0,74.3,0.0,0.0,0.0,154.0,849.8,15.8,0,254,259
2025-11-11 21:56:20,18.9,73.7,0.0,0.0,0.0,154.0,850.0,15.7,0,254,261
2025-11-11 22:11:24,18.6,74.3,0.0,0.2,0.7,154.0,849.9,15.5,0,252,259
2025-11-11 22:26:29,18.6,74.9,0.0,0.7,1.7,53.0,849.8,15.5,0,255,260
2025-11-11 22:41:34,18.6,75.3,0.0,0.5,0.9,76.0,849.7,15.6,0,253,262
2025-11-11 22:56:39,18.5,77.4,0.0,0.7,0.9,34.0,849.7,15.8,0,253,261
2025-11-11 23:11:43,18.5,80.5,0.0,0.5,0.9,34.0,849.6,16.1,0,254,261
2025-11-11 23:26:48,18.4,82.4,0.0,0.3,0.4,150.0,849.6,16.3,0,253,260
2025-11-11 23:42:14,18.5,83.8,0.0,0.0,0.2,38.0,849.7,16.5,0,253,260
2025-11-11 23:57:18,18.7,84.0,0.0,0.6,1.5,63.0,849.6,16.8,0,252,260
2025-11-12 00:12:24,18.8,84.2,0.0,0.4,0.9,81.0,849.4,16.9,0,253,259
2025-11-12 00:27:29,18.6,84.3,0.0,0.0,0.2,103.0,849.3,16.7,0,253,261
2025-11-12 00:42:34,18.2,85.0,0.0,0.1,0.4,83.0,849.3,16.4,0,254,261
2025-11-12 00:57:39,17.8,86.4,0.0,0.1,0.4,57.0,849.2,16.2,0,254,261
2025-11-12 01:13:37,17.6,87.7,0.0,0.1,0.4,84.0,849.0,16.2,0,254,262
2025-11-12 01:29:31,17.5,88.2,0.0,0.3,0.7,43.0,848.9,16.1,0,254,261
2025-11-12 01:44:37,17.3,88.9,0.0,0.2,0.7,28.0,848.9,16.0,0,253,261
2025-11-12 01:59:42,17.1,89.7,0.0,0.1,0.4,30.0,848.9,15.9,0,253,259
2025-11-12 02:14:47,17.2,90.4,0.0,0.3,0.7,33.0,848.7,16.0,0,254,261
2025-11-12 02:30:27,17.3,90.3,0.0,0.1,0.4,88.0,848.7,16.2,0,253,260
2025-11-12 02:46:25,17.5,90.1,0.0,0.3,0.7,36.0,848.7,16.3,0,253,260
2025-11-12 03:00:28,17.6,89.9,0.0,0.3,1.3,92.0,848.6,16.4,0,253,261
2025-11-12 03:15:33,17.8,89.5,0.0,0.7,1.7,78.0,848.8,16.5,0,253,261
2025-11-12 03:30:38,17.8,89.2,0.0,0.2,0.4,95.0,848.9,16.5,0,253,260
2025-11-12 03:45:42,17.9,88.9,0.0,0.2,0.7,58.0,848.8,16.5,0,253,260
2025-11-12 04:00:47,17.8,89.0,0.0,0.8,1.5,65.0,849.1,16.5,0,253,261
2025-11-12 04:15:52,17.6,89.2,0.0,0.5,0.9,39.0,849.2,16.4,0,253,259
2025-11-12 04:30:56,17.6,89.5,0.0,0.6,1.3,55.0,849.3,16.3,0,253,261
2025-11-12 04:46:40,17.5,89.8,0.0,0.7,1.5,69.0,849.4,16.3,0,254,261
2025-11-12 05:02:05,17.3,90.1,0.0,0.2,0.7,87.0,849.6,16.2,0,254,261
2025-11-12 05:17:30,17.3,90.3,0.0,0.6,1.7,75.0,849.8,16.1,0,253,261
2025-11-12 05:32:34,17.3,90.5,0.0,0.4,1.1,91.0,849.9,16.1,0,253,259
2025-11-12 05:47:39,17.3,90.8,0.0,0.2,0.4,60.0,850.2,16.2,0,253,259
2025-11-12 06:02:44,17.2,90.8,0.0,0.1,0.7,90.0,850.4,16.1,0,268,262
2025-11-12 06:17:49,17.3,91.0,0.0,0.2,1.3,96.0,850.5,16.2,0,327,269
2025-11-12 06:32:54,17.3,90.2,0.0,0.0,0.0,101.0,850.7,16.1,0,462,281
2025-11-12 06:47:59,17.4,89.9,0.0,0.2,0.9,95.0,850.9,16.2,0,544,291
2025-11-12 07:03:03,17.6,89.3,0.0,0.2,0.7,84.0,850.9,16.3,0,650,305
2025-11-12 07:18:08,17.9,88.3,0.0,0.1,0.4,40.0,851.0,16.5,0,921,326
2025-11-12 07:33:13,18.3,86.8,0.0,0.3,0.7,40.0,851.0,16.7,0,965,330
2025-11-12 07:48:36,18.8,84.2,0.0,0.6,1.7,83.0,851.2,16.9,0,1448,369
2025-11-12 08:03:40,19.1,81.2,0.0,1.1,2.0,71.0,851.5,16.8,0,1451,380
2025-11-12 08:18:45,20.4,78.2,0.0,0.3,0.7,40.0,851.5,17.6,0,3918,594
2025-11-12 08:33:50,20.8,75.1,0.0,0.4,1.3,93.0,851.5,17.7,0,1930,416
2025-11-12 08:48:54,20.9,75.2,0.0,0.8,2.2,85.0,851.5,17.8,0,5845,757
2025-11-12 09:03:59,22.3,69.9,0.0,0.4,1.5,75.0,851.5,18.4,0,1828,410
2025-11-12 09:19:04,21.0,74.0,0.0,0.8,1.3,53.0,851.5,17.7,0,1776,401
2025-11-12 09:34:09,20.9,74.8,0.0,0.3,0.7,81.0,851.4,17.7,0,6267,815
2025-11-12 09:49:13,21.7,69.5,0.0,0.5,1.1,61.0,851.4,17.8,0,2158,445
2025-11-12 10:04:18,22.0,68.4,0.0,0.5,1.1,61.0,851.4,18.0,0,7844,960
2025-11-12 10:19:42,23.1,66.1,0.0,0.6,1.1,49.0,851.3,18.6,0,7238,914
2025-11-12 10:34:47,23.4,60.6,0.0,0.9,2.6,78.0,851.1,18.1,0,8610,1026
2025-11-12 10:49:52,23.2,60.9,0.0,0.2,0.7,56.0,850.8,18.1,0,7939,984
2025-11-12 11:04:57,24.7,58.2,0.0,1.2,2.4,68.0,850.6,19.0,0,2576,493
2025-11-12 11:20:01,24.7,58.9,0.0,0.6,0.9,69.0,850.5,19.1,0,2568,484
2025-11-12 11:35:06,25.3,53.6,0.0,0.5,1.7,83.0,850.3,18.8,0,5709,797
2025-11-12 11:50:10,25.9,50.0,0.0,1.1,3.5,109.0,850.1,18.8,0,8798,1071
2025-11-12 12:05:16,25.8,51.9,0.0,0.2,1.2,109.0,849.9,19.0,0,6401,859
2025-11-12 12:20:20,25.1,49.6,0.0,1.7,4.0,75.0,849.6,18.0,0,1955,434
2025-11-12 12:35:25,26.6,46.7,0.0,1.0,2.8,84.0,849.3,18.8,0,9654,1147
2025-11-12 12:50:47,25.5,47.3,0.0,1.5,3.7,56.0,849.2,18.0,0,1844,423
2025-11-12 13:05:52,25.3,48.0,0.0,0.7,1.7,51.0,849.0,17.9,0,8780,1059
2025-11-12 13:20:57,27.0,43.8,0.0,1.2,2.2,81.0,848.8,18.7,0,2281,468
2025-11-12 13:36:01,27.8,45.8,0.0,1.1,2.6,84.0,848.7,19.7,0,2151,454
2025-11-12 13:51:06,27.5,46.0,0.0,0.2,0.7,86.0,848.6,19.4,0,7692,956
2025-11-12 14:06:11,26.2,45.1,0.0,1.1,3.1,77.0,848.4,18.3,0,7704,960
2025-11-12 14:21:16,26.7,42.7,0.0,1.2,3.3,61.0,848.1,18.2,0,6885,888
2025-11-12 14:36:20,28.0,38.9,0.0,1.4,2.4,67.0,847.9,18.6,0,6716,872
2025-11-12 14:51:25,28.1,38.9,0.0,1.9,4.6,86.0,847.8,18.7,0,5558,766
2025-11-12 15:06:29,28.8,38.2,0.0,1.6,3.5,80.0,847.6,19.1,0,4656,683
2025-11-12 15:21:54,28.0,39.9,0.0,1.2,2.2,81.0,847.5,18.8,0,5266,733
2025-11-12 15:37:20,28.0,39.3,0.0,1.7,2.8,78.0,847.5,18.7,0,4885,692
2025-11-12 15:52:38,28.7,39.3,0.0,0.8,1.3,110.0,847.4,19.3,0,1870,428
2025-11-12 16:07:54,28.2,39.0,0.0,0.1,0.4,135.0,847.4,18.8,0,3553,573
2025-11-12 16:22:58,28.0,38.7,0.0,0.5,1.1,120.0,847.4,18.6,0,3159,533
2025-11-12 16:38:03,28.1,38.9,0.0,0.3,1.3,118.0,847.5,18.7,0,2687,488
2025-11-12 16:53:08,27.8,38.7,0.0,2.8,4.4,89.0,847.6,18.5,0,2091,430
2025-11-12 17:08:12,25.8,44.6,0.0,1.0,2.2,90.0,847.6,17.8,0,636,310
2025-11-12 17:23:17,25.0,45.4,0.0,0.8,1.7,118.0,847.7,17.3,0,597,304
2025-11-12 17:38:22,24.6,47.0,0.0,0.5,1.3,63.0,847.8,17.2,0,540,295
2025-11-12 17:53:26,24.1,49.2,0.0,1.2,2.0,83.0,847.9,17.1,0,482,286
2025-11-12 18:08:31,23.7,51.2,0.0,0.2,0.4,112.0,848.1,17.0,0,362,272
2025-11-12 18:24:08,23.1,52.9,0.0,0.2,0.8,84.0,848.3,16.8,0,285,264
2025-11-12 18:39:12,22.7,54.5,0.0,0.5,0.9,82.0,848.7,16.7,0,255,259
2025-11-12 18:54:17,22.1,57.2,0.0,0.0,0.0,91.0,848.8,16.5,0,253,259
2025-11-12 19:09:22,21.4,60.0,0.0,0.4,0.9,79.0,848.9,16.3,0,253,261
2025-11-12 19:24:27,21.2,60.9,0.0,0.2,0.6,98.0,849.1,16.2,0,253,260
2025-11-12 19:39:32,21.1,61.8,0.0,0.0,0.2,93.0,849.3,16.2,0,253,261
2025-11-12 19:54:38,20.9,63.1,0.0,0.1,0.4,71.0,849.4,16.2,0,254,261
2025-11-12 20:10:01,20.6,64.5,0.0,0.0,0.2,76.0,849.6,16.2,0,253,260
2025-11-12 20:25:06,20.3,66.1,0.0,0.1,0.4,80.0,849.9,16.0,0,253,260
2025-11-12 20:40:11,20.2,67.2,0.0,0.6,1.6,82.0,850.0,16.1,0,252,260
2025-11-12 20:55:15,20.3,68.4,0.0,0.1,0.7,143.0,850.3,16.3,0,253,261
2025-11-12 21:10:20,20.1,70.5,0.0,0.0,0.2,122.0,850.3,16.4,0,253,261
2025-11-12 21:25:25,19.8,71.7,0.0,0.0,0.0,113.0,850.6,16.3,0,254,261
2025-11-12 21:40:30,19.3,73.6,0.0,0.0,0.2,60.0,850.7,16.1,0,254,262
2025-11-12 21:55:36,19.0,75.4,0.0,0.3,1.1,68.0,850.9,16.0,0,253,260
2025-11-12 22:10:41,18.8,76.8,0.0,0.2,0.4,68.0,850.9,16.0,0,253,260
2025-11-12 22:25:45,18.3,78.7,0.0,0.0,0.0,68.0,850.7,15.7,0,254,260
2025-11-12 22:41:08,17.9,80.6,0.0,0.0,0.0,68.0,850.7,15.5,0,253,261
2025-11-12 22:56:13,17.6,82.1,0.0,0.0,0.0,68.0,850.7,15.4,0,254,261
2025-11-12 23:11:17,17.3,83.2,0.0,0.0,0.0,68.0,850.7,15.3,0,253,261
2025-11-12 23:26:22,17.1,84.9,0.0,0.2,0.4,68.0,850.5,15.4,0,253,260
2025-11-12 23:41:27,16.9,84.5,0.0,0.1,0.2,68.0,850.3,15.1,0,254,260
2025-11-12 23:56:32,16.8,85.6,0.0,0.1,0.4,68.0,850.2,15.1,0,254,261
2025-11-13 00:11:37,16.7,86.0,0.0,0.0,0.2,69.0,850.1,15.1,0,254,261
2025-11-13 00:26:42,16.7,86.8,0.0,0.0,0.0,69.0,850.1,15.2,0,253,260
2025-11-13 00:41:46,16.8,87.3,0.0,0.0,0.0,69.0,850.1,15.3,0,253,261
2025-11-13 00:56:51,17.0,86.8,0.0,0.0,0.2,62.0,850.0,15.5,0,253,261
2025-11-13 01:12:15,16.9,87.0,0.0,0.1,0.2,62.0,849.8,15.4,0,254,261
2025-11-13 01:27:21,16.6,87.7,0.0,0.0,0.2,62.0,849.7,15.2,0,254,259
2025-11-13 01:42:26,16.4,88.9,0.0,0.1,0.4,62.0,849.6,15.1,0,253,260
2025-11-13 01:57:31,16.2,90.2,0.0,0.0,0.0,62.0,849.7,15.0,0,254,260
2025-11-13 02:12:36,16.0,90.4,0.0,0.0,0.0,62.0,849.8,14.9,0,252,261
2025-11-13 02:28:22,16.1,90.9,0.0,0.0,0.0,62.0,849.8,15.0,0,254,259
2025-11-13 02:43:27,16.4,91.5,0.0,0.0,0.0,62.0,849.7,15.4,0,253,260
2025-11-13 02:58:31,16.4,91.1,0.0,0.4,0.7,61.0,849.4,15.4,0,253,261
2025-11-13 03:00:32,16.4,91.0,0.0,0.0,0.2,62.0,849.5,15.4,0,253,260
2025-11-13 03:15:36,16.1,90.6,0.0,0.0,0.0,61.0,849.5,15.0,0,252,261
2025-11-13 03:30:41,16.1,91.2,0.0,0.0,0.2,61.0,849.6,15.1,0,253,260
2025-11-13 03:45:44,16.3,91.7,0.0,0.1,0.2,61.0,849.8,15.3,0,253,258
2025-11-13 04:01:08,16.6,92.1,1.0,0.0,0.0,119.0,849.7,15.6,0,255,260
2025-11-13 04:16:13,16.6,92.2,0.19999999999999996,0.0,0.0,119.0,849.8,15.7,0,254,261
2025-11-13 04:31:17,16.8,92.3,0.40000000000000013,0.0,0.2,119.0,850.0,15.9,0,253,259
2025-11-13 04:46:22,17.0,92.7,1.0,0.1,0.2,119.0,849.9,16.1,0,252,260
2025-11-13 05:01:27,17.1,92.9,0.0,0.9,1.7,95.0,850.3,16.3,0,252,261
2025-11-13 05:16:31,17.1,92.9,0.0,0.1,0.4,99.0,850.3,16.3,0,253,260
2025-11-13 05:31:36,17.2,93.0,0.0,0.3,1.1,85.0,850.4,16.3,0,254,260
2025-11-13 05:46:41,17.1,93.0,0.0,0.1,0.7,156.0,850.5,16.3,0,253,261
2025-11-13 06:01:46,17.0,92.9,0.0,0.8,1.5,84.0,850.8,16.2,0,260,261
2025-11-13 06:16:51,17.1,92.9,0.0,0.6,1.3,94.0,850.9,16.2,0,290,264
2025-11-13 06:32:15,17.1,93.0,0.0,0.7,1.3,91.0,851.2,16.3,0,413,274
2025-11-13 06:47:19,17.2,93.0,0.0,1.0,1.5,128.0,851.3,16.4,0,843,313
2025-11-13 07:02:20,17.5,92.9,0.0,0.5,1.1,98.0,851.5,16.6,0,620,297
2025-11-13 07:17:25,17.6,92.5,0.0,0.1,0.4,70.0,851.8,16.7,0,1488,371
2025-11-13 07:32:30,18.0,91.2,0.0,0.5,1.1,82.0,851.9,16.9,0,906,327
2025-11-13 07:47:34,18.4,90.4,0.0,0.3,0.4,94.0,852.1,17.2,0,1022,339
2025-11-13 08:02:39,18.6,88.4,0.0,0.2,0.7,87.0,852.3,17.2,0,2719,483
2025-11-13 08:17:44,18.7,86.1,0.0,0.1,0.4,83.0,852.3,17.0,0,1061,347
2025-11-13 08:32:48,19.5,83.4,0.0,0.2,0.7,64.0,852.4,17.5,0,4068,610
2025-11-13 08:48:39,19.7,80.9,0.0,0.7,2.2,75.0,852.4,17.4,0,2036,432
2025-11-13 09:03:44,20.6,76.7,0.0,0.7,1.7,90.0,852.4,17.7,0,1396,373
2025-11-13 09:18:49,19.8,78.7,0.0,0.4,0.9,77.0,852.3,17.2,0,1678,394
2025-11-13 09:34:28,20.5,77.5,0.0,0.3,0.7,59.0,852.3,17.7,0,1677,402
2025-11-13 09:49:33,21.5,73.2,0.0,0.8,2.8,75.0,852.4,18.1,0,1768,409
2025-11-13 10:04:38,20.7,73.9,0.0,1.1,2.6,90.0,852.4,17.4,0,1993,430
2025-11-13 10:19:42,22.6,67.6,0.0,0.6,1.3,54.0,852.2,18.4,0,3985,613
2025-11-13 10:35:28,22.9,70.2,0.0,0.1,0.4,35.0,852.0,19.0,0,7923,988
2025-11-13 10:50:33,23.6,62.4,0.0,0.4,1.1,80.0,851.9,18.6,0,8284,1022
2025-11-13 11:05:38,25.0,60.2,0.0,0.2,0.6,111.0,851.7,19.5,0,2132,454
2025-11-13 11:20:42,23.5,62.6,0.0,0.7,1.5,144.0,851.7,18.5,0,2968,522
2025-11-13 11:35:47,23.6,60.1,0.0,0.2,0.7,163.0,851.4,18.3,0,10192,1191
2025-11-13 11:50:52,23.5,61.2,0.0,1.8,4.1,78.0,851.3,18.4,0,8545,1040
2025-11-13 12:05:57,23.4,58.4,0.0,1.1,2.0,67.0,851.0,17.9,0,8534,1044
2025-11-13 12:21:01,24.7,55.2,0.0,1.6,3.7,110.0,850.6,18.5,0,8936,1091
2025-11-13 12:36:06,24.0,56.9,0.0,1.2,2.4,60.0,850.2,18.2,0,8830,1071
2025-11-13 12:51:28,25.6,52.4,0.0,1.7,2.6,75.0,849.9,18.9,0,9122,1104
2025-11-13 13:06:33,26.1,49.5,0.0,0.4,2.2,176.0,849.7,18.9,0,9578,1145
2025-11-13 13:21:38,25.4,52.1,0.0,1.3,2.4,100.0,849.6,18.6,0,2106,440
2025-11-13 13:37:20,25.8,52.9,0.0,1.6,3.7,75.0,849.3,19.1,0,10320,1191
2025-11-13 13:52:31,26.8,49.7,0.0,0.3,0.8,120.0,849.0,19.5,0,2339,473
2025-11-13 14:07:36,25.8,55.1,0.0,1.8,3.3,76.0,848.9,19.5,0,6818,886
2025-11-13 14:22:41,26.5,53.4,0.0,1.0,1.4,61.0,848.5,19.8,0,2678,502
2025-11-13 14:37:45,25.8,50.8,0.0,1.3,2.0,74.0,848.5,18.8,0,7603,941
2025-11-13 14:52:50,25.5,52.8,0.0,0.8,3.3,86.0,848.4,18.9,0,2621,493
2025-11-13 15:07:54,24.0,61.1,0.0,1.1,2.6,134.0,848.4,18.7,0,1717,401
2025-11-13 15:23:32,18.2,85.7,6.8,1.1,2.2,137.0,849.2,16.5,0,641,302
2025-11-13 15:38:37,18.0,88.8,2.8,0.1,0.9,128.0,848.9,16.7,0,1152,346
2025-11-13 15:53:42,18.1,89.1,0.20000000000000107,0.0,0.2,121.0,848.8,16.8,0,1487,379
2025-11-13 16:08:46,18.0,86.8,0.0,0.0,0.2,139.0,848.7,16.5,0,1338,372
2025-11-13 16:23:51,19.5,83.8,0.0,0.5,1.5,139.0,848.7,17.6,0,1971,433
2025-11-13 16:38:56,21.0,77.9,0.0,0.4,1.1,41.0,848.7,18.3,0,2902,506
2025-11-13 16:54:00,22.4,68.5,0.0,0.8,1.5,109.0,848.6,18.3,0,2087,434
2025-11-13 17:09:43,21.7,70.4,0.0,0.8,1.5,149.0,848.7,17.9,0,574,305
2025-11-13 17:24:48,21.2,74.2,0.0,0.3,0.9,82.0,848.6,17.9,0,541,299
2025-11-13 17:39:53,21.0,76.0,0.0,0.2,0.7,134.0,848.7,18.0,0,461,289
2025-11-13 17:54:58,20.6,75.2,0.0,0.4,1.1,67.0,849.0,17.5,0,397,279
2025-11-13 18:10:02,20.2,77.0,0.0,0.1,0.7,141.0,849.1,17.3,0,320,268
2025-11-13 18:25:07,19.8,77.9,0.0,0.3,1.5,140.0,849.2,17.1,0,264,262
2025-11-13 18:40:12,19.4,79.8,0.0,0.0,0.0,140.0,849.4,17.0,0,254,261
2025-11-13 18:55:17,19.2,80.6,0.0,0.0,0.0,140.0,849.7,16.8,0,254,261
2025-11-13 19:10:39,19.0,81.9,0.0,0.1,0.2,140.0,849.8,16.8,0,253,259
2025-11-13 19:25:44,18.8,82.4,0.0,0.0,0.0,112.0,850.0,16.7,0,254,260
2025-11-13 19:40:48,18.6,83.3,0.0,0.1,0.2,62.0,850.2,16.6,0,254,259
2025-11-13 19:55:53,18.3,85.1,0.0,0.0,0.0,61.0,850.5,16.5,0,254,259
2025-11-13 20:10:58,17.9,86.9,0.0,0.0,0.0,61.0,850.7,16.3,0,253,260
2025-11-13 20:26:02,17.8,87.2,0.0,0.0,0.2,57.0,850.9,16.3,0,253,260
2025-11-13 20:41:07,17.8,87.2,0.0,0.1,0.2,57.0,851.2,16.3,0,253,261
2025-11-13 20:56:12,17.9,86.5,0.0,0.1,0.4,119.0,851.3,16.2,0,253,260
2025-11-13 21:11:17,17.7,86.7,0.0,0.0,0.2,119.0,851.4,16.1,0,253,260
2025-11-13 21:26:53,17.4,87.9,0.0,0.2,0.7,119.0,851.5,16.0,0,253,260
2025-11-13 21:41:58,17.2,88.7,0.0,0.1,0.4,119.0,851.6,15.9,0,254,261
2025-11-13 21:57:43,17.1,88.7,0.0,0.0,0.0,119.0,851.8,15.7,0,254,261
2025-11-13 22:12:48,17.0,89.3,0.0,0.0,0.0,119.0,851.7,15.7,0,253,261
2025-11-13 22:29:06,16.6,89.6,0.0,0.1,0.2,119.0,851.7,15.4,0,253,260
2025-11-13 22:44:19,16.7,90.6,0.0,0.4,0.7,119.0,851.6,15.6,0,254,260
2025-11-13 22:59:24,16.5,90.4,0.0,0.1,0.4,119.0,851.7,15.4,0,253,260
2025-11-13 23:14:48,16.5,90.7,0.0,0.1,0.6,119.0,851.6,15.4,0,253,260
2025-11-13 23:29:53,16.5,90.3,0.0,0.0,0.0,119.0,851.4,15.4,0,253,261
2025-11-13 23:45:41,16.6,90.0,0.0,0.1,0.2,119.0,851.3,15.4,0,253,260
2025-11-14 00:01:03,16.4,90.1,0.0,0.3,0.7,118.0,851.2,15.3,0,254,260
2025-11-14 00:16:07,16.2,90.5,0.0,0.0,0.0,119.0,851.1,15.1,0,253,260
2025-11-14 00:31:12,16.2,91.1,0.0,0.0,0.0,119.0,850.9,15.1,0,253,258
2025-11-14 00:46:17,16.1,91.3,0.0,0.0,0.2,119.0,851.0,15.0,0,254,259
2025-11-14 01:01:22,15.9,91.6,0.0,0.0,0.0,119.0,850.6,15.0,0,252,260
2025-11-14 01:16:27,15.8,91.7,0.0,0.0,0.0,119.0,850.5,14.8,0,253,261
2025-11-14 01:31:32,15.6,91.9,0.0,0.0,0.2,119.0,850.4,14.6,0,253,260
2025-11-14 01:46:54,15.5,92.2,0.0,0.0,0.0,119.0,850.3,14.6,0,252,261
2025-11-14 02:01:59,15.1,92.1,0.0,0.0,0.0,119.0,850.2,14.2,0,254,261
2025-11-14 02:17:03,15.0,92.2,0.0,0.0,0.0,119.0,850.2,14.1,0,253,260
2025-11-14 02:32:08,14.8,92.4,0.0,0.0,0.0,119.0,850.2,13.9,0,254,260
2025-11-14 02:47:16,14.8,92.6,0.0,0.0,0.0,119.0,850.1,13.9,0,253,261
2025-11-14 03:00:40,14.7,92.7,0.0,0.0,0.0,119.0,850.0,13.8,0,254,261
2025-11-14 03:15:45,14.5,92.8,0.0,0.0,0.0,119.0,850.0,13.7,0,254,261
2025-11-14 03:30:50,14.4,92.9,0.0,0.0,0.0,119.0,850.0,13.6,0,254,261
2025-11-14 03:45:54,14.5,93.2,0.0,0.0,0.0,119.0,850.0,13.7,0,254,259
2025-11-14 04:01:51,14.8,93.4,0.0,0.0,0.2,119.0,850.0,14.0,0,254,259
2025-11-14 04:16:56,14.5,93.3,0.0,0.0,0.0,119.0,850.0,13.7,0,254,261
2025-11-14 04:32:01,14.5,93.4,0.0,0.0,0.0,119.0,850.2,13.7,0,253,259
2025-11-14 04:47:05,14.3,93.3,0.0,0.0,0.0,119.0,850.2,13.5,0,253,261
2025-11-14 05:02:10,14.2,93.4,0.0,0.0,0.0,119.0,850.4,13.5,0,253,261
2025-11-14 05:17:14,14.1,93.4,0.0,0.0,0.0,119.0,850.5,13.3,0,253,261
2025-11-14 05:32:19,14.1,93.5,0.0,0.0,0.0,119.0,850.6,13.3,0,253,260
2025-11-14 05:47:24,14.4,93.7,0.0,0.0,0.0,119.0,850.7,13.6,0,253,261
2025-11-14 06:02:47,14.5,93.8,0.0,0.0,0.0,119.0,850.9,13.8,0,263,262
2025-11-14 06:17:52,14.5,93.8,0.0,0.0,0.0,119.0,851.0,13.7,0,326,267
2025-11-14 06:32:56,14.9,94.0,0.0,0.0,0.0,119.0,851.1,14.2,0,512,285
2025-11-14 06:48:01,15.1,93.9,0.0,0.0,0.0,119.0,851.3,14.4,0,674,301
2025-11-14 07:03:06,15.4,93.9,0.0,0.0,0.2,119.0,851.5,14.7,0,667,302
2025-11-14 07:18:11,15.6,93.6,0.0,0.1,0.4,119.0,851.8,14.8,0,720,306
2025-11-14 07:33:16,15.9,92.7,0.0,0.2,0.7,119.0,852.1,15.1,0,1095,339
2025-11-14 07:48:20,16.7,90.7,0.0,0.6,1.1,119.0,852.3,15.6,0,2503,463
2025-11-14 08:03:26,18.1,86.2,0.0,0.4,1.3,101.0,852.2,16.5,0,1985,429
2025-11-14 08:18:31,18.5,84.4,0.0,0.5,0.9,103.0,852.3,16.7,0,1607,391
2025-11-14 08:34:04,19.1,82.9,0.0,0.8,2.2,90.0,852.2,17.0,0,2104,442
2025-11-14 08:50:02,20.2,79.3,0.0,0.5,1.5,106.0,852.3,17.6,0,5062,699
2025-11-14 09:05:07,20.9,76.6,0.0,0.5,1.5,97.0,852.5,18.0,0,2386,470
2025-11-14 09:21:05,20.3,77.3,0.0,0.3,0.7,117.0,852.6,17.5,0,1904,426
2025-11-14 09:36:31,19.9,77.8,0.0,0.5,1.1,36.0,852.6,17.1,0,1002,330
2025-11-14 09:51:36,20.5,74.7,0.0,1.2,2.4,95.0,852.3,17.3,0,5060,715
2025-11-14 10:06:59,21.4,71.7,0.0,0.8,1.5,69.0,852.3,17.8,0,3813,601
2025-11-14 10:22:03,21.8,69.1,0.0,1.3,2.4,67.0,852.3,17.9,0,4021,621
2025-11-14 10:37:08,23.8,64.7,0.0,0.8,2.0,94.0,852.1,19.1,0,2890,526
2025-11-14 10:52:13,23.6,63.4,0.0,0.8,1.7,72.0,851.9,18.7,0,2432,475
2025-11-14 11:07:18,23.5,60.9,0.0,0.8,2.0,72.0,851.7,18.3,0,6678,872
2025-11-14 11:23:18,23.3,60.1,0.0,0.6,1.7,35.0,851.5,18.0,0,8388,1030
2025-11-14 11:38:30,24.2,57.5,0.0,1.1,1.7,71.0,851.3,18.4,0,3121,548
2025-11-14 11:53:35,24.3,57.7,0.0,1.2,2.4,70.0,851.3,18.5,0,9451,1127
2025-11-14 12:08:40,23.9,61.0,0.0,0.2,0.7,71.0,851.0,18.6,0,4099,644
2025-11-14 12:24:07,25.4,52.9,0.0,1.5,3.1,150.0,850.5,18.8,0,9431,1127
2025-11-14 12:39:37,25.4,52.1,0.0,1.1,2.2,52.0,850.3,18.6,0,5020,727
2025-11-14 12:55:10,25.4,52.1,0.0,1.5,3.5,113.0,850.1,18.7,0,3466,575
2025-11-14 13:10:29,26.2,53.0,0.0,0.2,0.9,96.0,849.7,19.5,0,8221,1024
2025-11-14 13:25:34,26.6,48.8,0.0,0.6,2.0,108.0,849.5,19.2,0,8339,1033
2025-11-14 13:41:20,26.5,48.2,0.0,0.8,3.7,87.0,849.4,19.0,0,8189,1016
2025-11-14 13:56:30,28.0,48.5,0.0,1.0,2.6,69.0,849.1,20.3,0,8013,1003
2025-11-14 14:12:18,26.8,46.9,0.0,1.2,3.1,136.0,848.9,19.1,0,7456,948
2025-11-14 14:27:23,26.4,50.1,0.0,0.3,1.3,139.0,848.6,19.2,0,7880,975
2025-11-14 14:42:25,27.4,48.3,0.0,1.5,3.7,78.0,848.4,19.7,0,6534,858
2025-11-14 14:58:15,27.9,44.2,0.0,1.6,4.1,138.0,848.4,19.5,0,6058,815
2025-11-14 15:13:15,27.3,46.8,0.0,1.7,3.9,80.0,848.2,19.4,0,5502,762
2025-11-14 15:28:19,27.1,45.0,0.0,1.0,2.4,87.0,848.2,19.0,0,4976,710
2025-11-14 15:43:25,26.8,45.3,0.0,1.9,3.3,114.0,848.0,18.7,0,4508,666
2025-11-14 15:59:18,27.1,46.7,0.0,0.8,1.5,145.0,848.1,19.3,0,4149,629
2025-11-14 16:14:23,26.7,48.2,0.0,1.3,2.6,84.0,848.0,19.1,0,867,332
2025-11-14 16:29:28,25.6,47.2,0.0,0.9,2.0,100.0,848.1,18.1,0,2688,490
2025-11-14 16:44:33,25.4,48.2,0.0,1.8,4.1,82.0,847.9,18.0,0,1225,361
2025-11-14 16:59:36,25.2,47.5,0.0,1.2,4.4,86.0,848.0,17.7,0,922,332
2025-11-14 17:14:41,24.2,51.3,0.0,0.8,3.5,76.0,848.1,17.5,0,801,321
2025-11-14 17:29:47,23.7,54.0,0.0,0.8,2.4,68.0,848.2,17.5,0,666,308
2025-11-14 17:44:51,23.2,55.4,0.0,0.6,2.4,112.0,848.2,17.2,0,552,296
2025-11-14 18:00:14,22.7,57.4,0.0,1.1,2.2,72.0,848.3,17.1,0,442,280
2025-11-14 18:15:19,22.2,59.0,0.0,0.8,1.3,82.0,848.5,16.9,0,297,265
2025-11-14 18:30:24,21.7,61.3,0.0,0.2,0.6,95.0,848.9,16.7,0,256,260
2025-11-14 18:45:29,21.4,64.3,0.0,0.3,0.7,120.0,849.0,16.8,0,252,260
2025-11-14 19:00:34,21.2,66.9,0.0,0.6,1.1,75.0,849.2,17.0,0,253,261
2025-11-14 19:16:24,20.8,69.6,0.0,0.1,0.4,84.0,849.2,17.0,0,253,261
2025-11-14 19:31:29,20.5,71.9,0.0,0.0,0.0,87.0,849.5,17.0,0,254,260
2025-11-14 19:46:34,20.3,73.0,0.0,0.1,0.4,92.0,849.8,17.0,0,253,260
2025-11-14 20:01:40,20.2,73.8,0.0,0.0,0.4,91.0,849.9,16.9,0,254,261
2025-11-14 20:17:21,19.9,75.0,0.0,0.0,0.0,84.0,850.3,16.8,0,253,261
2025-11-14 20:32:27,19.4,76.7,0.0,0.1,0.4,84.0,850.4,16.6,0,253,261
2025-11-14 20:47:41,19.0,79.1,0.0,0.0,0.2,84.0,850.9,16.4,0,253,261
2025-11-14 21:02:41,18.8,79.5,0.0,0.1,0.4,90.0,851.1,16.3,0,253,261
2025-11-14 21:17:46,18.5,79.4,0.0,0.0,0.2,90.0,851.1,16.0,0,253,260
2025-11-14 21:32:51,18.4,79.6,0.0,0.2,0.7,90.0,851.2,15.9,0,254,261
2025-11-14 21:47:57,18.6,78.8,0.0,0.0,0.2,90.0,851.2,16.1,0,254,259
2025-11-14 22:03:22,18.4,79.9,0.0,0.2,0.4,90.0,851.4,15.9,0,253,260
2025-11-14 22:18:27,18.1,81.3,0.0,0.1,0.2,90.0,851.4,15.9,0,253,260
2025-11-14 22:33:32,17.9,83.1,0.0,0.1,0.4,90.0,851.3,15.9,0,253,259
2025-11-14 22:48:43,17.6,84.9,0.0,0.2,0.4,90.0,851.2,15.9,0,254,260
2025-11-14 23:03:48,17.5,86.1,0.0,0.4,1.1,90.0,851.2,15.9,0,254,259
2025-11-14 23:19:30,17.5,86.8,0.0,0.0,0.2,90.0,851.2,15.9,0,254,260
2025-11-14 23:34:36,17.3,87.1,0.0,0.0,0.0,90.0,851.2,15.8,0,254,259
2025-11-14 23:49:41,17.1,87.9,0.0,0.0,0.2,90.0,851.1,15.7,0,254,260
2025-11-15 00:04:45,17.0,88.7,0.0,0.2,0.7,90.0,850.9,15.7,0,255,259
2025-11-15 00:19:50,16.9,88.9,0.0,0.0,0.0,90.0,850.9,15.6,0,253,260
2025-11-15 00:34:55,16.8,89.7,0.0,0.0,0.0,90.0,850.7,15.5,0,252,260
2025-11-15 00:50:00,16.6,90.2,0.0,0.0,0.0,90.0,850.6,15.4,0,253,260
2025-11-15 01:05:05,16.4,90.6,0.0,0.0,0.0,90.0,850.7,15.3,0,253,258
2025-11-15 01:20:09,16.4,91.4,0.0,0.0,0.0,90.0,850.5,15.4,0,254,261
2025-11-15 01:35:33,16.5,91.7,0.0,0.0,0.2,90.0,850.5,15.5,0,253,259
2025-11-15 01:50:38,16.2,91.6,0.0,0.1,0.2,90.0,850.3,15.3,0,254,260
2025-11-15 02:06:15,16.3,91.3,0.0,0.1,0.4,90.0,850.1,15.3,0,254,261
2025-11-15 02:21:39,16.3,90.3,0.0,0.2,0.4,90.0,850.0,15.2,0,253,259
2025-11-15 02:36:44,16.4,90.1,0.0,0.0,0.0,90.0,849.9,15.3,0,254,260
2025-11-15 02:51:49,16.5,89.1,0.0,0.1,0.4,90.0,849.9,15.2,0,253,260
2025-11-15 03:00:51,16.6,88.8,0.0,0.1,0.4,90.0,849.9,15.3,0,254,260
2025-11-15 03:15:56,16.6,88.0,0.0,0.2,0.4,90.0,849.7,15.1,0,254,260
2025-11-15 03:31:00,16.5,88.1,0.0,0.0,0.2,90.0,849.7,15.1,0,254,260
2025-11-15 03:46:05,16.4,86.8,0.0,0.1,0.4,90.0,849.6,14.8,0,253,260
2025-11-15 04:01:09,16.0,86.9,0.0,0.0,0.0,90.0,849.7,14.5,0,253,261
2025-11-15 04:16:14,15.6,88.1,0.0,0.0,0.0,90.0,849.8,14.2,0,254,260
2025-11-15 04:31:19,15.3,88.5,0.0,0.1,0.4,90.0,849.9,13.9,0,254,260
2025-11-15 04:46:43,15.1,88.7,0.0,0.0,0.2,90.0,850.0,13.8,0,254,262
2025-11-15 05:01:47,14.9,89.3,0.0,0.0,0.2,90.0,850.1,13.7,0,254,259
2025-11-15 05:16:52,14.6,89.5,0.0,0.1,0.2,90.0,850.2,13.4,0,253,259
2025-11-15 05:31:57,14.3,89.8,0.0,0.0,0.0,90.0,850.3,13.2,0,253,260
2025-11-15 05:47:01,14.1,90.6,0.0,0.0,0.2,90.0,850.4,13.0,0,254,259
2025-11-15 06:02:06,13.9,90.9,0.0,0.0,0.2,90.0,850.6,12.9,0,266,261
2025-11-15 06:17:11,13.8,90.8,0.0,0.2,0.4,90.0,850.8,12.7,0,313,266
2025-11-15 06:32:16,13.6,91.0,0.0,0.0,0.0,90.0,851.0,12.6,0,415,280
2025-11-15 06:47:22,13.8,91.4,0.0,0.0,0.0,90.0,851.2,12.8,0,549,293
2025-11-15 07:02:47,14.4,87.6,0.0,0.4,0.7,90.0,851.4,13.0,0,984,329
2025-11-15 07:17:51,15.0,85.2,0.0,0.2,0.4,90.0,851.5,13.3,0,813,323
2025-11-15 07:32:56,15.9,83.3,0.0,0.2,0.4,90.0,851.6,14.0,0,888,333
2025-11-15 07:48:01,17.1,82.3,0.0,0.2,0.4,90.0,851.7,15.0,0,2177,438
2025-11-15 08:03:05,18.9,78.3,0.0,0.1,0.2,87.0,851.8,16.3,0,2511,469
2025-11-15 08:18:10,20.4,75.3,0.0,0.7,1.1,88.0,851.9,17.3,0,3311,540
2025-11-15 08:33:14,22.0,70.2,0.0,0.7,1.3,82.0,851.9,18.2,0,4962,685
2025-11-15 08:48:19,22.4,68.0,0.0,0.9,1.3,162.0,851.9,18.3,0,5052,703
2025-11-15 09:03:24,24.1,61.4,0.0,0.2,0.4,90.0,851.9,18.9,0,1922,420
2025-11-15 09:18:28,21.7,68.4,0.0,0.2,0.7,90.0,851.9,17.7,0,1624,398
2025-11-15 09:33:53,20.6,71.9,0.0,0.5,0.9,90.0,851.8,17.1,0,1292,361
2025-11-15 09:48:58,21.4,68.5,0.0,0.9,1.5,351.0,851.5,17.4,0,2462,475
2025-11-15 10:04:46,23.0,63.5,0.0,0.3,0.9,96.0,851.4,18.2,0,2104,445
2025-11-15 10:19:55,22.6,61.9,0.0,1.2,2.0,101.0,851.3,17.6,0,2175,471
2025-11-15 10:34:59,25.1,56.7,0.0,0.5,1.3,128.0,851.1,19.1,0,2163,466
2025-11-15 10:50:05,24.5,54.6,0.0,1.6,3.5,60.0,850.9,18.3,0,1807,427
2025-11-15 11:05:40,24.7,53.3,0.0,0.7,1.7,147.0,850.7,18.2,0,8246,1010
2025-11-15 11:20:56,24.8,51.9,0.0,0.4,1.1,133.0,850.5,18.1,0,8664,1053
2025-11-15 11:36:01,25.7,50.3,0.0,0.6,2.2,128.0,850.3,18.7,0,8740,1061
2025-11-15 11:51:12,27.0,47.1,0.0,0.9,2.0,80.0,850.0,19.2,0,8552,1050
2025-11-15 12:07:05,26.4,45.7,0.0,1.1,2.4,179.0,849.7,18.5,0,8587,1049
2025-11-15 12:22:10,27.1,43.2,0.0,0.7,2.6,144.0,849.5,18.7,0,8551,1047
2025-11-15 12:37:15,27.0,44.2,0.0,1.2,2.4,46.0,849.3,18.7,0,8343,1026
2025-11-15 12:52:19,27.1,43.5,0.0,1.2,2.2,81.0,849.3,18.7,0,8372,1030
2025-11-15 13:07:38,27.4,42.7,0.0,1.0,1.7,72.0,849.0,18.8,0,8258,1018
2025-11-15 13:23:01,27.5,44.3,0.0,1.0,3.1,89.0,848.8,19.2,0,8030,996
2025-11-15 13:38:06,28.3,41.8,0.0,0.2,1.4,91.0,848.5,19.4,0,7707,966
2025-11-15 13:53:11,27.5,42.0,0.0,0.7,1.7,41.0,848.4,18.8,0,7531,950
2025-11-15 14:09:09,28.2,41.6,0.0,1.6,2.8,71.0,848.2,19.3,0,7207,922
2025-11-15 14:24:15,28.9,42.8,0.0,0.4,1.3,64.0,848.0,20.1,0,6801,881
2025-11-15 14:39:19,27.9,44.7,0.0,0.8,3.5,103.0,847.8,19.6,0,6700,866
2025-11-15 14:54:23,28.5,43.0,0.0,1.3,2.0,102.0,847.7,19.8,0,6111,815
2025-11-15 15:09:28,29.5,40.7,0.0,1.0,2.2,106.0,847.6,20.1,0,5488,757
2025-11-15 15:24:33,29.3,38.7,0.0,1.1,2.8,92.0,847.4,19.6,0,5031,712
2025-11-15 15:39:38,29.4,40.9,0.0,0.2,0.7,108.0,847.3,20.1,0,4519,661
2025-11-15 15:54:42,29.1,39.5,0.0,1.6,3.3,84.0,847.4,19.6,0,4024,616
2025-11-15 16:09:47,28.7,37.6,0.0,0.2,0.7,196.0,847.4,18.9,0,3690,584
2025-11-15 16:25:17,28.6,36.8,0.0,0.5,2.0,87.0,847.4,18.7,0,3105,529
2025-11-15 16:40:21,27.8,39.1,0.0,0.6,2.8,69.0,847.4,18.5,0,2609,482
2025-11-15 16:55:27,27.0,40.7,0.0,0.4,1.1,113.0,847.4,18.1,0,2028,427
2025-11-15 17:11:25,25.5,45.8,0.0,0.2,1.2,106.0,847.5,17.8,0,629,308
2025-11-15 17:26:29,24.6,49.1,0.0,0.5,2.2,112.0,847.6,17.5,0,550,299
2025-11-15 17:41:34,24.0,51.5,0.0,1.0,3.5,154.0,847.9,17.4,0,488,290
2025-11-15 17:56:39,23.6,54.6,0.0,0.8,1.5,136.0,848.0,17.5,0,424,280
2025-11-15 18:11:44,23.0,56.5,0.0,0.8,2.8,110.0,848.2,17.2,0,321,267
2025-11-15 18:26:49,22.5,57.8,0.0,0.3,0.7,138.0,848.3,16.9,0,262,261
2025-11-15 18:42:16,22.0,61.2,0.0,0.5,1.3,78.0,848.6,17.0,0,254,260
2025-11-15 18:57:21,21.7,63.0,0.0,0.7,1.7,80.0,849.0,16.9,0,254,260
2025-11-15 19:12:27,21.5,64.6,0.0,0.1,0.4,124.0,849.0,17.0,0,255,258
2025-11-15 19:27:31,21.2,65.3,0.0,0.3,0.9,110.0,849.3,16.8,0,253,260
2025-11-15 19:42:36,20.8,65.3,0.0,0.2,0.9,98.0,849.4,16.4,0,253,261
2025-11-15 19:57:41,20.5,67.1,0.0,0.3,0.4,115.0,849.8,16.3,0,253,261
2025-11-15 20:12:46,20.5,67.3,0.0,0.8,1.5,84.0,850.1,16.4,0,254,261
2025-11-15 20:27:51,20.4,68.9,0.0,0.0,0.2,116.0,850.3,16.5,0,255,260
2025-11-15 20:43:17,20.2,70.8,0.0,0.3,1.1,64.0,850.5,16.5,0,253,260
2025-11-15 20:59:48,19.8,72.7,0.0,0.1,0.2,69.0,850.7,16.5,0,253,260
2025-11-15 21:15:45,19.8,73.9,0.0,0.1,0.2,135.0,850.8,16.5,0,253,262
2025-11-15 21:31:16,19.5,74.3,0.0,0.3,0.4,135.0,850.9,16.3,0,254,259
2025-11-15 21:46:21,19.2,76.1,0.0,0.2,0.4,135.0,851.1,16.3,0,253,260
2025-11-15 22:01:25,19.3,77.0,0.0,0.4,1.1,135.0,851.3,16.5,0,253,259
2025-11-15 22:16:30,19.3,76.9,0.0,0.0,0.0,135.0,851.4,16.5,0,254,259
2025-11-15 22:31:35,19.0,77.8,0.0,0.0,0.0,135.0,851.4,16.3,0,253,261
2025-11-15 22:46:41,18.6,79.9,0.0,0.1,0.2,135.0,851.4,16.2,0,253,260
2025-11-15 23:01:46,18.5,80.0,0.0,0.3,0.7,135.0,851.4,16.1,0,253,259
2025-11-15 23:16:51,18.2,79.9,0.0,0.4,0.9,135.0,851.4,15.8,0,253,261
2025-11-15 23:31:56,18.0,81.8,0.0,0.3,0.9,55.0,851.4,15.8,0,254,260
2025-11-15 23:47:01,17.9,82.4,0.0,0.6,1.5,356.0,851.3,15.8,0,253,262
2025-11-16 00:02:24,17.8,83.0,0.0,0.2,0.4,60.0,851.3,15.7,0,253,261
2025-11-16 00:17:29,17.6,83.6,0.0,0.5,0.9,357.0,851.1,15.7,0,254,261
2025-11-16 00:32:34,17.4,83.3,0.0,0.3,0.7,8.0,851.0,15.5,0,254,261
2025-11-16 00:47:39,17.3,83.6,0.0,0.3,0.7,12.0,850.9,15.3,0,253,259
2025-11-16 01:02:59,17.3,82.8,0.0,0.3,0.9,55.0,850.8,15.2,0,254,259
2025-11-16 01:18:23,17.1,82.6,0.0,0.0,0.0,51.0,850.5,15.1,0,253,261
2025-11-16 01:33:28,16.7,84.1,0.0,0.1,0.4,51.0,850.5,14.8,0,253,262
2025-11-16 01:48:33,16.6,85.2,0.0,0.0,0.2,51.0,850.3,14.8,0,253,260
2025-11-16 02:03:37,16.7,84.9,0.0,0.2,0.4,51.0,850.2,14.9,0,253,260
2025-11-16 02:18:42,16.9,84.7,0.0,0.1,0.4,51.0,850.0,15.1,0,252,261
2025-11-16 02:33:46,16.9,85.8,0.0,0.0,0.2,51.0,850.0,15.2,0,254,262
2025-11-16 02:48:51,16.6,86.7,0.0,0.1,0.2,51.0,849.9,15.1,0,253,260
2025-11-16 03:00:55,16.8,87.2,0.0,0.0,0.2,51.0,849.9,15.3,0,253,261
2025-11-16 03:15:59,16.9,86.6,0.0,0.0,0.2,51.0,849.9,15.3,0,254,261
2025-11-16 03:31:04,16.8,86.7,0.0,0.1,0.2,51.0,850.0,15.3,0,254,261
2025-11-16 03:46:28,16.6,87.0,0.0,0.0,0.2,51.0,850.0,15.1,0,253,260
2025-11-16 04:01:33,16.4,88.3,0.0,0.0,0.0,51.0,850.2,15.1,0,254,260
2025-11-16 04:16:38,16.6,88.6,0.0,0.0,0.2,51.0,850.2,15.2,0,254,262
2025-11-16 04:31:42,16.7,88.4,0.0,0.0,0.0,51.0,850.3,15.4,0,253,261
2025-11-16 04:46:47,16.9,88.4,0.0,0.1,0.4,51.0,850.4,15.5,0,253,261
2025-11-16 05:01:52,16.8,88.3,0.0,0.0,0.2,51.0,850.4,15.4,0,254,259
2025-11-16 05:16:57,16.5,88.8,0.0,0.0,0.0,51.0,850.6,15.2,0,253,259
2025-11-16 05:32:01,16.2,89.6,0.0,0.0,0.0,51.0,850.7,15.0,0,254,260
2025-11-16 05:47:06,16.4,90.7,0.0,0.1,0.4,51.0,851.0,15.3,0,254,260
2025-11-16 06:02:11,16.6,90.8,0.0,0.0,0.0,51.0,851.1,15.5,0,266,261
2025-11-16 06:17:34,16.7,91.0,0.0,0.5,0.7,50.0,851.2,15.7,0,297,264
2025-11-16 06:32:38,16.9,91.3,0.0,0.2,0.4,52.0,851.2,15.9,0,396,272
2025-11-16 06:47:43,17.0,90.8,0.0,0.3,0.7,65.0,851.4,15.9,0,430,280
2025-11-16 07:02:48,17.1,90.5,0.0,0.1,0.4,57.0,851.6,15.9,0,368,276
2025-11-16 07:17:53,17.1,90.0,0.0,0.1,0.4,47.0,851.8,15.9,0,669,304
2025-11-16 07:32:58,17.4,89.2,0.0,0.3,0.7,33.0,852.0,16.1,0,856,321
2025-11-16 07:48:02,17.8,87.2,0.0,0.1,0.4,46.0,852.2,16.3,0,1131,338
2025-11-16 08:03:07,18.7,81.4,0.0,0.7,1.1,75.0,852.2,16.5,0,2323,456
2025-11-16 08:18:12,21.0,74.1,0.0,0.3,1.3,40.0,852.3,17.8,0,4364,632
2025-11-16 08:33:17,23.0,63.9,0.0,0.5,0.9,116.0,852.3,18.3,0,2683,499
2025-11-16 08:48:40,23.3,62.4,0.0,1.3,2.0,91.0,852.4,18.4,0,5175,713
2025-11-16 09:03:59,21.8,68.9,0.0,0.0,0.0,58.0,852.4,17.8,0,5219,720
2025-11-16 09:19:04,23.7,59.2,0.0,0.7,1.3,191.0,852.3,18.2,0,3422,574
2025-11-16 09:34:46,23.2,58.8,0.0,0.5,1.1,59.0,852.2,17.7,0,1739,406
2025-11-16 09:49:51,22.5,60.4,0.0,1.1,2.2,65.0,852.2,17.3,0,2410,469
2025-11-16 10:04:56,23.3,60.3,0.0,1.1,2.2,70.0,852.3,18.0,0,2243,463
2025-11-16 10:20:01,24.7,54.2,0.0,0.3,1.7,84.0,852.3,18.4,0,7897,977
2025-11-16 10:35:05,26.7,52.3,0.0,0.6,1.5,53.0,852.0,19.8,0,8715,1055
2025-11-16 10:50:10,24.9,54.1,0.0,0.6,1.5,99.0,851.9,18.6,0,2337,470
2025-11-16 11:05:15,25.5,52.7,0.0,0.1,0.7,122.0,851.7,18.8,0,9128,1095
2025-11-16 11:20:19,26.0,49.8,0.0,0.9,2.2,177.0,851.5,18.8,0,9162,1099
2025-11-16 11:35:24,27.2,46.8,0.0,0.6,1.3,111.0,851.2,19.4,0,9054,1095
2025-11-16 11:50:48,26.6,45.0,0.0,1.3,2.2,81.0,851.1,18.6,0,9626,1144
2025-11-16 12:05:52,25.3,48.9,0.0,1.1,2.6,93.0,850.9,18.1,0,9404,1120
2025-11-16 12:20:57,26.6,47.9,0.0,0.1,0.2,149.0,850.7,19.1,0,9587,1140
2025-11-16 12:36:02,27.9,46.6,0.0,0.2,0.7,49.0,850.7,19.9,0,9641,1149
2025-11-16 12:51:24,27.6,44.4,0.0,1.4,2.6,103.0,850.5,19.2,0,9721,1152
2025-11-16 13:06:29,26.4,46.0,0.0,1.2,3.1,150.0,850.2,18.5,0,8891,1078
2025-11-16 13:21:52,27.3,44.9,0.0,0.4,1.5,98.0,849.9,19.1,0,8842,1072
2025-11-16 13:36:56,27.6,43.5,0.0,0.4,1.3,150.0,849.8,19.1,0,2371,488
2025-11-16 13:52:02,27.7,41.1,0.0,0.8,1.7,160.0,849.7,18.8,0,8127,1007
2025-11-16 14:07:06,28.5,38.9,0.0,1.5,2.8,119.0,849.6,19.0,0,7518,951
2025-11-16 14:22:11,28.0,43.3,0.0,0.5,1.7,70.0,849.4,19.4,0,6959,896
2025-11-16 14:37:15,29.7,38.0,0.0,0.7,3.1,89.0,849.2,19.8,0,2429,497
2025-11-16 14:52:20,28.6,38.7,0.0,1.0,1.5,18.0,849.0,19.0,0,1840,427
2025-11-16 15:07:24,27.5,40.6,0.0,1.3,3.1,112.0,848.9,18.6,0,1567,402
2025-11-16 15:23:16,28.0,42.0,0.0,0.5,2.4,112.0,848.8,19.2,0,7109,897
2025-11-16 15:39:11,27.9,42.5,0.0,0.5,1.1,104.0,848.7,19.2,0,1638,389
2025-11-16 15:54:15,24.8,53.0,0.0,1.7,3.3,115.0,848.9,18.2,0,1652,392
2025-11-16 16:09:21,24.2,56.8,0.0,0.5,1.1,138.0,848.8,18.4,0,1261,353
2025-11-16 16:24:25,23.5,59.9,0.0,0.3,1.3,130.0,848.9,18.1,0,881,318
2025-11-16 16:39:30,23.0,57.6,0.0,0.5,1.7,108.0,849.0,17.4,0,872,319
2025-11-16 16:54:35,23.0,54.5,0.0,0.6,1.5,130.0,848.9,16.9,0,838,315
2025-11-16 17:10:01,22.9,53.9,0.0,1.2,2.6,101.0,849.0,16.8,0,798,312
2025-11-16 17:25:05,22.9,56.3,0.0,0.1,0.4,130.0,849.0,17.1,0,737,307
2025-11-16 17:40:10,22.8,57.5,0.0,0.1,0.2,108.0,849.0,17.1,0,555,293
2025-11-16 17:55:15,22.3,59.0,0.0,1.0,2.8,99.0,849.1,16.9,0,390,279
2025-11-16 18:10:21,21.9,61.3,0.0,0.4,0.9,138.0,849.3,16.9,0,300,267
2025-11-16 18:26:04,21.4,63.2,0.0,0.2,0.9,74.0,849.3,16.7,0,262,261
2025-11-16 18:41:08,21.1,65.2,0.0,0.4,1.1,71.0,849.4,16.7,0,254,260
2025-11-16 18:56:13,20.6,67.8,0.0,0.2,0.4,64.0,849.6,16.6,0,254,261
2025-11-16 19:11:26,20.2,69.4,0.0,0.1,0.2,63.0,849.7,16.4,0,253,262
2025-11-16 19:26:31,20.0,70.9,0.0,0.0,0.0,63.0,850.0,16.3,0,253,260
2025-11-16 19:41:35,19.7,72.5,0.0,0.1,0.4,63.0,850.3,16.3,0,253,260
2025-11-16 19:56:40,20.0,73.1,0.0,0.0,0.0,63.0,850.7,16.6,0,254,261
2025-11-16 20:11:44,20.1,71.7,0.0,0.0,0.0,113.0,850.9,16.6,0,253,258
2025-11-16 20:27:08,20.2,70.9,0.0,0.1,0.4,94.0,851.1,16.6,0,253,259
2025-11-16 20:42:13,19.9,72.3,0.0,0.0,0.2,94.0,851.3,16.5,0,253,260
2025-11-16 20:57:17,19.2,75.2,0.0,0.0,0.0,94.0,851.3,16.2,0,254,259
2025-11-16 21:12:22,18.7,77.0,0.0,0.0,0.0,94.0,851.5,15.9,0,254,260
2025-11-16 21:27:27,18.5,78.2,0.0,0.0,0.0,94.0,851.7,15.8,0,255,259
2025-11-16 21:42:32,18.6,77.2,0.0,0.0,0.0,94.0,851.8,15.9,0,253,259
2025-11-16 21:57:36,19.0,76.7,0.0,0.3,0.7,97.0,851.7,16.2,0,253,261
2025-11-16 22:13:22,19.0,75.3,0.0,0.1,0.4,97.0,851.8,16.0,0,253,260
2025-11-16 22:28:26,18.9,75.8,0.0,0.2,0.7,68.0,851.9,15.9,0,253,260
2025-11-16 22:43:31,18.6,76.9,0.0,0.0,0.0,61.0,852.0,15.8,0,254,260
2025-11-16 22:58:36,18.5,78.0,0.0,0.0,0.0,61.0,852.0,15.8,0,253,260
2025-11-16 23:13:40,18.3,79.5,0.0,0.0,0.0,61.0,851.9,15.9,0,253,259
2025-11-16 23:28:45,18.1,80.5,0.0,0.0,0.0,61.0,852.0,15.8,0,254,261
2025-11-16 23:43:50,17.8,81.7,0.0,0.0,0.0,61.0,851.9,15.6,0,253,260
2025-11-16 23:59:46,17.4,83.7,0.0,0.0,0.2,61.0,851.8,15.4,0,254,260
2025-11-17 00:15:11,17.3,85.2,0.0,0.0,0.2,61.0,851.7,15.6,0,254,261
2025-11-17 00:30:16,17.4,85.1,0.0,0.0,0.0,61.0,851.6,15.6,0,253,262
2025-11-17 00:45:20,17.2,86.3,0.0,0.2,0.7,61.0,851.4,15.6,0,254,260
2025-11-17 01:00:24,17.1,86.8,0.0,0.1,0.4,60.0,851.4,15.6,0,254,261
2025-11-17 01:15:29,17.6,85.4,0.0,0.0,0.2,60.0,851.2,15.8,0,253,260
2025-11-17 01:30:34,17.6,85.7,0.0,0.3,0.7,59.0,851.0,15.9,0,253,260
2025-11-17 01:45:38,17.6,85.7,0.0,0.0,0.2,59.0,851.0,15.9,0,254,260
2025-11-17 02:00:43,17.6,86.2,0.0,0.1,0.4,59.0,850.8,15.9,0,254,260
2025-11-17 02:15:47,17.5,86.3,0.0,0.0,0.2,60.0,850.6,15.9,0,254,259
2025-11-17 02:30:52,17.4,86.7,0.0,0.0,0.0,60.0,850.6,15.8,0,253,261
2025-11-17 02:46:16,17.4,86.9,0.0,0.0,0.2,60.0,850.5,15.8,0,254,261
2025-11-17 03:00:20,17.5,87.4,0.0,0.2,0.4,59.0,850.5,15.9,0,253,262
2025-11-17 03:15:25,17.5,87.0,0.0,0.0,0.0,59.0,850.6,16.0,0,253,259
2025-11-17 03:30:30,17.5,87.2,0.0,0.0,0.0,59.0,850.7,16.0,0,254,260
2025-11-17 03:45:35,17.3,87.6,0.0,0.0,0.0,59.0,850.7,15.8,0,253,259
2025-11-17 04:00:39,17.1,88.8,0.0,0.0,0.2,59.0,850.7,15.8,0,255,260
2025-11-17 04:15:44,17.1,89.5,0.0,0.1,0.2,60.0,850.9,15.9,0,254,259
2025-11-17 04:30:48,17.2,89.4,0.0,0.1,0.2,59.0,851.0,15.9,0,253,260
2025-11-17 04:45:53,17.2,89.3,0.0,0.0,0.0,60.0,851.1,15.9,0,254,260
2025-11-17 05:00:58,17.3,89.3,0.0,0.4,0.7,60.0,851.2,16.0,0,254,261
2025-11-17 05:16:22,17.1,89.4,0.0,0.0,0.2,61.0,851.3,15.9,0,253,260
2025-11-17 05:31:27,16.9,89.8,0.0,0.1,0.4,60.0,851.4,15.7,0,254,261
2025-11-17 05:46:32,16.8,90.7,0.0,0.0,0.0,60.0,851.4,15.7,0,254,259
2025-11-17 06:01:37,16.7,91.2,0.0,0.3,0.9,59.0,851.6,15.7,0,261,260
2025-11-17 06:16:42,16.8,91.6,0.0,0.4,1.3,104.0,851.7,15.8,0,284,264
2025-11-17 06:31:46,17.2,91.9,0.0,0.0,0.0,105.0,851.8,16.2,0,633,288
2025-11-17 06:46:51,17.4,91.7,0.0,0.8,1.5,86.0,852.1,16.4,0,854,310
2025-11-17 07:01:56,17.9,90.4,0.0,0.5,1.1,86.0,852.2,16.7,0,1301,349
2025-11-17 07:17:01,18.3,87.4,0.0,0.0,0.2,93.0,852.3,16.8,0,849,322
2025-11-17 07:32:05,19.0,85.5,0.0,0.0,0.2,113.0,852.6,17.2,0,1388,368
2025-11-17 07:47:29,19.2,83.1,0.0,1.3,2.2,82.0,852.7,17.1,0,1852,413
2025-11-17 08:02:34,19.9,80.9,0.0,0.5,1.5,135.0,852.9,17.6,0,1674,401
2025-11-17 08:17:39,19.6,80.9,0.0,0.8,2.8,104.0,853.0,17.3,0,1871,418
2025-11-17 08:32:44,21.8,73.6,0.0,0.0,0.2,121.0,853.0,18.4,0,1664,403
2025-11-17 08:47:49,22.0,70.2,0.0,0.6,1.1,39.0,852.9,18.2,0,3520,575
2025-11-17 09:02:54,22.9,66.6,0.0,0.8,2.4,86.0,852.9,18.5,0,3880,604
2025-11-17 09:17:59,22.0,69.2,0.0,0.3,0.9,113.0,852.9,18.0,0,1235,353
2025-11-17 09:33:04,21.0,73.6,0.0,0.6,1.1,357.0,852.9,17.6,0,1182,349
2025-11-17 09:48:50,20.4,76.4,0.0,0.2,0.4,72.0,853.1,17.5,0,1382,369
2025-11-17 10:03:54,21.5,72.5,0.0,1.1,1.7,64.0,853.0,18.0,0,4728,694
2025-11-17 10:18:59,22.7,68.2,0.0,0.9,2.6,74.0,852.8,18.6,0,7887,978
2025-11-17 10:34:04,24.0,62.5,0.0,0.4,1.1,95.0,852.5,19.0,0,8309,1021
2025-11-17 10:49:08,24.2,60.0,0.0,1.0,2.0,47.0,852.4,18.8,0,2441,476
2025-11-17 11:04:13,25.0,57.7,0.0,0.5,1.6,94.0,852.2,19.2,0,9765,1149
2025-11-17 11:19:37,25.6,54.5,0.0,0.9,1.5,74.0,852.1,19.3,0,2771,515
2025-11-17 11:34:42,25.3,57.7,0.0,0.1,0.4,108.0,851.9,19.5,0,9007,1091
2025-11-17 11:49:46,24.7,56.2,0.0,1.2,2.0,52.0,851.6,18.7,0,1969,431
2025-11-17 12:05:04,24.8,56.3,0.0,1.6,2.6,71.0,851.5,18.8,0,8936,1084
2025-11-17 12:20:09,25.6,51.4,0.0,1.4,3.1,79.0,851.1,18.8,0,2437,490
2025-11-17 12:35:14,26.1,50.0,0.0,1.7,2.6,74.0,850.9,18.9,0,8990,1085
2025-11-17 12:50:19,26.3,51.5,0.0,0.6,1.5,37.0,850.8,19.4,0,9445,1129
2025-11-17 13:05:43,27.3,46.1,0.0,2.0,2.8,71.0,850.4,19.3,0,9431,1131
2025-11-17 13:20:48,26.6,47.1,0.0,0.7,3.1,83.0,850.2,18.9,0,2333,469
2025-11-17 13:36:47,26.8,45.9,0.0,1.2,2.0,75.0,850.0,18.8,0,2121,458
2025-11-17 13:51:57,27.2,43.0,0.0,1.8,3.9,85.0,849.7,18.7,0,8292,1016
2025-11-17 14:07:02,28.9,42.0,0.0,0.6,1.5,116.0,849.5,20.0,0,7734,974
2025-11-17 14:22:06,28.8,42.0,0.0,1.1,2.0,69.0,849.4,19.9,0,7621,960
2025-11-17 14:37:11,28.7,42.9,0.0,0.4,1.1,71.0,849.1,19.9,0,4208,642
2025-11-17 14:52:16,29.1,44.2,0.0,1.6,2.8,89.0,849.0,20.5,0,1843,431
2025-11-17 15:07:20,28.3,43.6,0.0,0.7,1.7,139.0,848.9,19.7,0,6566,853
2025-11-17 15:22:47,28.9,41.7,0.0,0.9,2.4,113.0,848.8,19.9,0,2480,473
2025-11-17 15:37:51,27.3,47.9,0.0,0.5,1.7,135.0,848.8,19.6,0,3231,549
2025-11-17 15:52:55,26.5,47.2,0.0,2.1,4.4,70.0,848.7,18.8,0,5361,734
2025-11-17 16:08:00,29.4,43.1,0.0,0.9,1.7,71.0,848.6,20.5,0,4298,638
2025-11-17 16:23:58,26.4,49.6,0.0,1.0,3.5,132.0,848.8,19.1,0,1726,399
2025-11-17 16:39:03,24.8,54.5,0.0,0.6,2.2,131.0,848.7,18.5,0,1430,376
2025-11-17 16:54:55,24.1,57.2,0.0,0.7,2.2,83.0,848.9,18.3,0,1804,407
2025-11-17 17:10:00,24.6,57.0,0.0,1.1,3.1,80.0,849.0,18.7,0,1185,353
2025-11-17 17:25:04,24.3,57.2,0.0,0.4,1.1,136.0,849.1,18.5,0,948,329
2025-11-17 17:40:56,23.9,59.0,0.0,0.3,1.3,124.0,849.3,18.4,0,700,305
2025-11-17 17:56:01,23.0,62.3,0.0,0.7,1.5,102.0,849.4,18.1,0,465,284
2025-11-17 18:11:05,22.5,63.9,0.0,0.2,1.2,143.0,849.5,17.8,0,331,269
2025-11-17 18:26:10,22.1,63.7,0.0,0.2,0.4,40.0,849.8,17.4,0,268,262
2025-11-17 18:41:15,21.8,62.4,0.0,0.3,0.7,145.0,849.9,17.0,0,253,261
2025-11-17 18:56:19,21.5,63.6,0.0,0.4,0.9,144.0,850.1,16.8,0,253,260
2025-11-17 19:11:24,21.0,65.1,0.0,0.4,0.9,84.0,850.1,16.6,0,253,261
2025-11-17 19:27:08,20.6,66.4,0.0,0.0,0.2,93.0,850.2,16.4,0,253,259
2025-11-17 19:42:13,20.4,67.9,0.0,0.3,0.9,122.0,850.6,16.4,0,254,260
2025-11-17 19:57:18,20.1,69.5,0.0,0.0,0.0,123.0,850.8,16.3,0,255,259
2025-11-17 20:12:22,19.9,71.3,0.0,0.0,0.2,123.0,850.8,16.4,0,253,259
2025-11-17 20:27:27,19.7,73.0,0.0,0.0,0.2,123.0,851.1,16.4,0,254,261
2025-11-17 20:42:32,19.6,74.4,0.0,0.0,0.2,123.0,851.1,16.5,0,252,260
2025-11-17 20:57:57,19.2,76.1,0.0,0.1,0.2,123.0,851.2,16.3,0,254,261
2025-11-17 21:13:02,18.8,76.6,0.0,0.0,0.0,123.0,851.4,15.9,0,254,260
2025-11-17 21:28:06,18.2,78.3,0.0,0.0,0.0,123.0,851.4,15.6,0,254,262
2025-11-17 21:43:11,18.1,78.5,0.0,0.0,0.0,123.0,851.5,15.5,0,253,261
2025-11-17 21:58:16,17.9,78.2,0.0,0.0,0.0,123.0,851.5,15.3,0,253,261
2025-11-17 22:13:21,17.6,79.5,0.0,0.0,0.0,123.0,851.4,15.2,0,253,260
2025-11-17 22:28:25,17.5,80.0,0.0,0.0,0.2,123.0,851.5,15.1,0,254,259
2025-11-17 22:43:30,17.5,80.6,0.0,0.2,0.4,123.0,851.4,15.2,0,253,259
2025-11-17 22:59:24,17.6,81.2,0.0,0.0,0.2,123.0,851.4,15.3,0,254,261
2025-11-17 23:14:49,17.7,81.0,0.0,0.0,0.2,123.0,851.4,15.5,0,253,260
2025-11-17 23:29:54,17.6,82.3,0.0,0.0,0.0,123.0,851.4,15.5,0,253,260
2025-11-17 23:45:00,17.4,83.6,0.0,0.1,0.2,123.0,851.3,15.5,0,254,261
2025-11-18 00:00:05,17.2,84.6,0.0,0.0,0.0,123.0,851.2,15.4,0,252,260
2025-11-18 00:15:09,17.1,86.2,0.0,0.0,0.2,123.0,851.1,15.5,0,253,260
2025-11-18 00:30:14,17.4,85.5,0.0,0.0,0.2,123.0,851.0,15.7,0,253,260
2025-11-18 00:45:19,17.4,86.1,0.0,0.0,0.2,123.0,850.9,15.8,0,252,261
2025-11-18 01:00:24,17.5,86.2,0.0,0.1,0.4,123.0,850.8,15.8,0,253,261
2025-11-18 01:15:29,17.1,87.1,0.0,0.0,0.0,123.0,850.6,15.6,0,253,261
2025-11-18 01:31:58,16.9,88.0,0.0,0.0,0.2,123.0,850.5,15.5,0,253,259
2025-11-18 01:47:04,17.1,88.7,0.0,0.1,0.2,123.0,850.3,15.7,0,252,259
2025-11-18 02:02:08,17.2,88.3,0.0,0.0,0.2,123.0,850.1,15.8,0,253,259
2025-11-18 02:17:13,17.3,88.0,0.0,0.1,0.2,123.0,849.9,15.9,0,254,261
2025-11-18 02:32:18,17.3,88.2,0.0,0.5,0.9,87.0,849.8,15.9,0,254,259
2025-11-18 02:47:23,17.6,87.8,0.0,0.2,0.4,104.0,849.7,16.2,0,254,260
2025-11-18 03:00:27,17.6,87.7,0.0,0.0,0.0,99.0,849.7,16.1,0,253,260
2025-11-18 03:15:31,17.6,88.1,0.0,0.3,0.9,60.0,849.5,16.2,0,253,260
2025-11-18 03:30:56,17.7,87.7,0.0,0.4,0.9,73.0,849.5,16.2,0,254,259
2025-11-18 03:46:01,17.6,87.6,0.0,0.0,0.0,74.0,849.6,16.1,0,254,261
2025-11-18 04:01:06,17.4,88.2,0.0,0.0,0.2,74.0,849.6,16.0,0,254,259
2025-11-18 04:16:11,17.5,88.1,0.0,0.1,0.2,91.0,849.8,16.1,0,253,260
2025-11-18 04:31:15,17.6,87.6,0.0,0.0,0.2,88.0,849.9,16.1,0,254,259
2025-11-18 04:46:20,17.5,87.3,0.0,0.1,0.7,71.0,850.0,16.0,0,254,261
2025-11-18 05:01:25,17.4,87.5,0.0,0.3,0.8,94.0,850.1,16.0,0,254,260
2025-11-18 05:16:30,17.4,87.7,0.0,0.2,0.6,86.0,850.3,16.0,0,253,260
2025-11-18 05:31:35,17.4,87.9,0.0,0.3,1.5,85.0,850.4,16.0,0,254,261
2025-11-18 05:46:40,17.2,88.2,0.0,0.0,0.0,91.0,850.5,15.8,0,254,261
2025-11-18 06:02:04,17.2,88.9,0.0,0.1,0.4,105.0,850.8,15.9,0,256,259
2025-11-18 06:17:09,17.4,88.4,0.0,0.0,0.2,105.0,850.8,16.0,0,290,262
2025-11-18 06:32:14,17.4,88.1,0.0,0.2,0.4,105.0,851.0,16.0,0,330,270
2025-11-18 06:47:19,17.5,87.7,0.0,0.1,0.4,313.0,851.3,16.0,0,410,274
2025-11-18 07:02:24,17.6,86.7,0.0,0.4,1.1,314.0,851.4,16.0,0,550,294
2025-11-18 07:17:28,17.9,86.2,0.0,0.3,0.9,25.0,851.5,16.2,0,1393,362
2025-11-18 07:32:33,18.6,84.3,0.0,0.0,0.2,73.0,851.5,16.7,0,1828,402
2025-11-18 07:47:38,19.3,80.8,0.0,1.1,2.0,106.0,851.5,16.9,0,2101,430
2025-11-18 08:02:43,19.8,79.1,0.0,0.1,0.4,116.0,851.5,17.2,0,1341,363
2025-11-18 08:17:48,19.7,79.8,0.0,0.1,0.7,58.0,851.7,17.2,0,1634,388
2025-11-18 08:33:10,19.7,79.5,0.0,0.2,0.7,11.0,851.7,17.2,0,1717,402
2025-11-18 08:48:15,20.9,73.7,0.0,0.6,1.1,97.0,851.8,17.6,0,928,331
2025-11-18 09:03:20,20.7,74.5,0.0,1.0,1.5,78.0,851.9,17.5,0,2253,454
2025-11-18 09:18:24,22.5,70.4,0.0,0.6,1.3,98.0,851.8,18.6,0,6080,793
2025-11-18 09:33:29,22.1,67.0,0.0,1.6,2.6,77.0,851.8,17.9,0,1107,342
2025-11-18 09:48:34,21.4,73.6,0.0,0.6,1.1,339.0,851.9,18.0,0,6434,838
2025-11-18 10:03:39,23.0,66.0,0.0,0.4,1.1,18.0,851.7,18.6,0,2243,458
2025-11-18 10:19:20,23.1,64.6,0.0,0.6,1.3,48.0,851.6,18.5,0,7341,928
2025-11-18 10:34:26,25.3,57.3,0.0,0.9,1.7,78.0,851.5,19.4,0,1998,432
2025-11-18 10:49:31,24.3,62.2,0.0,0.1,0.4,92.0,851.2,19.2,0,8183,1013
2025-11-18 11:04:35,24.4,59.8,0.0,0.2,0.7,96.0,850.9,18.9,0,2373,475
2025-11-18 11:20:20,24.4,56.4,0.0,0.8,2.6,84.0,850.7,18.4,0,3473,567
2025-11-18 11:35:25,25.0,54.0,0.0,0.9,1.7,65.0,850.4,18.6,0,11099,1277
2025-11-18 11:51:19,26.6,49.8,0.0,0.7,1.7,49.0,850.2,19.4,0,8627,1060
2025-11-18 12:06:24,25.6,51.7,0.0,1.6,3.1,80.0,849.9,18.8,0,3949,622
2025-11-18 12:21:25,25.8,50.5,0.0,1.6,3.7,91.0,849.7,18.8,0,3644,591
2025-11-18 12:37:23,25.2,53.2,0.0,1.7,3.3,101.0,849.4,18.7,0,2999,533
2025-11-18 12:53:22,27.5,48.9,0.0,0.0,0.0,119.0,849.1,19.9,0,2395,474
2025-11-18 13:08:42,26.2,50.7,0.0,1.1,2.0,335.0,848.8,19.1,0,7790,980
2025-11-18 13:24:26,27.2,48.2,0.0,1.0,2.8,68.0,848.7,19.6,0,6317,849
2025-11-18 13:40:23,26.1,49.7,0.0,0.7,1.3,71.0,848.5,18.9,0,3272,547
2025-11-18 13:55:28,25.5,49.2,0.0,0.5,1.3,121.0,848.1,18.3,0,3371,560
2025-11-18 14:10:33,26.8,48.0,0.0,1.6,2.8,30.0,847.9,19.2,0,9255,1107
2025-11-18 14:25:38,24.0,60.0,0.0,0.7,2.6,173.0,848.1,18.6,0,3132,537
2025-11-18 14:40:43,22.8,63.9,0.0,0.7,2.0,150.0,848.0,18.0,0,2838,506
2025-11-18 14:55:48,22.7,66.9,0.0,0.8,1.5,62.0,847.9,18.4,0,2759,504
2025-11-18 15:10:53,23.5,63.1,0.0,0.4,1.1,78.0,847.7,18.6,0,4272,649
2025-11-18 15:25:58,24.1,56.9,0.0,1.3,3.7,123.0,847.7,18.3,0,3866,614
2025-11-18 15:41:03,23.7,56.8,0.0,1.5,3.9,71.0,847.9,17.8,0,5491,754
2025-11-18 15:56:25,23.5,57.6,0.0,1.9,3.9,71.0,848.0,17.9,0,1818,410
2025-11-18 16:11:30,23.6,56.6,0.0,0.6,1.5,57.0,847.9,17.8,0,4070,618
2025-11-18 16:26:31,24.4,52.5,0.0,1.9,4.4,73.0,847.7,17.8,0,4050,613
2025-11-18 16:41:36,25.7,51.3,0.0,1.1,2.4,75.0,847.9,18.8,0,4078,603
2025-11-18 16:57:34,23.4,56.2,0.0,0.7,1.3,79.0,847.9,17.5,0,1460,373
2025-11-18 17:12:39,21.8,61.7,0.0,0.8,2.0,79.0,848.0,16.9,0,1071,338
2025-11-18 17:28:33,21.1,64.1,0.0,0.4,0.7,79.0,848.2,16.5,0,887,322
2025-11-18 17:43:34,20.9,64.8,0.0,0.2,1.1,79.0,848.2,16.4,0,730,307
2025-11-18 17:58:39,20.6,66.9,0.0,0.4,1.1,79.0,848.3,16.4,0,518,285
2025-11-18 18:13:44,19.9,70.6,0.0,0.2,1.3,79.0,848.3,16.2,0,319,266
2025-11-18 18:28:49,19.5,72.4,0.0,0.3,0.7,79.0,848.3,16.1,0,263,261
2025-11-18 18:43:54,19.1,74.5,0.0,0.2,0.9,79.0,848.4,16.0,0,254,260
2025-11-18 18:58:59,18.8,76.0,0.0,0.1,0.4,79.0,848.4,15.9,0,254,261
2025-11-18 19:14:04,18.6,77.0,0.0,0.2,0.8,79.0,848.6,15.8,0,253,260
2025-11-18 19:29:09,18.4,77.8,0.0,0.3,0.9,79.0,849.0,15.7,0,253,261
2025-11-18 19:44:33,18.1,78.7,0.0,0.1,0.4,79.0,849.1,15.6,0,253,261
2025-11-18 19:59:38,17.8,79.8,0.0,0.1,0.2,79.0,849.3,15.4,0,252,260
2025-11-18 20:14:44,17.7,80.0,0.0,0.0,0.0,79.0,849.5,15.4,0,253,262
2025-11-18 20:29:49,17.5,81.3,0.0,0.0,0.2,79.0,849.7,15.3,0,254,259
2025-11-18 20:44:53,17.2,82.3,0.0,0.0,0.2,79.0,850.0,15.1,0,254,262
2025-11-18 20:59:58,17.1,83.2,0.0,0.0,0.0,79.0,850.0,15.1,0,253,260
2025-11-18 21:15:03,17.0,84.1,0.0,0.0,0.0,79.0,850.0,15.2,0,253,260
2025-11-18 21:30:08,17.1,84.2,0.0,0.0,0.0,79.0,850.0,15.2,0,254,260
2025-11-18 21:45:58,17.0,84.7,0.0,0.2,0.4,79.0,849.9,15.2,0,251,260
2025-11-18 22:01:23,16.7,85.5,0.0,0.0,0.2,79.0,849.8,15.0,0,253,260
2025-11-18 22:16:28,16.5,86.3,0.0,0.1,0.2,79.0,849.5,14.9,0,253,258
2025-11-18 22:32:27,16.4,86.6,0.0,0.0,0.2,79.0,849.6,14.8,0,254,259
2025-11-18 22:47:33,16.3,86.5,0.0,0.0,0.2,79.0,849.5,14.7,0,253,259
2025-11-18 23:02:38,16.0,86.6,0.0,0.0,0.0,79.0,849.5,14.5,0,254,261
2025-11-18 23:17:43,15.9,87.2,0.0,0.0,0.2,79.0,849.5,14.5,0,254,260
2025-11-18 23:32:48,15.9,87.2,0.0,0.0,0.2,79.0,849.4,14.4,0,253,260
2025-11-18 23:47:53,15.8,87.9,0.0,0.0,0.0,79.0,849.5,14.4,0,253,261
2025-11-19 00:02:58,15.7,87.8,0.0,0.0,0.0,79.0,849.4,14.3,0,253,260
2025-11-19 00:18:03,15.7,88.3,0.0,0.0,0.0,79.0,849.3,14.3,0,254,260
2025-11-19 00:33:29,16.0,87.9,0.0,0.0,0.0,79.0,849.0,14.6,0,253,261
2025-11-19 00:48:33,16.2,85.7,0.0,0.0,0.0,79.0,848.8,14.6,0,253,261
2025-11-19 01:03:38,16.5,86.2,0.0,0.0,0.0,79.0,848.7,14.8,0,253,261
2025-11-19 01:18:43,16.3,85.2,0.0,0.0,0.0,79.0,848.3,14.6,0,254,259
2025-11-19 01:33:48,16.2,86.6,0.0,0.0,0.2,79.0,848.3,14.6,0,254,261
2025-11-19 01:48:53,16.1,87.1,0.0,0.0,0.0,79.0,848.4,14.6,0,253,260
2025-11-19 02:03:58,16.2,86.7,0.0,0.3,0.9,79.0,848.2,14.7,0,253,259
2025-11-19 02:19:03,16.6,85.6,0.0,0.8,1.7,79.0,848.0,14.9,0,253,260
2025-11-19 02:34:08,16.6,87.2,0.0,0.5,1.3,79.0,848.0,15.1,0,254,261
2025-11-19 02:49:13,16.5,88.2,0.0,0.3,0.9,79.0,848.0,15.1,0,254,260
2025-11-19 03:00:35,16.3,88.7,0.0,0.0,0.0,79.0,847.8,15.0,0,254,261
2025-11-19 03:15:40,16.2,89.6,0.0,0.0,0.0,79.0,848.1,15.0,0,253,260
2025-11-19 03:30:45,16.4,90.2,0.0,0.0,0.0,79.0,848.1,15.2,0,254,261
2025-11-19 03:45:49,16.5,89.1,0.0,0.2,0.4,79.0,848.1,15.2,0,252,261
2025-11-19 04:00:54,16.5,88.8,0.0,0.1,0.4,79.0,848.2,15.2,0,253,261
2025-11-19 04:15:59,16.6,88.2,0.0,0.0,0.0,79.0,848.2,15.2,0,253,260
2025-11-19 04:31:04,16.7,88.2,0.0,0.0,0.0,79.0,848.4,15.3,0,254,260
2025-11-19 04:46:08,16.8,88.4,0.0,0.3,0.7,79.0,848.4,15.4,0,254,260
2025-11-19 05:01:13,16.7,88.1,0.0,0.0,0.0,79.0,848.4,15.3,0,253,260
2025-11-19 05:16:18,16.3,88.6,0.0,0.0,0.0,79.0,848.6,15.0,0,253,261
2025-11-19 05:31:43,16.0,89.4,0.0,0.0,0.0,79.0,848.8,14.8,0,253,259
2025-11-19 05:46:48,16.1,90.3,0.0,0.0,0.0,79.0,848.9,14.9,0,253,260
2025-11-19 06:01:52,16.0,90.2,0.0,0.0,0.0,79.0,849.1,14.9,0,261,260
2025-11-19 06:16:57,15.9,90.1,0.0,0.0,0.0,79.0,849.3,14.8,0,312,266
2025-11-19 06:32:03,15.9,89.8,0.0,0.0,0.0,79.0,849.3,14.8,0,430,280
2025-11-19 06:47:08,16.0,90.0,0.0,0.0,0.0,79.0,849.4,14.8,0,536,293
2025-11-19 07:02:13,16.4,88.8,0.0,0.1,0.7,79.0,849.6,15.1,0,1004,327
2025-11-19 07:17:19,17.0,87.4,0.0,0.0,0.2,79.0,849.8,15.5,0,551,292
2025-11-19 07:32:25,17.9,85.7,0.0,0.2,0.7,79.0,849.8,16.1,0,1306,360
2025-11-19 07:47:47,18.7,83.1,0.0,0.2,0.7,100.0,849.8,16.7,0,1604,390
2025-11-19 08:02:53,19.4,80.5,0.0,0.0,0.2,100.0,850.0,17.1,0,1628,400
2025-11-19 08:17:58,19.7,78.0,0.0,0.3,0.7,100.0,850.2,17.0,0,4233,616
2025-11-19 08:33:03,20.8,73.4,0.0,0.7,2.0,82.0,850.1,17.4,0,1647,404
2025-11-19 08:48:08,21.1,71.9,0.0,1.1,1.7,82.0,850.0,17.6,0,4374,645
2025-11-19 09:03:13,22.2,68.0,0.0,0.2,0.9,82.0,850.2,18.1,0,1370,382
2025-11-19 09:18:18,21.9,69.6,0.0,0.0,0.2,82.0,850.1,18.0,0,2298,462
2025-11-19 09:33:23,22.5,67.4,0.0,0.0,0.2,82.0,850.2,18.2,0,2421,477
2025-11-19 09:48:28,22.4,67.6,0.0,0.1,0.4,82.0,850.1,18.2,0,3300,554
2025-11-19 10:03:52,23.4,64.0,0.0,1.0,2.0,80.0,850.1,18.7,0,6656,862
2025-11-19 10:18:58,23.1,62.8,0.0,0.4,1.1,78.0,850.0,18.2,0,4978,715
2025-11-19 10:34:02,24.1,59.3,0.0,0.4,1.1,70.0,849.9,18.6,0,8537,1031
2025-11-19 10:49:58,25.3,53.6,0.0,2.3,4.4,83.0,849.8,18.8,0,8455,1028
2025-11-19 11:05:04,25.2,55.5,0.0,1.7,3.5,70.0,849.6,19.0,0,9281,1106
2025-11-19 11:21:00,25.1,55.3,0.0,2.0,3.7,61.0,849.5,18.9,0,4401,658
2025-11-19 11:36:00,25.8,51.8,0.0,0.8,2.8,103.0,849.3,18.9,0,2772,504
2025-11-19 11:51:03,24.5,55.9,0.0,1.1,2.2,38.0,848.9,18.4,0,2086,442
2025-11-19 12:06:08,25.3,49.8,0.0,1.7,3.1,67.0,848.9,18.2,0,3102,542
2025-11-19 12:21:12,26.2,50.8,0.0,1.2,2.2,66.0,848.7,19.2,0,8911,1075
2025-11-19 12:36:17,25.3,52.5,0.0,0.5,1.3,123.0,848.6,18.6,0,3241,554
2025-11-19 12:51:22,25.7,51.1,0.0,0.8,2.2,104.0,848.3,18.8,0,9427,1113
2025-11-19 13:06:27,25.4,50.6,0.0,0.8,2.2,156.0,848.1,18.4,0,2552,479
2025-11-19 13:21:32,25.8,48.8,0.0,1.0,5.0,92.0,847.9,18.5,0,2368,464
2025-11-19 13:37:06,25.2,49.2,0.0,1.1,3.3,85.0,847.6,18.0,0,8806,1051
2025-11-19 13:52:12,25.7,49.4,0.0,1.6,3.5,197.0,847.4,18.5,0,8184,997
2025-11-19 14:07:17,25.5,47.7,0.0,0.8,3.3,129.0,847.2,18.0,0,2040,442
2025-11-19 14:22:22,26.6,45.9,0.0,0.5,1.3,70.0,847.1,18.7,0,6989,897
2025-11-19 14:37:35,26.6,47.2,0.0,0.8,2.6,92.0,846.8,18.9,0,3735,604
2025-11-19 14:52:39,26.3,45.2,0.0,1.1,4.6,117.0,846.7,18.3,0,1712,410
2025-11-19 15:07:45,26.5,45.8,0.0,1.5,2.8,106.0,846.5,18.6,0,1502,389
2025-11-19 15:23:06,26.8,46.1,0.0,1.2,2.6,81.0,846.5,18.9,0,5063,709
2025-11-19 15:38:12,25.9,48.3,0.0,1.1,3.3,109.0,846.3,18.5,0,4463,654
2025-11-19 15:53:17,26.3,47.3,0.0,0.9,3.1,76.0,846.4,18.7,0,1707,413
2025-11-19 16:08:22,24.6,50.4,0.0,0.7,1.5,64.0,846.6,17.8,0,3560,571
2025-11-19 16:23:27,26.1,48.0,0.0,1.2,3.1,79.0,846.6,18.6,0,2978,513
2025-11-19 16:39:21,24.7,51.1,0.0,1.4,2.6,96.0,846.5,17.9,0,2464,466
2025-11-19 16:54:26,25.4,50.1,0.0,2.0,3.7,64.0,846.5,18.4,0,1967,422
2025-11-19 17:09:31,24.4,52.0,0.0,1.4,3.3,61.0,846.8,17.7,0,1012,338
2025-11-19 17:24:36,23.6,54.2,0.0,0.8,2.2,112.0,847.0,17.4,0,802,315
2025-11-19 17:39:41,23.2,55.6,0.0,1.1,2.0,58.0,847.1,17.2,0,705,305
2025-11-19 17:54:46,22.7,62.1,0.0,0.4,1.1,113.0,847.3,17.7,0,519,287
2025-11-19 18:10:12,21.5,66.0,0.0,0.1,0.2,90.0,847.4,17.1,0,363,271
2025-11-19 18:25:17,20.7,69.2,0.0,0.0,0.2,98.0,847.6,16.8,0,264,262
2025-11-19 18:40:22,20.2,70.8,0.0,0.1,0.4,0.0,847.7,16.6,0,254,260
2025-11-19 18:55:27,19.9,72.5,0.0,0.2,0.9,0.0,847.8,16.5,0,252,261
2025-11-19 19:10:32,19.6,74.2,0.0,0.0,0.0,0.0,848.0,16.4,0,254,259
2025-11-19 19:25:36,19.4,75.6,0.0,0.0,0.2,0.0,848.2,16.4,0,252,261
2025-11-19 19:40:42,19.1,76.8,0.0,0.3,0.9,71.0,848.5,16.3,0,253,261
2025-11-19 19:56:21,18.8,78.3,0.0,0.1,0.2,63.0,848.6,16.2,0,254,261
2025-11-19 20:11:27,18.7,79.5,0.0,0.0,0.0,63.0,848.9,16.2,0,254,260
2025-11-19 20:26:32,18.7,79.8,0.0,0.1,0.2,63.0,849.1,16.2,0,254,260
2025-11-19 20:42:25,18.5,79.4,0.0,0.5,1.3,64.0,849.2,16.0,0,253,260
2025-11-19 20:57:50,18.5,78.0,0.0,0.6,1.3,85.0,849.5,15.8,0,254,260
2025-11-19 21:12:55,18.4,78.5,0.0,0.1,0.4,69.0,849.7,15.8,0,253,260
2025-11-19 21:28:00,18.2,79.1,0.0,0.0,0.0,91.0,849.7,15.7,0,254,260
2025-11-19 21:43:04,17.8,81.7,0.0,0.0,0.0,91.0,849.7,15.6,0,252,260
2025-11-19 21:58:09,17.4,83.3,0.0,0.0,0.0,91.0,850.1,15.4,0,252,260
2025-11-19 22:14:03,17.0,85.5,0.0,0.0,0.0,91.0,850.3,15.3,0,253,260
2025-11-19 22:29:09,16.8,86.0,0.0,0.0,0.0,91.0,850.4,15.2,0,254,261
2025-11-19 22:44:14,16.6,87.0,0.0,0.0,0.0,91.0,850.3,15.1,0,253,261
2025-11-19 22:59:19,16.5,87.5,0.0,0.0,0.0,91.0,850.3,15.0,0,255,259
2025-11-19 23:14:23,16.4,88.0,0.0,0.2,0.4,91.0,850.2,15.0,0,255,262
2025-11-19 23:29:28,16.4,88.1,0.0,0.0,0.2,91.0,850.0,15.0,0,253,260
2025-11-19 23:44:33,16.5,88.0,0.0,0.0,0.2,91.0,850.0,15.1,0,253,260
2025-11-19 23:59:38,16.4,88.0,0.0,0.0,0.0,91.0,849.9,15.0,0,254,260
2025-11-20 00:15:01,16.0,88.6,0.0,0.0,0.0,91.0,849.9,14.7,0,254,260
2025-11-20 00:30:05,15.9,89.6,0.0,0.0,0.0,91.0,849.7,14.7,0,253,260
2025-11-20 00:45:10,15.8,90.1,0.0,0.0,0.0,91.0,849.7,14.7,0,254,260
2025-11-20 01:00:47,15.7,90.3,0.0,0.0,0.0,91.0,849.5,14.5,0,255,260
2025-11-20 01:16:04,15.4,90.4,0.0,0.0,0.0,91.0,849.4,14.3,0,253,260
2025-11-20 01:31:08,15.4,90.7,0.0,0.0,0.0,91.0,849.0,14.3,0,253,259
2025-11-20 01:46:13,15.2,90.6,0.0,0.0,0.0,91.0,848.8,14.1,0,254,260
2025-11-20 02:01:18,15.0,90.8,0.0,0.0,0.2,91.0,848.6,14.0,0,254,260
2025-11-20 02:16:23,14.9,90.8,0.0,0.0,0.0,91.0,848.7,13.8,0,255,260
2025-11-20 02:31:28,14.7,90.9,0.0,0.0,0.0,91.0,848.4,13.7,0,253,260
2025-11-20 02:46:33,14.6,91.2,0.0,0.0,0.0,91.0,848.3,13.6,0,254,260
2025-11-20 03:00:37,14.7,91.7,0.0,0.0,0.0,91.0,848.3,13.8,0,253,259
2025-11-20 03:15:42,14.9,92.0,0.0,0.0,0.0,91.0,848.4,13.9,0,254,261
2025-11-20 03:30:47,14.7,91.8,0.0,0.0,0.0,91.0,848.5,13.7,0,252,260
2025-11-20 03:46:11,14.5,91.6,0.0,0.0,0.0,91.0,848.5,13.5,0,253,261
2025-11-20 04:01:16,14.4,91.9,0.0,0.0,0.0,91.0,848.6,13.5,0,253,259
2025-11-20 04:16:21,14.4,92.1,0.0,0.0,0.0,91.0,848.7,13.4,0,253,261
2025-11-20 04:31:26,14.6,92.4,0.0,0.0,0.2,91.0,848.8,13.7,0,252,259
2025-11-20 04:46:31,14.4,92.4,0.0,0.0,0.0,91.0,849.0,13.6,0,253,259
2025-11-20 05:01:36,14.4,92.5,0.0,0.0,0.0,91.0,849.1,13.5,0,254,259
2025-11-20 05:16:41,14.2,92.5,0.0,0.0,0.0,91.0,849.3,13.3,0,253,261
2025-11-20 05:31:46,14.2,92.7,0.0,0.0,0.0,91.0,849.3,13.3,0,252,259
2025-11-20 05:46:51,14.3,92.8,0.0,0.0,0.0,91.0,849.6,13.5,0,253,261
2025-11-20 06:02:17,14.5,92.9,0.0,0.0,0.0,91.0,849.7,13.7,0,258,261
2025-11-20 06:17:22,14.8,92.9,0.0,0.0,0.0,91.0,850.0,14.0,0,292,264
2025-11-20 06:32:27,15.0,92.5,0.0,0.0,0.2,91.0,850.1,14.1,0,320,267
2025-11-20 06:47:32,15.3,92.1,0.0,0.0,0.2,91.0,850.3,14.4,0,443,277
2025-11-20 07:02:37,15.9,89.9,0.0,0.1,0.4,91.0,850.3,14.7,0,995,326
2025-11-20 07:17:42,16.7,87.7,0.0,0.4,0.7,61.0,850.4,15.3,0,730,316
2025-11-20 07:32:47,17.4,85.3,0.0,0.2,0.4,39.0,850.6,15.6,0,761,320
2025-11-20 07:47:51,18.1,83.2,0.0,0.1,0.4,26.0,850.8,16.1,0,2099,430
2025-11-20 08:02:56,19.5,77.6,0.0,0.8,1.3,79.0,850.7,16.8,0,2659,481
2025-11-20 08:18:01,20.8,73.1,0.0,1.0,2.0,67.0,850.8,17.4,0,3105,521
2025-11-20 08:33:24,22.4,67.7,0.0,0.2,0.7,86.0,851.0,18.2,0,3657,573
2025-11-20 08:48:28,22.5,65.3,0.0,0.6,1.5,94.0,851.0,18.0,0,4200,629
2025-11-20 09:03:33,23.4,63.0,0.0,0.3,0.8,140.0,851.0,18.5,0,4566,660
2025-11-20 09:18:38,24.0,60.4,0.0,0.3,1.1,85.0,851.0,18.6,0,1522,398
2025-11-20 09:33:43,23.6,59.7,0.0,0.6,2.2,112.0,850.9,18.2,0,6155,801
2025-11-20 09:48:48,24.4,56.8,0.0,1.2,2.0,72.0,850.9,18.5,0,6060,806
2025-11-20 10:04:30,25.8,51.2,0.0,0.5,1.8,47.0,850.7,18.9,0,6567,857
2025-11-20 10:19:35,25.8,47.7,0.0,1.9,3.7,82.0,850.5,18.3,0,6946,893
2025-11-20 10:34:40,26.4,46.1,0.0,1.6,2.8,81.0,850.3,18.6,0,7370,931
2025-11-20 10:49:45,26.6,41.5,0.0,1.7,3.1,55.0,850.3,17.9,0,2000,460
2025-11-20 11:05:43,26.6,41.7,0.0,2.0,4.8,56.0,850.0,17.9,0,7827,974
2025-11-20 11:20:48,26.6,41.0,0.0,1.1,2.2,42.0,850.0,17.9,0,8121,1002
2025-11-20 11:35:53,26.3,41.8,0.0,1.0,1.7,66.0,849.6,17.8,0,8219,1012
2025-11-20 11:50:58,26.7,43.1,0.0,1.0,1.8,86.0,849.4,18.3,0,8531,1038
2025-11-20 12:06:03,26.3,45.8,0.0,0.5,1.1,90.0,849.4,18.5,0,8697,1047
2025-11-20 12:21:08,26.8,45.7,0.0,0.9,1.5,75.0,849.1,18.8,0,8074,995
2025-11-20 12:36:31,26.7,45.6,0.0,0.3,1.1,184.0,848.9,18.7,0,8418,1029
2025-11-20 12:51:36,26.8,45.4,0.0,1.8,3.9,88.0,848.7,18.8,0,8172,1009
2025-11-20 13:06:41,26.4,44.2,0.0,2.1,4.4,119.0,848.4,18.2,0,7990,991
2025-11-20 13:22:52,27.2,43.8,0.0,1.5,3.7,97.0,848.2,18.9,0,7839,978
2025-11-20 13:37:57,27.0,43.7,0.0,2.2,7.2,86.0,848.0,18.7,0,7619,956
2025-11-20 13:53:39,27.6,44.5,0.0,1.1,2.4,94.0,847.8,19.3,0,6760,883
2025-11-20 14:08:40,27.6,43.3,0.0,1.4,2.6,106.0,847.6,19.1,0,7379,932
2025-11-20 14:23:45,27.7,42.8,0.0,1.3,2.4,55.0,847.4,19.0,0,6782,877
2025-11-20 14:38:50,27.6,44.2,0.0,0.3,0.9,100.0,847.2,19.3,0,6609,860
2025-11-20 14:53:56,27.7,44.9,0.0,1.2,3.7,123.0,847.1,19.5,0,4570,676
2025-11-20 15:09:00,28.1,44.6,0.0,0.8,2.2,95.0,847.0,19.7,0,6068,804
2025-11-20 15:24:05,26.5,47.1,0.0,0.4,1.1,148.0,847.1,18.8,0,4699,680
2025-11-20 15:39:10,25.4,49.8,0.0,0.7,2.0,187.0,847.2,18.3,0,5167,699
2025-11-20 15:54:15,26.0,49.7,0.0,1.8,4.1,103.0,847.0,18.8,0,4920,689
2025-11-20 16:09:39,26.1,48.5,0.0,1.7,5.5,124.0,847.1,18.7,0,3873,590
2025-11-20 16:24:44,25.3,50.1,0.0,1.8,3.5,87.0,847.2,18.3,0,1135,359
2025-11-20 16:39:49,26.0,48.5,0.0,1.2,1.7,52.0,847.2,18.6,0,2760,490
2025-11-20 16:54:54,24.9,51.0,0.0,1.1,2.6,59.0,847.4,18.0,0,1751,401
2025-11-20 17:10:00,24.1,52.3,0.0,1.5,3.9,70.0,847.6,17.6,0,872,331
2025-11-20 17:25:53,23.5,54.8,0.0,0.9,2.0,58.0,847.5,17.4,0,623,307
2025-11-20 17:41:49,22.9,56.0,0.0,0.9,2.2,120.0,847.7,17.1,0,518,295
2025-11-20 17:56:54,22.7,58.2,0.0,1.3,2.8,74.0,847.8,17.2,0,515,287
2025-11-20 18:12:50,22.1,59.8,0.0,0.7,3.3,92.0,847.7,16.8,0,339,269
2025-11-20 18:27:55,21.6,61.0,0.0,0.9,2.0,90.0,847.8,16.6,0,264,262
2025-11-20 18:43:00,21.2,63.2,0.0,0.3,1.1,70.0,847.9,16.5,0,254,261
2025-11-20 18:58:05,20.9,64.6,0.0,0.6,1.3,127.0,848.1,16.4,0,253,261
2025-11-20 19:13:50,20.7,65.6,0.0,0.4,1.1,91.0,848.4,16.4,0,253,261
2025-11-20 19:28:55,20.5,66.3,0.0,0.3,0.9,84.0,848.7,16.2,0,253,258
2025-11-20 19:43:56,20.2,67.4,0.0,0.3,0.9,82.0,848.9,16.1,0,252,261
2025-11-20 19:59:20,19.7,69.5,0.0,0.2,0.7,86.0,849.1,16.0,0,253,260
2025-11-20 20:14:26,19.3,70.8,0.0,0.0,0.0,86.0,849.5,15.8,0,253,260
2025-11-20 20:29:31,18.9,73.6,0.0,0.0,0.0,86.0,849.6,15.7,0,254,261
2025-11-20 20:44:36,18.3,76.2,0.0,0.0,0.0,86.0,849.8,15.5,0,254,260
2025-11-20 20:59:41,17.9,77.5,0.0,0.0,0.0,86.0,849.8,15.2,0,253,260
2025-11-20 21:14:46,17.8,78.3,0.0,0.0,0.0,86.0,850.1,15.2,0,253,260
2025-11-20 21:29:51,17.5,79.8,0.0,0.0,0.0,86.0,850.3,15.1,0,253,258
2025-11-20 21:44:56,17.2,80.9,0.0,0.0,0.0,86.0,850.4,14.9,0,253,260
2025-11-20 22:00:01,16.9,82.3,0.0,0.0,0.0,86.0,850.4,14.8,0,253,260
2025-11-20 22:15:05,16.8,82.7,0.0,0.0,0.0,86.0,850.3,14.8,0,252,261
2025-11-20 22:30:28,16.7,83.5,0.0,0.0,0.0,86.0,850.4,14.7,0,253,259
2025-11-20 22:45:33,16.5,84.1,0.0,0.0,0.0,86.0,850.4,14.6,0,254,260
2025-11-20 23:00:38,16.3,85.5,0.0,0.0,0.2,86.0,850.4,14.6,0,254,260
2025-11-20 23:15:43,16.3,85.6,0.0,0.0,0.0,86.0,850.4,14.6,0,254,260
2025-11-20 23:30:48,16.4,85.7,0.0,0.0,0.0,86.0,850.4,14.7,0,254,260
2025-11-20 23:45:52,16.1,85.6,0.0,0.0,0.0,86.0,850.2,14.5,0,253,262
2025-11-21 00:00:57,15.7,86.3,0.0,0.0,0.0,86.0,850.2,14.2,0,253,260
2025-11-21 00:16:02,15.8,87.9,0.0,0.0,0.0,86.0,850.1,14.3,0,254,261
2025-11-21 00:31:06,16.0,87.7,0.0,0.0,0.0,86.0,850.1,14.5,0,254,260
2025-11-21 00:46:30,16.0,87.4,0.0,0.0,0.2,86.0,849.9,14.6,0,254,260
2025-11-21 01:01:35,16.3,86.5,0.0,0.0,0.0,86.0,849.9,14.7,0,253,260
2025-11-21 01:16:40,16.4,85.7,0.0,0.0,0.0,86.0,849.7,14.7,0,253,260
2025-11-21 01:31:45,16.1,85.8,0.0,0.0,0.0,86.0,849.6,14.4,0,254,260
2025-11-21 01:46:50,15.9,87.1,0.0,0.0,0.0,86.0,849.5,14.4,0,254,261
2025-11-21 02:01:55,15.9,87.8,0.0,0.0,0.0,86.0,849.6,14.5,0,254,260
2025-11-21 02:17:00,16.1,87.7,0.0,0.0,0.2,86.0,849.5,14.7,0,254,260
2025-11-21 02:32:05,16.1,86.8,0.0,0.0,0.0,86.0,849.5,14.6,0,253,261
2025-11-21 02:47:10,15.9,88.0,0.0,0.0,0.0,86.0,849.5,14.5,0,253,259
2025-11-21 03:00:15,16.0,88.3,0.0,0.0,0.0,86.0,849.4,14.6,0,253,261
2025-11-21 03:15:41,16.2,87.8,0.0,0.0,0.0,86.0,849.4,14.7,0,253,259
2025-11-21 03:30:45,16.2,88.0,0.0,0.1,0.4,86.0,849.5,14.8,0,254,261
2025-11-21 03:45:50,16.4,87.6,0.0,0.0,0.0,86.0,849.5,14.9,0,254,262
2025-11-21 04:00:55,16.4,87.4,0.0,0.0,0.0,86.0,849.6,14.9,0,253,261
2025-11-21 04:16:00,16.5,87.0,0.0,0.0,0.0,86.0,849.7,14.9,0,254,261
2025-11-21 04:31:05,16.6,86.2,0.0,0.0,0.0,86.0,849.8,15.0,0,254,260
2025-11-21 04:46:10,16.6,85.9,0.0,0.0,0.2,86.0,849.6,14.9,0,253,260
2025-11-21 05:01:15,16.2,86.4,0.0,0.0,0.0,86.0,849.8,14.6,0,252,261
2025-11-21 05:16:20,15.8,87.9,0.0,0.0,0.2,86.0,850.0,14.4,0,253,261
2025-11-21 05:31:43,15.5,89.1,0.0,0.0,0.0,86.0,850.0,14.2,0,254,260
2025-11-21 05:46:48,15.2,89.7,0.0,0.0,0.0,86.0,850.1,14.0,0,254,260
2025-11-21 06:01:53,15.2,90.5,0.0,0.1,0.2,86.0,850.1,14.1,0,262,261
2025-11-21 06:16:57,15.1,90.7,0.0,0.0,0.4,86.0,850.1,14.1,0,302,266
2025-11-21 06:32:02,15.3,90.6,0.0,0.1,0.2,85.0,850.4,14.2,0,382,277
2025-11-21 06:47:07,15.4,90.1,0.0,0.2,0.6,85.0,850.5,14.2,0,484,287
2025-11-21 07:02:12,15.7,90.0,0.0,0.2,0.7,82.0,850.6,14.6,0,918,321
2025-11-21 07:17:17,16.8,87.5,0.0,0.5,0.9,100.0,850.6,15.3,0,599,307
2025-11-21 07:32:21,17.7,84.8,0.0,0.5,1.3,72.0,850.8,15.9,0,705,314
2025-11-21 07:47:26,18.8,81.4,0.0,0.6,1.1,71.0,850.8,16.5,0,2236,438
2025-11-21 08:02:50,20.2,75.7,0.0,0.7,2.0,72.0,850.8,17.2,0,2742,486
2025-11-21 08:17:55,21.3,69.1,0.0,1.1,3.1,89.0,850.9,17.4,0,3287,540
2025-11-21 08:33:00,21.9,65.8,0.0,1.7,3.3,75.0,851.0,17.5,0,950,344
2025-11-21 08:48:28,21.9,64.3,0.0,0.9,2.0,88.0,851.2,17.3,0,5267,706
2025-11-21 09:03:51,22.2,64.2,0.0,0.7,1.5,39.0,851.1,17.6,0,5810,759
2025-11-21 09:18:56,22.4,62.4,0.0,0.9,1.7,42.0,851.2,17.5,0,1930,432
2025-11-21 09:34:01,22.3,62.7,0.0,0.9,1.5,56.0,851.0,17.5,0,2576,491
2025-11-21 09:49:06,24.4,55.3,0.0,1.3,2.8,90.0,851.0,18.3,0,7267,905
2025-11-21 10:04:10,25.3,52.7,0.0,0.7,1.6,121.0,850.8,18.6,0,7027,888
2025-11-21 10:19:15,25.2,51.6,0.0,1.3,3.1,97.0,850.7,18.4,0,7611,944
2025-11-21 10:34:15,24.8,51.0,0.0,1.3,2.2,70.0,850.6,17.9,0,3412,570
2025-11-21 10:49:20,24.1,51.7,0.0,1.1,2.2,51.0,850.7,17.5,0,8968,1059
2025-11-21 11:04:25,24.4,48.7,0.0,1.7,4.6,106.0,850.6,17.3,0,8845,1057
2025-11-21 11:19:30,25.5,48.5,0.0,2.0,3.3,64.0,850.4,18.2,0,8414,1019
2025-11-21 11:34:35,24.8,49.8,0.0,1.6,3.9,55.0,850.3,17.8,0,8513,1031
2025-11-21 11:49:59,25.3,49.5,0.0,1.4,3.5,95.0,850.1,18.2,0,8601,1039
2025-11-21 12:05:04,25.6,47.8,0.0,1.2,2.4,47.0,849.9,18.1,0,1925,438
2025-11-21 12:20:09,26.2,44.0,0.0,2.1,5.5,76.0,849.8,18.1,0,8889,1063
2025-11-21 12:35:13,26.3,42.4,0.0,1.6,3.3,65.0,849.6,17.9,0,8441,1026
2025-11-21 12:50:19,26.8,40.8,0.0,1.9,3.7,83.0,849.4,18.0,0,8491,1034
2025-11-21 13:05:23,26.9,37.6,0.0,2.5,5.2,71.0,849.0,17.5,0,8137,1001
2025-11-21 13:20:28,27.1,33.5,0.0,2.3,5.2,97.0,848.9,16.9,0,8003,987
2025-11-21 13:35:33,27.5,34.4,0.0,0.9,2.0,131.0,848.5,17.4,0,7741,962
2025-11-21 13:50:35,28.1,33.8,0.0,0.9,3.1,99.0,848.2,17.7,0,7415,933
2025-11-21 14:06:07,27.8,36.3,0.0,1.5,2.4,32.0,847.8,17.9,0,7011,894
2025-11-21 14:21:12,28.0,37.1,0.0,1.4,2.8,92.0,847.9,18.3,0,6609,857
2025-11-21 14:36:16,28.2,36.4,0.0,2.6,6.1,75.0,847.8,18.3,0,6301,828
2025-11-21 14:51:21,28.2,33.8,0.0,1.2,3.5,129.0,847.7,17.8,0,5963,794
2025-11-21 15:07:08,27.5,35.1,0.0,0.8,1.7,100.0,847.5,17.5,0,5470,746
2025-11-21 15:22:13,28.3,31.6,0.0,1.1,4.4,81.0,847.3,17.4,0,5048,708
2025-11-21 15:37:18,27.8,31.2,0.0,1.1,3.1,85.0,847.2,17.0,0,4510,656
2025-11-21 15:52:23,28.2,29.7,0.0,2.1,6.1,72.0,847.1,17.0,0,4053,613
2025-11-21 16:07:28,27.7,31.4,0.0,0.9,2.2,95.0,847.1,16.9,0,3436,554
2025-11-21 16:22:33,28.0,31.6,0.0,1.8,4.1,82.0,847.2,17.2,0,2978,511
2025-11-21 16:37:37,27.2,32.0,0.0,0.7,1.7,112.0,847.4,16.7,0,2498,466
2025-11-21 16:52:42,26.5,32.4,0.0,0.8,1.7,80.0,847.4,16.2,0,1910,413
2025-11-21 17:08:02,25.8,33.1,0.0,1.3,4.6,84.0,847.6,15.8,0,1331,363
2025-11-21 17:23:25,24.6,35.0,0.0,0.6,1.3,79.0,847.7,15.2,0,734,314
2025-11-21 17:38:31,24.1,38.2,0.0,0.5,1.1,95.0,847.9,15.4,0,644,301
2025-11-21 17:54:30,23.6,39.2,0.0,0.4,1.1,91.0,848.0,15.1,0,497,285
2025-11-21 18:09:36,23.1,42.3,0.0,0.7,2.8,67.0,848.1,15.2,0,371,271
2025-11-21 18:25:19,22.6,46.5,0.0,0.4,1.1,71.0,848.3,15.4,0,265,261
2025-11-21 18:41:07,22.1,49.1,0.0,1.2,2.4,82.0,848.6,15.4,0,254,261
2025-11-21 18:56:33,21.7,50.4,0.0,0.5,1.1,69.0,848.8,15.3,0,254,260
2025-11-21 19:11:37,21.4,51.7,0.0,0.5,0.7,54.0,849.0,15.1,0,253,260
2025-11-21 19:26:53,20.9,53.8,0.0,0.6,0.9,79.0,849.2,15.0,0,253,261
2025-11-21 19:41:57,20.3,56.2,0.0,0.0,0.2,78.0,849.5,14.8,0,253,261
2025-11-21 19:57:02,19.6,59.1,0.0,0.1,0.4,78.0,849.8,14.6,0,254,260
2025-11-21 20:12:06,19.2,62.1,0.0,0.0,0.0,78.0,850.2,14.6,0,254,259
2025-11-21 20:27:32,18.5,64.5,0.0,0.0,0.2,78.0,850.3,14.3,0,254,260
2025-11-21 20:42:37,18.0,65.0,0.0,0.0,0.0,78.0,850.6,13.9,0,253,260
2025-11-21 20:57:42,17.7,67.0,0.0,0.1,0.4,78.0,850.9,13.8,0,253,260
2025-11-21 21:12:47,17.4,68.3,0.0,0.0,0.0,78.0,851.1,13.7,0,253,260
2025-11-21 21:27:51,17.0,70.1,0.0,0.0,0.0,78.0,851.3,13.5,0,253,261
2025-11-21 21:42:56,17.0,71.2,0.0,0.0,0.0,78.0,851.3,13.6,0,252,259
2025-11-21 21:58:01,16.6,72.6,0.0,0.0,0.0,78.0,851.4,13.4,0,253,259
2025-11-21 22:13:06,16.4,74.6,0.0,0.0,0.0,78.0,851.4,13.5,0,253,261
2025-11-21 22:28:11,16.5,73.7,0.0,0.0,0.0,78.0,851.5,13.4,0,253,259
2025-11-21 22:43:16,16.3,74.6,0.0,0.0,0.0,78.0,851.6,13.4,0,254,259
2025-11-21 22:58:38,16.1,76.7,0.0,0.0,0.0,78.0,851.5,13.4,0,254,260
2025-11-21 23:13:43,15.9,77.3,0.0,0.0,0.0,78.0,851.5,13.3,0,254,260
2025-11-21 23:28:47,15.6,78.3,0.0,0.0,0.0,78.0,851.4,13.1,0,253,261
2025-11-21 23:43:52,15.5,79.0,0.0,0.0,0.0,78.0,851.5,13.1,0,254,261
2025-11-21 23:58:57,15.2,80.5,0.0,0.0,0.0,78.0,851.5,13.0,0,253,260
2025-11-22 00:14:02,15.3,80.6,0.0,0.0,0.0,78.0,851.3,13.1,0,252,260
2025-11-22 00:29:07,15.2,80.9,0.0,0.0,0.0,78.0,851.1,13.0,0,254,259
2025-11-22 00:44:11,15.3,81.3,0.0,0.0,0.0,78.0,851.1,13.1,0,254,260
2025-11-22 00:59:16,15.9,79.3,0.0,0.0,0.0,78.0,851.1,13.5,0,254,260
2025-11-22 01:14:21,16.1,78.9,0.0,0.0,0.0,71.0,850.9,13.7,0,254,260
2025-11-22 01:29:44,16.5,78.9,0.0,0.0,0.0,71.0,850.8,14.0,0,252,261
2025-11-22 01:44:48,16.8,76.9,0.0,0.0,0.0,72.0,850.7,14.1,0,253,258
2025-11-22 01:59:53,16.7,77.7,0.0,0.0,0.0,72.0,850.6,14.1,0,255,260
2025-11-22 02:14:58,16.5,78.1,0.0,0.0,0.0,72.0,850.5,13.9,0,253,260
2025-11-22 02:30:03,16.5,79.7,0.0,0.0,0.0,72.0,850.4,14.1,0,252,259
2025-11-22 02:45:09,16.4,80.0,0.0,0.0,0.0,72.0,850.4,14.0,0,253,260
2025-11-22 03:00:53,16.2,80.5,0.0,0.0,0.0,72.0,850.3,13.9,0,253,260
2025-11-22 03:15:57,15.9,81.6,0.0,0.0,0.0,72.0,850.2,13.8,0,253,261
2025-11-22 03:31:02,15.7,82.2,0.0,0.0,0.0,72.0,850.3,13.7,0,254,260
2025-11-22 03:46:07,15.2,83.9,0.0,0.0,0.0,72.0,850.2,13.4,0,254,260
2025-11-22 04:01:12,14.8,85.3,0.0,0.0,0.0,72.0,850.3,13.2,0,254,260
2025-11-22 04:16:17,14.7,86.0,0.0,0.0,0.2,72.0,850.3,13.1,0,253,260
2025-11-22 04:31:23,14.5,86.8,0.0,0.0,0.0,72.0,850.4,13.0,0,254,260
2025-11-22 04:46:27,14.4,87.4,0.0,0.0,0.0,72.0,850.5,13.0,0,254,261
2025-11-22 05:01:52,14.2,87.8,0.0,0.0,0.0,72.0,850.6,12.8,0,251,260
2025-11-22 05:16:56,13.9,88.4,0.0,0.0,0.0,72.0,850.7,12.6,0,254,260
2025-11-22 05:32:01,13.8,89.4,0.0,0.0,0.0,72.0,850.7,12.6,0,254,261
2025-11-22 05:47:06,13.6,89.9,0.0,0.0,0.0,72.0,850.9,12.5,0,252,262
2025-11-22 06:02:11,13.7,90.6,0.0,0.0,0.0,72.0,851.2,12.7,0,259,261
2025-11-22 06:17:15,13.6,90.3,0.0,0.0,0.0,72.0,851.2,12.5,0,304,267
2025-11-22 06:32:20,13.5,90.4,0.0,0.0,0.0,72.0,851.3,12.4,0,401,275
2025-11-22 06:47:25,14.0,91.2,0.0,0.0,0.0,72.0,851.3,13.0,0,784,302
2025-11-22 07:02:30,14.8,90.4,0.0,0.0,0.2,72.0,851.4,13.7,0,1032,328
2025-11-22 07:17:35,15.9,86.4,0.0,0.0,0.0,74.0,851.4,14.3,0,818,322
2025-11-22 07:32:59,17.0,83.7,0.0,0.0,0.0,71.0,851.7,15.1,0,997,335
2025-11-22 07:48:03,17.8,79.2,0.0,0.3,0.9,80.0,852.0,15.3,0,2425,446
2025-11-22 08:03:08,19.0,75.8,0.0,0.2,0.7,147.0,852.1,16.0,0,2493,462
2025-11-22 08:18:13,20.0,71.2,0.0,0.9,1.3,147.0,852.1,16.4,0,2977,506
2025-11-22 08:33:18,20.8,68.5,0.0,0.8,1.1,92.0,852.2,16.9,0,3711,569
2025-11-22 08:49:03,22.8,62.4,0.0,0.3,0.7,46.0,852.0,17.9,0,4457,646
2025-11-22 09:04:08,23.6,59.0,0.0,0.7,2.4,92.0,852.0,18.1,0,5353,725
2025-11-22 09:19:19,22.9,59.3,0.0,0.5,1.7,63.0,851.8,17.5,0,5522,741
2025-11-22 09:34:24,23.1,58.8,0.0,1.2,2.4,72.0,851.9,17.6,0,6850,844
2025-11-22 09:50:20,22.6,58.5,0.0,1.2,2.6,65.0,852.1,17.2,0,6775,849
2025-11-22 10:05:25,24.2,53.3,0.0,1.5,2.4,66.0,852.1,17.8,0,7694,942
2025-11-22 10:20:26,24.5,52.4,0.0,1.2,3.7,70.0,851.9,17.9,0,2884,515
2025-11-22 10:35:31,24.4,53.6,0.0,0.3,1.1,105.0,851.9,18.0,0,7569,936
2025-11-22 10:51:23,24.1,55.0,0.0,0.5,1.1,133.0,851.6,18.0,0,8208,991
2025-11-22 11:06:28,24.3,52.6,0.0,0.6,2.4,76.0,851.4,17.8,0,2781,502
2025-11-22 11:22:13,23.4,54.5,0.0,2.0,4.8,71.0,851.3,17.3,0,3327,551
2025-11-22 11:37:19,23.3,56.4,0.0,1.4,3.5,85.0,851.2,17.5,0,7162,893
2025-11-22 11:53:12,23.3,54.8,0.0,1.8,3.9,72.0,850.9,17.3,0,3808,594
2025-11-22 12:08:17,23.5,55.3,0.0,0.7,2.4,87.0,850.8,17.5,0,4615,670
2025-11-22 12:24:15,23.4,53.7,0.0,1.7,2.8,81.0,850.8,17.2,0,2353,462
2025-11-22 12:40:15,24.4,52.6,0.0,1.1,2.2,76.0,850.5,17.9,0,3694,583
2025-11-22 12:55:19,24.1,52.4,0.0,1.4,2.2,68.0,850.2,17.6,0,3614,579
2025-11-22 13:10:24,24.6,50.0,0.0,1.2,2.6,90.0,850.0,17.7,0,2260,452
2025-11-22 13:25:29,24.8,48.7,0.0,0.5,2.0,92.0,849.9,17.6,0,2823,503
2025-11-22 13:40:34,24.6,50.1,0.0,0.9,2.0,74.0,849.7,17.7,0,4515,660
2025-11-22 13:56:21,25.3,48.5,0.0,1.0,1.5,68.0,849.3,18.0,0,5302,736
2025-11-22 14:11:56,27.1,44.9,0.0,0.6,2.2,103.0,849.1,18.9,0,7159,900
2025-11-22 14:27:16,27.2,41.3,0.0,0.5,1.6,93.0,849.0,18.4,0,6543,843
2025-11-22 14:42:21,28.0,41.2,0.0,0.2,0.9,52.0,848.8,19.1,0,6019,795
2025-11-22 14:57:26,28.5,42.3,0.0,0.3,1.3,77.0,848.7,19.6,0,5238,725
2025-11-22 15:12:31,27.7,40.6,0.0,0.6,2.2,71.0,848.6,18.7,0,5152,718
2025-11-22 15:27:35,27.9,40.1,0.0,0.9,2.8,111.0,848.5,18.8,0,4920,693
2025-11-22 15:42:41,28.5,40.2,0.0,1.3,3.7,86.0,848.3,19.3,0,4511,656
2025-11-22 15:57:45,28.1,38.9,0.0,0.6,1.1,115.0,848.3,18.7,0,1671,415
2025-11-22 16:12:50,27.4,40.7,0.0,1.3,2.8,67.0,848.4,18.4,0,3587,569
2025-11-22 16:27:54,28.0,39.6,0.0,0.1,0.2,52.0,848.3,18.8,0,3087,522
2025-11-22 16:43:17,28.0,39.7,0.0,0.9,2.8,69.0,848.4,18.8,0,2509,468
2025-11-22 16:58:22,26.6,40.9,0.0,1.1,2.2,114.0,848.4,17.9,0,1566,387
2025-11-22 17:13:26,25.1,43.8,0.0,0.6,2.0,119.0,848.4,17.1,0,1266,358
2025-11-22 17:28:52,24.6,47.2,0.0,0.2,0.7,126.0,848.5,17.2,0,612,304
2025-11-22 17:44:16,23.8,49.9,0.0,0.2,0.7,127.0,848.7,16.9,0,508,292
2025-11-22 17:59:20,23.2,51.1,0.0,0.3,0.7,83.0,848.8,16.6,0,425,280
2025-11-22 18:14:26,22.6,51.4,0.0,1.0,3.7,65.0,848.8,16.1,0,334,270
2025-11-22 18:29:31,22.0,53.5,0.0,0.3,0.7,121.0,849.0,16.0,0,275,262
2025-11-22 18:44:35,21.6,54.3,0.0,0.1,0.4,93.0,849.2,15.7,0,254,260
2025-11-22 18:59:40,21.1,56.6,0.0,0.2,0.6,94.0,849.4,15.5,0,254,260
2025-11-22 19:14:45,20.5,58.6,0.0,0.0,0.0,62.0,849.5,15.3,0,253,259
2025-11-22 19:29:50,20.1,60.3,0.0,0.0,0.0,49.0,849.7,15.2,0,253,260
2025-11-22 19:44:54,19.7,62.0,0.0,0.1,0.2,49.0,849.9,15.0,0,253,261
2025-11-22 19:59:59,19.5,64.2,0.0,0.2,0.4,33.0,849.9,15.0,0,254,261
2025-11-22 20:15:22,19.5,65.4,0.0,0.2,0.7,90.0,850.2,15.3,0,254,260
2025-11-22 20:30:27,19.4,65.9,0.0,0.2,0.9,86.0,850.4,15.2,0,255,259
2025-11-22 20:45:32,19.4,66.7,0.0,0.9,1.3,82.0,850.6,15.3,0,254,261
2025-11-22 21:00:37,19.1,68.0,0.0,0.1,0.7,64.0,850.8,15.2,0,254,260
2025-11-22 21:15:42,18.9,68.8,0.0,0.2,0.4,94.0,850.8,15.1,0,253,260
2025-11-22 21:30:47,18.7,69.6,0.0,0.3,0.7,61.0,850.7,15.1,0,253,261
2025-11-22 21:45:52,18.4,70.8,0.0,0.1,0.2,31.0,850.7,14.8,0,253,259
2025-11-22 22:00:57,17.8,72.8,0.0,0.0,0.0,94.0,850.8,14.6,0,254,259
2025-11-22 22:16:34,17.2,75.9,0.0,0.0,0.0,94.0,850.9,14.4,0,252,261
2025-11-22 22:31:40,16.8,77.4,0.0,0.0,0.0,57.0,850.7,14.2,0,254,261
2025-11-22 22:46:45,16.6,78.9,0.0,0.0,0.0,57.0,850.8,14.1,0,254,260
2025-11-22 23:01:49,16.2,80.4,0.0,0.0,0.0,57.0,851.0,13.9,0,252,260
2025-11-22 23:16:54,16.2,81.2,0.0,0.0,0.0,57.0,850.9,14.0,0,254,260
2025-11-22 23:31:59,16.1,80.9,0.0,0.0,0.0,57.0,850.9,13.9,0,253,261
2025-11-22 23:47:04,15.8,81.8,0.0,0.0,0.0,57.0,850.9,13.7,0,253,261
2025-11-23 00:02:09,15.4,83.2,0.0,0.0,0.0,57.0,850.9,13.5,0,253,260
2025-11-23 00:17:32,15.3,85.2,0.0,0.0,0.0,57.0,851.0,13.6,0,253,260
2025-11-23 00:32:37,15.3,84.8,0.0,0.0,0.0,57.0,850.9,13.5,0,253,260
2025-11-23 00:47:42,14.9,85.7,0.0,0.0,0.0,57.0,850.9,13.3,0,253,261
2025-11-23 01:02:47,15.0,86.2,0.0,0.0,0.0,57.0,850.9,13.5,0,253,260
2025-11-23 01:17:52,15.4,84.9,0.0,0.0,0.0,57.0,850.7,13.6,0,253,260
2025-11-23 01:32:57,15.2,84.7,0.0,0.0,0.0,57.0,850.7,13.4,0,253,261
2025-11-23 01:48:01,14.9,85.9,0.0,0.0,0.0,57.0,850.7,13.3,0,253,260
2025-11-23 02:03:07,14.6,86.6,0.0,0.0,0.0,57.0,850.5,13.1,0,253,260
2025-11-23 02:18:12,14.4,87.7,0.0,0.0,0.2,57.0,850.5,13.0,0,252,260
2025-11-23 02:33:16,14.5,88.2,0.0,0.0,0.0,57.0,850.4,13.2,0,255,261
2025-11-23 02:48:40,14.8,88.0,0.0,0.0,0.0,57.0,850.5,13.4,0,252,260
2025-11-23 03:00:44,14.9,87.4,0.0,0.0,0.0,57.0,850.5,13.5,0,253,260
2025-11-23 03:15:49,15.2,87.0,0.0,0.0,0.0,57.0,850.5,13.7,0,254,259
2025-11-23 03:30:54,15.1,86.0,0.0,0.0,0.0,57.0,850.4,13.5,0,253,260
2025-11-23 03:45:59,14.9,86.2,0.0,0.0,0.0,57.0,850.6,13.3,0,253,260
2025-11-23 04:01:04,14.9,86.7,0.0,0.0,0.0,57.0,850.5,13.4,0,253,260
2025-11-23 04:16:09,15.0,87.2,0.0,0.0,0.0,57.0,850.6,13.5,0,254,261
2025-11-23 04:31:14,15.1,87.3,0.0,0.0,0.0,57.0,850.7,13.6,0,254,260
2025-11-23 04:46:19,15.5,86.7,0.0,0.0,0.0,57.0,850.7,13.9,0,254,260
2025-11-23 05:01:23,15.7,86.2,0.0,0.0,0.0,57.0,850.7,14.1,0,253,260
2025-11-23 05:16:46,16.0,85.6,0.0,0.0,0.2,57.0,850.9,14.3,0,252,259
2025-11-23 05:31:50,16.0,85.4,0.0,0.0,0.2,57.0,851.2,14.3,0,254,259
2025-11-23 05:46:55,16.0,85.5,0.0,0.2,0.4,57.0,851.3,14.3,0,253,260
2025-11-23 06:02:00,15.8,86.2,0.0,0.3,0.7,94.0,851.5,14.2,0,264,261
2025-11-23 06:17:04,15.6,87.5,0.0,0.0,0.2,96.0,851.7,14.2,0,298,265
2025-11-23 06:32:09,15.7,88.0,0.0,0.0,0.0,96.0,851.9,14.3,0,344,269
2025-11-23 06:47:14,16.2,88.9,0.0,0.1,0.9,75.0,851.9,14.9,0,704,300
2025-11-23 07:02:19,16.8,88.4,0.0,0.3,0.9,5.0,851.9,15.4,0,796,311
2025-11-23 07:17:23,17.1,88.1,0.0,0.0,0.4,106.0,852.1,15.7,0,752,311
2025-11-23 07:32:28,17.5,86.8,0.0,0.8,1.7,68.0,852.3,16.0,0,1154,343
2025-11-23 07:47:53,17.9,85.2,0.0,1.0,2.0,92.0,852.3,16.1,0,712,304
2025-11-23 08:02:58,17.7,85.3,0.0,0.5,0.9,67.0,852.3,16.0,0,610,294
2025-11-23 08:18:02,17.8,86.8,0.0,0.4,0.9,69.0,852.4,16.2,0,1600,384
2025-11-23 08:33:07,18.9,83.3,0.0,0.3,0.7,76.0,852.3,16.8,0,1701,397
2025-11-23 08:48:12,19.4,79.9,0.0,0.0,0.2,120.0,852.4,16.9,0,1379,366
2025-11-23 09:03:17,19.2,78.5,0.0,0.7,1.3,48.0,852.5,16.6,0,1175,348
2025-11-23 09:18:22,19.3,78.8,0.0,0.3,0.8,135.0,852.5,16.7,0,2128,436
2025-11-23 09:33:26,19.6,78.5,0.0,0.4,1.5,92.0,852.6,17.0,0,1450,378
2025-11-23 09:49:07,19.9,75.9,0.0,0.8,1.5,57.0,852.6,16.9,0,2285,462
2025-11-23 10:04:11,20.1,71.8,0.0,1.3,2.2,74.0,852.4,16.6,0,8755,1031
2025-11-23 10:20:05,21.8,65.0,0.0,1.5,3.5,88.0,852.3,17.3,0,8740,1044
2025-11-23 10:35:11,21.8,64.2,0.0,0.9,1.5,81.0,852.3,17.2,0,2338,458
2025-11-23 10:50:16,21.6,64.0,0.0,1.9,3.5,99.0,852.3,17.0,0,2761,500
2025-11-23 11:05:21,22.0,63.2,0.0,1.4,3.1,62.0,852.3,17.3,0,2942,515
2025-11-23 11:20:29,23.0,61.1,0.0,1.0,2.6,75.0,852.0,17.9,0,8891,1066
2025-11-23 11:35:34,23.2,58.3,0.0,1.1,3.1,61.0,851.8,17.6,0,9665,1125
2025-11-23 11:50:40,24.7,54.6,0.0,1.5,4.6,104.0,851.5,18.4,0,3880,624
2025-11-23 12:06:06,24.4,52.8,0.0,2.3,3.5,81.0,851.4,17.9,0,3497,570
2025-11-23 12:21:11,23.7,51.3,0.0,1.3,3.5,82.0,851.2,17.1,0,8034,987
2025-11-23 12:36:16,23.9,53.7,0.0,0.6,1.5,114.0,851.1,17.6,0,2568,476
2025-11-23 12:51:20,24.4,53.0,0.0,0.4,1.2,29.0,851.0,17.9,0,9589,1133
2025-11-23 13:06:25,25.1,49.1,0.0,1.0,3.3,184.0,850.6,17.9,0,5422,762
2025-11-23 13:21:30,25.7,47.8,0.0,0.5,1.3,107.0,850.4,18.2,0,7938,990
2025-11-23 13:36:35,26.3,46.8,0.0,0.7,2.2,60.0,850.1,18.6,0,8698,1044
2025-11-23 13:51:40,25.8,44.7,0.0,0.4,1.1,203.0,849.7,17.8,0,8271,1010
2025-11-23 14:06:44,27.6,44.5,0.0,0.5,1.3,61.0,849.5,19.3,0,7994,985
2025-11-23 14:22:06,26.1,44.0,0.0,1.1,2.0,54.0,849.4,17.9,0,8054,978
2025-11-23 14:37:15,26.7,43.2,0.0,1.2,3.7,103.0,849.1,18.3,0,2056,449
2025-11-23 14:52:20,26.8,42.1,0.0,0.3,1.3,188.0,849.0,18.2,0,6545,848
2025-11-23 15:07:25,28.0,38.8,0.0,0.1,0.4,111.0,849.0,18.6,0,6172,811
2025-11-23 15:22:29,27.1,41.5,0.0,0.6,2.0,155.0,848.9,18.4,0,1153,358
2025-11-23 15:37:34,27.3,41.1,0.0,0.8,2.0,133.0,848.8,18.5,0,5304,729
2025-11-23 15:52:39,27.4,41.5,0.0,0.9,2.6,119.0,848.7,18.6,0,1642,394
2025-11-23 16:07:43,24.1,56.4,0.0,2.7,5.5,88.0,849.1,18.1,0,919,332
2025-11-23 16:22:44,22.3,64.1,0.0,2.0,4.4,77.0,849.3,17.6,0,3067,520
2025-11-23 16:38:13,23.1,59.5,0.0,2.2,3.9,76.0,849.6,17.7,0,2608,477
2025-11-23 16:53:17,22.5,60.5,0.0,1.2,2.4,76.0,849.6,17.3,0,1172,352
2025-11-23 17:09:15,21.2,62.4,0.0,2.0,3.9,84.0,849.9,16.4,0,733,306
2025-11-23 17:24:20,20.9,63.0,0.0,0.8,2.4,98.0,849.9,16.2,0,608,301
2025-11-23 17:39:29,20.5,62.5,0.0,0.7,1.7,112.0,850.0,15.8,0,513,293
2025-11-23 17:54:34,20.3,61.5,0.0,0.6,2.2,55.0,850.1,15.5,0,408,282
2025-11-23 18:09:39,20.0,62.1,0.0,0.6,1.7,64.0,850.1,15.3,0,324,269
2025-11-23 18:24:44,19.8,62.4,0.0,0.5,1.3,108.0,850.0,15.1,0,272,262
2025-11-23 18:39:49,19.3,63.5,0.0,0.0,0.0,104.0,850.2,14.8,0,255,259
2025-11-23 18:55:14,18.8,67.8,0.0,0.2,0.4,103.0,850.3,14.9,0,253,260
2025-11-23 19:10:18,18.4,69.5,0.0,0.1,0.4,358.0,850.3,14.7,0,254,262
2025-11-23 19:25:23,17.8,72.2,0.0,0.0,0.0,357.0,850.3,14.5,0,253,261
2025-11-23 19:40:28,17.2,74.5,0.0,0.0,0.0,357.0,850.3,14.2,0,252,261
2025-11-23 19:55:32,16.9,75.9,0.0,0.0,0.0,357.0,850.4,14.1,0,254,261
2025-11-23 20:10:37,16.6,77.0,0.0,0.0,0.0,357.0,850.6,13.9,0,253,261
2025-11-23 20:25:42,16.3,77.5,0.0,0.1,0.2,358.0,850.8,13.7,0,252,260
2025-11-23 20:40:47,16.1,80.4,0.0,0.1,0.4,358.0,851.1,13.9,0,253,261
2025-11-23 20:55:52,16.1,80.7,0.0,0.0,0.0,357.0,851.4,13.8,0,253,261
2025-11-23 21:10:56,16.0,79.7,0.0,0.2,0.4,358.0,851.6,13.7,0,253,261
2025-11-23 21:26:20,15.8,80.8,0.0,0.0,0.2,358.0,851.6,13.6,0,253,259
2025-11-23 21:41:24,15.5,81.8,0.0,0.0,0.0,357.0,851.8,13.4,0,252,260
2025-11-23 21:56:29,15.4,81.8,0.0,0.0,0.2,358.0,851.8,13.3,0,253,260
2025-11-23 22:11:34,15.2,82.7,0.0,0.0,0.0,357.0,851.9,13.2,0,253,262
2025-11-23 22:26:38,15.0,83.2,0.0,0.0,0.0,357.0,851.9,13.1,0,253,261
2025-11-23 22:41:43,14.8,83.4,0.0,0.0,0.0,357.0,851.7,12.9,0,253,259
2025-11-23 22:56:48,14.6,83.8,0.0,0.0,0.0,357.0,851.8,12.8,0,252,260
2025-11-23 23:11:53,14.6,83.4,0.0,0.0,0.0,357.0,851.9,12.8,0,254,260
2025-11-23 23:26:58,14.4,83.5,0.0,0.0,0.0,357.0,851.9,12.6,0,254,259
2025-11-23 23:42:03,14.2,84.4,0.0,0.1,0.2,358.0,851.6,12.4,0,253,260
2025-11-23 23:57:25,13.9,84.8,0.0,0.0,0.0,357.0,851.7,12.2,0,253,261
2025-11-24 00:12:30,13.7,85.4,0.0,0.0,0.0,357.0,851.6,12.0,0,252,260
2025-11-24 00:27:35,13.6,85.6,0.0,0.0,0.0,357.0,851.5,12.0,0,253,261
2025-11-24 00:42:40,13.4,86.1,0.0,0.1,0.2,358.0,851.5,11.9,0,254,261
2025-11-24 00:57:45,13.2,86.3,0.0,0.0,0.2,358.0,851.3,11.6,0,252,259
2025-11-24 01:13:39,12.9,86.3,0.0,0.0,0.0,357.0,851.0,11.4,0,254,259
2025-11-24 01:28:44,12.8,85.8,0.0,0.0,0.0,357.0,851.0,11.2,0,253,260
2025-11-24 01:43:49,12.6,86.1,0.0,0.0,0.0,357.0,850.9,11.1,0,252,260
2025-11-24 01:59:33,12.5,85.8,0.0,0.0,0.0,357.0,850.8,10.9,0,253,260
2025-11-24 02:14:39,12.5,86.3,0.0,0.0,0.0,357.0,850.8,11.0,0,253,259
2025-11-24 02:29:44,12.4,86.2,0.0,0.0,0.2,358.0,850.7,10.8,0,254,260
2025-11-24 02:44:48,12.2,86.2,0.0,0.0,0.2,358.0,850.6,10.7,0,253,261
2025-11-24 03:00:36,12.1,86.7,0.0,0.0,0.0,357.0,850.6,10.7,0,253,259
2025-11-24 03:15:41,12.2,86.5,0.0,0.0,0.0,357.0,850.7,10.7,0,254,262
2025-11-24 03:30:46,12.1,87.1,0.0,0.0,0.0,357.0,850.7,10.7,0,253,261
2025-11-24 03:45:50,12.0,86.2,0.0,0.0,0.0,357.0,850.8,10.5,0,253,259
2025-11-24 04:00:55,12.2,85.5,0.0,0.2,0.7,358.0,850.8,10.6,0,253,261
2025-11-24 04:16:01,12.7,83.1,0.0,0.2,0.7,358.0,850.9,10.9,0,254,259
2025-11-24 04:31:39,13.2,81.7,0.0,0.0,0.4,30.0,851.0,11.2,0,253,260
2025-11-24 04:47:39,13.9,79.7,0.0,0.1,0.5,30.0,851.2,11.6,0,254,260
2025-11-24 05:02:44,14.2,79.5,0.0,0.2,0.8,30.0,851.2,11.9,0,254,260
2025-11-24 05:18:36,14.1,80.6,0.0,0.0,0.0,30.0,851.3,11.9,0,253,260
2025-11-24 05:33:41,13.6,82.2,0.0,0.0,0.0,30.0,851.4,11.6,0,253,261
2025-11-24 05:48:46,13.3,84.2,0.0,0.0,0.0,30.0,851.6,11.6,0,254,260
2025-11-24 06:03:51,13.5,84.8,0.0,0.0,0.2,30.0,851.8,11.8,0,262,261
2025-11-24 06:18:56,13.8,84.4,0.0,0.1,0.2,30.0,852.1,12.1,0,293,264
2025-11-24 06:34:01,14.2,83.9,0.0,0.1,0.2,30.0,852.2,12.4,0,397,276
2025-11-24 06:49:07,14.4,83.0,0.0,0.0,0.0,32.0,852.3,12.5,0,544,289
2025-11-24 07:04:12,14.9,81.8,0.0,0.1,0.2,32.0,852.4,12.8,0,756,308
2025-11-24 07:19:17,14.8,80.5,0.0,0.0,0.2,235.0,852.5,12.6,0,927,324
2025-11-24 07:34:39,15.4,78.8,0.0,0.4,0.7,235.0,852.6,12.9,0,1473,375
2025-11-24 07:49:41,16.4,74.8,0.0,0.1,0.2,94.0,852.8,13.5,0,1502,379
2025-11-24 08:04:45,16.8,74.3,0.0,0.1,0.4,93.0,853.1,13.8,0,1703,397
2025-11-24 08:19:50,17.6,72.4,0.0,0.3,0.7,93.0,853.2,14.3,0,1786,405
2025-11-24 08:34:55,18.2,71.1,0.0,0.4,0.9,94.0,853.3,14.7,0,1800,406
2025-11-24 08:50:00,19.2,70.3,0.0,0.5,1.1,93.0,853.4,15.5,0,2397,461
2025-11-24 09:05:50,20.2,67.6,0.0,0.4,1.1,93.0,853.4,16.2,0,3875,601
2025-11-24 09:20:55,22.2,64.8,0.0,0.4,1.1,86.0,853.3,17.6,0,3130,544
2025-11-24 09:36:00,23.0,59.6,0.0,0.4,1.1,73.0,853.3,17.6,0,6156,806
2025-11-24 09:51:48,23.5,57.6,0.0,0.8,1.3,81.0,853.3,17.9,0,5933,789
2025-11-24 10:06:53,24.6,57.0,0.0,0.5,1.7,75.0,853.0,18.7,0,6905,883
2025-11-24 10:21:58,24.7,54.7,0.0,0.5,2.2,197.0,852.9,18.4,0,7979,978
2025-11-24 10:37:03,24.7,56.7,0.0,0.4,1.1,336.0,852.8,18.7,0,7791,964
2025-11-24 10:52:07,25.9,52.3,0.0,0.1,0.4,75.0,852.5,19.2,0,7841,980
2025-11-24 11:07:11,25.4,52.5,0.0,0.8,1.5,82.0,852.3,18.7,0,7401,935
2025-11-24 11:22:16,24.5,53.0,0.0,0.2,0.9,100.0,852.2,18.0,0,2602,488
2025-11-24 11:37:20,25.4,49.2,0.0,1.0,2.4,94.0,851.8,18.2,0,9851,1156
2025-11-24 11:52:51,26.9,47.7,0.0,0.1,0.4,117.0,851.5,19.3,0,8756,1067
2025-11-24 12:07:56,26.5,46.7,0.0,0.9,3.1,101.0,851.4,18.7,0,9759,1140
2025-11-24 12:23:08,25.2,47.7,0.0,1.2,2.2,67.0,851.2,17.8,0,9524,1126
2025-11-24 12:38:13,26.6,44.7,0.0,1.2,2.4,183.0,850.9,18.5,0,9952,1171
2025-11-24 12:53:18,26.9,44.3,0.0,0.9,3.1,173.0,850.9,18.7,0,10407,1210
2025-11-24 13:08:57,26.8,45.8,0.0,0.3,0.9,134.0,850.7,18.8,0,3641,584
2025-11-24 13:24:02,25.4,50.3,0.0,1.1,2.4,142.0,850.6,18.4,0,8536,1042
2025-11-24 13:39:07,25.7,47.3,0.0,1.2,3.1,90.0,850.5,18.2,0,8783,1055
2025-11-24 13:54:12,27.3,42.7,0.0,1.8,3.1,155.0,850.2,18.8,0,8201,1010
2025-11-24 14:09:17,28.8,38.6,0.0,0.5,1.6,39.0,849.9,19.2,0,7287,928
2025-11-24 14:24:22,28.7,39.8,0.0,0.3,0.7,153.0,849.6,19.4,0,7954,981
2025-11-24 14:39:27,27.9,40.9,0.0,0.7,1.5,85.0,849.5,18.9,0,6766,872
2025-11-24 14:54:32,29.5,41.0,0.0,0.1,0.4,23.0,849.2,20.2,0,6164,818
2025-11-24 15:10:11,28.7,39.7,0.0,1.1,2.0,135.0,849.1,19.4,0,5621,765
2025-11-24 15:26:00,29.0,40.5,0.0,0.8,2.0,118.0,849.1,19.7,0,1513,400
2025-11-24 15:41:26,28.1,42.0,0.0,1.0,2.4,83.0,849.1,19.3,0,4768,680
2025-11-24 15:56:31,28.7,40.5,0.0,2.2,4.4,80.0,848.9,19.5,0,4025,614
2025-11-24 16:11:35,28.1,41.7,0.0,1.8,3.5,191.0,849.1,19.2,0,3772,588
2025-11-24 16:26:41,27.0,45.0,0.0,1.0,2.8,123.0,849.1,18.9,0,3108,522
2025-11-24 16:41:46,27.2,45.6,0.0,0.5,1.3,138.0,849.2,19.2,0,2781,492
2025-11-24 16:57:45,26.7,45.5,0.0,0.7,1.7,134.0,849.3,18.7,0,1991,420
2025-11-24 17:12:50,25.7,46.8,0.0,0.5,2.0,132.0,849.3,18.1,0,1255,357
2025-11-24 17:27:54,24.8,49.2,0.0,0.1,0.4,121.0,849.5,17.7,0,791,319
2025-11-24 17:43:00,24.3,51.4,0.0,0.5,2.8,145.0,849.6,17.6,0,448,286
2025-11-24 17:58:04,23.7,52.7,0.0,0.8,2.4,71.0,849.7,17.3,0,408,281
2025-11-24 18:13:30,23.2,55.7,0.0,1.3,3.1,86.0,849.9,17.3,0,343,270
2025-11-24 18:28:35,22.8,57.7,0.0,0.1,0.7,141.0,850.0,17.2,0,275,262
2025-11-24 18:43:40,22.3,59.8,0.0,0.5,1.3,85.0,850.2,17.1,0,254,262
2025-11-24 18:58:45,21.9,61.1,0.0,0.6,2.6,73.0,850.4,16.9,0,253,260
2025-11-24 19:13:50,21.7,60.8,0.0,0.8,2.0,79.0,850.4,16.6,0,254,260
2025-11-24 19:28:55,21.5,60.6,0.0,0.8,2.0,71.0,850.7,16.4,0,252,260
2025-11-24 19:44:00,21.3,61.3,0.0,0.6,2.0,70.0,850.9,16.3,0,253,260
2025-11-24 19:59:40,21.1,63.7,0.0,0.4,1.7,79.0,851.1,16.5,0,253,261
2025-11-24 20:14:45,20.8,65.8,0.0,0.2,0.7,76.0,851.3,16.5,0,254,261
2025-11-24 20:29:50,20.4,67.4,0.0,0.1,0.4,77.0,851.5,16.3,0,253,261
2025-11-24 20:44:55,20.1,69.1,0.0,0.3,0.7,89.0,851.7,16.3,0,253,259
2025-11-24 21:00:00,19.8,70.3,0.0,0.0,0.0,95.0,851.9,16.1,0,254,260
2025-11-24 21:15:05,19.5,72.1,0.0,0.3,0.9,67.0,851.9,16.1,0,253,261
2025-11-24 21:30:11,19.5,72.9,0.0,0.8,1.7,76.0,852.1,16.2,0,254,260
2025-11-24 21:45:16,19.5,73.6,0.0,0.8,1.5,79.0,852.0,16.3,0,255,261
2025-11-24 22:00:40,19.3,74.4,0.0,0.4,1.1,140.0,852.0,16.2,0,254,261
2025-11-24 22:15:45,19.0,75.7,0.0,0.0,0.2,140.0,851.9,16.1,0,253,260
2025-11-24 22:30:50,18.7,77.2,0.0,0.0,0.0,140.0,852.0,15.9,0,254,261
2025-11-24 22:45:54,18.4,78.5,0.0,0.0,0.2,140.0,852.0,15.8,0,254,260
2025-11-24 23:01:00,18.7,78.0,0.0,0.4,0.9,140.0,851.9,16.1,0,254,260
2025-11-24 23:16:46,18.9,77.5,0.0,0.0,0.2,140.0,851.9,16.2,0,254,261
2025-11-24 23:31:51,18.7,77.5,0.0,0.2,0.7,140.0,851.9,16.0,0,253,259
2025-11-24 23:46:56,18.3,80.4,0.0,0.0,0.2,140.0,851.7,15.9,0,253,261
2025-11-25 00:01:58,17.8,84.8,0.2,0.1,0.4,140.0,851.6,16.0,0,254,262
2025-11-25 00:17:03,17.5,86.8,0.0,0.0,0.0,140.0,851.5,15.9,0,253,260
2025-11-25 00:32:07,17.2,87.6,0.0,0.0,0.0,140.0,851.3,15.7,0,253,259
2025-11-25 00:47:12,16.8,87.8,0.0,0.0,0.0,140.0,851.2,15.4,0,254,261
2025-11-25 01:02:17,16.9,88.8,0.0,0.0,0.0,140.0,851.3,15.6,0,254,261
2025-11-25 01:17:22,17.2,89.0,0.0,0.0,0.0,141.0,851.3,15.9,0,254,259
2025-11-25 01:32:27,17.5,88.5,0.0,0.1,0.7,141.0,851.1,16.1,0,254,260
2025-11-25 01:47:49,17.8,87.7,0.0,0.0,0.0,113.0,851.1,16.3,0,253,259
2025-11-25 02:02:54,18.0,86.2,0.0,0.4,1.5,153.0,851.0,16.3,0,253,261
2025-11-25 02:17:59,18.0,86.1,0.0,0.7,1.5,82.0,850.9,16.3,0,253,261
2025-11-25 02:33:04,17.7,86.7,0.0,0.0,0.0,89.0,850.8,16.2,0,254,260
2025-11-25 02:48:57,17.6,88.2,0.0,0.4,1.1,142.0,850.7,16.2,0,253,260
2025-11-25 03:00:01,17.6,88.7,0.0,0.6,1.3,142.0,850.7,16.3,0,253,260
2025-11-25 03:15:05,17.5,89.1,0.0,0.0,0.2,101.0,850.6,16.3,0,253,261
2025-11-25 03:30:10,17.6,89.6,0.0,0.2,1.3,103.0,850.8,16.4,0,253,261
2025-11-25 03:45:15,17.6,89.2,0.0,0.2,0.4,202.0,850.8,16.4,0,252,259
2025-11-25 04:00:19,17.7,88.8,0.0,0.1,0.4,126.0,850.8,16.4,0,253,260
2025-11-25 04:15:24,17.6,88.8,0.0,0.0,0.2,104.0,850.7,16.3,0,254,260
2025-11-25 04:30:29,17.4,88.7,0.0,0.3,0.9,62.0,850.7,16.1,0,253,261
2025-11-25 04:45:33,17.3,89.7,0.0,0.3,0.7,97.0,850.9,16.0,0,253,259
2025-11-25 05:00:57,17.2,90.1,0.0,0.3,0.9,113.0,850.9,16.0,0,253,261
2025-11-25 05:16:01,17.1,90.2,0.0,0.0,0.4,97.0,851.0,15.9,0,253,260
2025-11-25 05:31:06,16.9,90.7,0.0,0.0,0.0,106.0,851.1,15.8,0,253,260
2025-11-25 05:46:11,16.8,91.2,0.0,0.0,0.0,73.0,851.3,15.8,0,253,260
2025-11-25 06:01:16,16.9,91.6,0.0,0.1,0.4,31.0,851.4,15.9,0,260,261
2025-11-25 06:16:21,17.0,91.7,0.0,0.0,0.2,97.0,851.6,16.0,0,289,264
2025-11-25 06:32:07,16.9,91.7,0.0,0.0,0.2,81.0,851.6,15.9,0,384,274
2025-11-25 06:47:13,17.0,91.9,0.0,0.0,0.0,45.0,851.8,16.1,0,635,297
2025-11-25 07:02:18,17.3,91.4,0.0,0.2,0.9,104.0,852.0,16.3,0,690,304
2025-11-25 07:17:23,18.0,89.2,0.0,0.2,0.7,71.0,852.3,16.8,0,914,329
2025-11-25 07:32:28,18.4,86.8,0.0,0.5,1.5,59.0,852.3,16.8,0,2212,428
2025-11-25 07:47:33,18.9,82.2,0.0,1.4,2.4,99.0,852.4,16.7,0,976,338
2025-11-25 08:02:37,19.0,82.5,0.0,0.2,0.9,85.0,852.6,16.8,0,1649,391
2025-11-25 08:17:42,20.3,78.6,0.0,0.0,0.2,92.0,852.6,17.7,0,4634,640
2025-11-25 08:33:07,20.8,74.1,0.0,0.2,0.7,92.0,852.6,17.6,0,1959,427
2025-11-25 08:48:11,22.2,67.5,0.0,0.7,1.5,135.0,852.5,18.0,0,4228,636
2025-11-25 09:03:16,22.9,64.3,0.0,1.9,2.8,80.0,852.5,18.2,0,5180,720
2025-11-25 09:18:21,22.3,67.7,0.0,0.1,0.4,128.0,852.7,18.1,0,5813,781
2025-11-25 09:33:26,23.4,62.5,0.0,1.0,1.7,156.0,852.7,18.4,0,6888,882
2025-11-25 09:48:31,23.8,59.8,0.0,1.4,3.1,55.0,852.7,18.4,0,8026,982
2025-11-25 10:03:35,23.8,60.5,0.0,0.9,2.0,202.0,852.6,18.5,0,2423,474
2025-11-25 10:19:14,22.3,62.7,0.0,0.5,2.3,60.0,852.6,17.4,0,3202,557
2025-11-25 10:35:20,24.6,57.6,0.0,0.9,2.4,79.0,852.3,18.8,0,7554,957
2025-11-25 10:50:24,24.4,58.3,0.0,0.3,0.7,105.0,852.1,18.7,0,8093,1004
2025-11-25 11:05:29,25.3,55.2,0.0,1.0,1.7,71.0,851.9,19.0,0,9777,1141
2025-11-25 11:21:18,25.3,52.8,0.0,0.9,2.0,83.0,851.8,18.7,0,9705,1129
2025-11-25 11:36:23,24.5,55.2,0.0,1.3,2.8,69.0,851.7,18.3,0,2527,476
2025-11-25 11:52:17,24.9,52.5,0.0,0.8,1.7,50.0,851.5,18.3,0,2350,479
2025-11-25 12:07:29,24.6,50.0,0.0,1.0,2.8,114.0,851.2,17.7,0,8770,1062
2025-11-25 12:23:25,25.2,49.9,0.0,0.3,0.9,138.0,851.1,18.2,0,3168,540
2025-11-25 12:38:30,26.4,47.3,0.0,1.2,2.4,94.0,850.8,18.7,0,2581,487
2025-11-25 12:53:36,26.8,48.3,0.0,0.5,2.4,145.0,850.6,19.2,0,3472,582
2025-11-25 13:08:40,26.3,47.4,0.0,0.8,1.5,67.0,850.4,18.7,0,1825,415
2025-11-25 13:24:21,26.9,44.5,0.0,0.9,2.2,89.0,850.2,18.7,0,8984,1079
2025-11-25 13:39:26,27.3,43.7,0.0,0.5,1.7,67.0,850.0,18.9,0,4586,684
2025-11-25 13:54:30,27.4,45.0,0.0,0.2,0.7,64.0,849.7,19.2,0,2333,468
2025-11-25 14:09:35,26.7,45.5,0.0,0.7,2.6,167.0,849.4,18.7,0,7794,970
2025-11-25 14:25:00,29.3,42.6,0.0,0.2,0.4,102.0,849.3,20.4,0,7363,930
2025-11-25 14:40:27,28.4,42.3,0.0,1.7,3.3,88.0,849.1,19.6,0,7210,915
2025-11-25 14:55:32,27.5,42.2,0.0,1.4,4.4,114.0,849.1,18.8,0,1807,414
2025-11-25 15:10:38,26.4,47.7,0.0,1.0,2.6,106.0,849.0,18.8,0,1202,368
2025-11-25 15:25:54,28.8,42.7,0.0,0.3,0.7,120.0,848.7,20.0,0,6526,840
2025-11-25 15:40:59,26.2,46.8,0.0,0.6,1.3,185.0,848.8,18.5,0,1280,368
2025-11-25 15:56:03,26.0,48.8,0.0,0.5,1.3,165.0,848.6,18.6,0,4335,642
2025-11-25 16:11:29,27.9,46.1,0.0,0.8,3.3,147.0,848.6,19.8,0,4624,661
2025-11-25 16:26:32,27.0,46.6,0.0,1.6,3.7,139.0,848.6,19.2,0,3295,539
2025-11-25 16:41:38,25.8,49.8,0.0,0.4,1.3,152.0,848.7,18.6,0,2592,478
2025-11-25 16:56:42,26.7,48.1,0.0,0.1,0.4,109.0,848.8,19.2,0,2159,436
2025-11-25 17:11:48,25.6,48.6,0.0,0.9,2.4,105.0,848.7,18.3,0,1922,410
2025-11-25 17:27:39,25.1,50.5,0.0,0.2,0.7,149.0,848.8,18.1,0,947,326
2025-11-25 17:42:50,24.3,50.5,0.0,0.8,2.2,90.0,849.1,17.5,0,632,298
2025-11-25 17:57:55,24.0,50.5,0.0,1.0,2.2,84.0,849.2,17.2,0,410,277
2025-11-25 18:13:45,23.6,51.4,0.0,0.3,1.6,41.0,849.4,17.0,0,306,266
2025-11-25 18:29:41,23.3,53.0,0.0,1.9,6.8,83.0,849.6,17.0,0,262,261
2025-11-25 18:44:47,22.9,54.7,0.0,0.8,2.4,75.0,849.6,16.9,0,254,261
2025-11-25 18:59:51,22.5,56.9,0.0,0.1,0.4,127.0,849.8,16.8,0,253,259
2025-11-25 19:16:40,22.0,58.3,0.0,0.4,2.0,90.0,850.1,16.6,0,253,261
2025-11-25 19:31:45,21.7,60.0,0.0,0.3,1.1,90.0,850.2,16.5,0,253,260
2025-11-25 19:46:50,21.5,60.6,0.0,0.2,0.7,60.0,850.5,16.4,0,254,259
2025-11-25 20:01:54,21.2,61.4,0.0,0.1,0.4,129.0,850.5,16.3,0,253,259
2025-11-25 20:16:59,20.7,63.3,0.0,0.0,0.0,129.0,850.9,16.1,0,252,260
2025-11-25 20:32:04,20.2,64.9,0.0,0.4,1.3,128.0,851.0,15.8,0,253,261
2025-11-25 20:47:09,19.9,65.6,0.0,0.0,0.0,132.0,851.1,15.6,0,253,260
2025-11-25 21:02:14,19.6,67.0,0.0,0.0,0.0,132.0,851.3,15.5,0,252,260
2025-11-25 21:17:39,19.5,67.1,0.0,0.3,0.7,131.0,851.5,15.5,0,254,260
2025-11-25 21:32:44,19.5,67.6,0.0,0.0,0.4,132.0,851.4,15.5,0,254,260
2025-11-25 21:47:49,19.3,68.7,0.0,0.0,0.2,15.0,851.4,15.4,0,254,259
2025-11-25 22:02:54,18.9,70.1,0.0,0.0,0.2,15.0,851.4,15.3,0,254,260
2025-11-25 22:17:59,18.6,72.7,0.0,0.0,0.2,97.0,851.4,15.3,0,254,259
2025-11-25 22:33:04,18.2,73.8,0.0,0.0,0.2,97.0,851.4,15.1,0,254,260
2025-11-25 22:48:09,18.4,73.7,0.0,0.1,0.7,104.0,851.3,15.2,0,253,260
2025-11-25 23:03:14,18.8,72.5,0.0,0.6,1.1,80.0,851.3,15.5,0,253,259
2025-11-25 23:18:19,19.0,72.2,0.0,0.4,0.7,80.0,851.3,15.6,0,253,259
2025-11-25 23:33:44,18.9,73.3,0.0,0.5,1.1,104.0,851.2,15.7,0,253,260
2025-11-25 23:48:49,18.9,74.0,0.0,0.3,1.1,61.0,851.1,15.7,0,253,260
2025-11-26 00:03:54,18.6,75.1,0.0,0.2,0.4,64.0,850.9,15.6,0,253,259
2025-11-26 00:19:00,18.5,76.0,0.0,0.4,1.3,96.0,850.9,15.6,0,253,260
2025-11-26 00:34:05,18.4,76.5,0.0,0.6,1.1,70.0,851.0,15.6,0,254,259
2025-11-26 00:49:10,18.5,77.1,0.0,1.5,2.4,72.0,850.9,15.8,0,252,261
2025-11-26 01:04:15,18.6,77.6,0.0,0.1,0.6,120.0,850.8,15.9,0,254,260
2025-11-26 01:19:19,18.4,78.8,0.0,0.9,1.3,96.0,850.5,15.9,0,255,261
2025-11-26 01:34:24,18.3,80.3,0.0,0.1,0.4,120.0,850.3,15.9,0,252,259
2025-11-26 01:49:29,18.1,81.7,0.0,0.8,1.5,88.0,850.2,15.9,0,254,260
2025-11-26 02:04:51,17.9,83.5,0.0,0.3,0.7,63.0,850.1,15.9,0,253,260
2025-11-26 02:19:56,17.6,85.0,0.0,0.2,0.4,92.0,850.0,15.8,0,253,259
2025-11-26 02:35:00,17.6,86.1,0.0,0.3,0.4,93.0,850.1,16.0,0,255,261
2025-11-26 02:50:05,17.6,86.6,0.0,0.2,1.1,112.0,850.0,16.0,0,252,261
2025-11-26 03:00:08,17.5,86.7,0.0,0.1,0.2,87.0,850.0,16.0,0,254,261
2025-11-26 03:15:13,17.6,87.2,0.0,0.2,0.8,123.0,850.0,16.1,0,254,261
2025-11-26 03:30:18,17.5,87.3,0.0,0.3,1.1,117.0,850.0,16.0,0,254,261
2025-11-26 03:45:23,17.4,87.7,0.0,0.0,0.4,118.0,850.1,16.0,0,254,259
2025-11-26 04:00:28,17.4,88.0,0.0,0.0,0.0,118.0,850.2,16.0,0,254,261
2025-11-26 04:15:32,17.2,88.2,0.0,0.1,0.2,118.0,850.1,15.8,0,253,260
2025-11-26 04:30:56,17.2,89.0,0.0,0.3,0.7,103.0,850.1,15.9,0,253,260
2025-11-26 04:46:01,17.1,89.2,0.0,0.2,0.4,103.0,850.2,15.8,0,253,261
2025-11-26 05:01:06,17.1,89.2,0.0,0.2,0.3,73.0,850.3,15.8,0,253,260
2025-11-26 05:16:10,17.2,88.9,0.0,0.0,0.2,110.0,850.5,15.9,0,253,260
2025-11-26 05:31:15,17.3,88.4,0.0,0.3,0.7,78.0,850.8,15.9,0,255,259
2025-11-26 05:46:20,17.4,87.9,0.0,0.0,0.0,85.0,850.9,15.9,0,254,258
2025-11-26 06:01:25,17.5,87.5,0.0,0.2,1.2,76.0,850.9,16.0,0,259,261
2025-11-26 06:16:29,17.3,87.8,0.0,0.0,0.2,138.0,851.1,15.9,0,289,265
2025-11-26 06:31:34,16.9,88.5,0.0,0.0,0.2,138.0,851.1,15.6,0,345,273
2025-11-26 06:46:39,16.8,89.6,0.0,0.0,0.0,138.0,851.4,15.5,0,372,276
2025-11-26 07:02:03,17.1,89.8,0.0,0.2,0.4,65.0,851.5,15.9,0,612,301
2025-11-26 07:17:08,17.5,88.5,0.0,0.3,0.7,98.0,851.6,16.1,0,770,318
2025-11-26 07:32:13,18.1,85.9,0.0,0.5,1.3,72.0,851.7,16.4,0,1625,388
2025-11-26 07:47:18,19.1,81.9,0.0,0.2,0.9,99.0,851.9,16.9,0,1341,365
2025-11-26 08:02:23,19.4,79.6,0.0,0.3,0.4,91.0,852.0,16.9,0,1544,383
2025-11-26 08:17:28,19.3,78.7,0.0,0.6,1.3,54.0,852.1,16.7,0,1109,342
2025-11-26 08:32:32,19.5,78.4,0.0,0.7,1.5,85.0,852.1,16.9,0,1781,404
2025-11-26 08:47:37,19.9,75.1,0.0,0.3,1.3,93.0,852.2,16.8,0,1468,377
2025-11-26 09:02:42,20.8,72.6,0.0,0.3,1.2,99.0,852.2,17.4,0,5442,738
2025-11-26 09:17:46,22.1,66.2,0.0,0.1,0.4,86.0,852.1,17.7,0,2195,452
2025-11-26 09:33:09,22.1,62.2,0.0,1.2,2.0,65.0,852.0,17.2,0,2731,512
2025-11-26 09:48:24,23.2,60.0,0.0,0.6,2.6,70.0,852.0,17.9,0,3627,583
2025-11-26 10:03:29,23.1,60.0,0.0,0.8,1.7,137.0,851.9,17.8,0,4226,652
2025-11-26 10:18:33,24.0,55.8,0.0,1.8,3.7,67.0,851.8,18.0,0,7996,982
2025-11-26 10:33:38,23.5,57.9,0.0,0.7,2.0,76.0,851.6,17.9,0,8008,990
2025-11-26 10:48:43,24.3,52.9,0.0,1.4,3.3,83.0,851.5,17.8,0,9553,1123
2025-11-26 11:03:49,23.5,59.5,0.0,0.4,1.2,128.0,851.2,18.1,0,8035,996
2025-11-26 11:19:13,24.7,54.0,0.0,0.2,1.1,76.0,851.1,18.3,0,9636,1137
2025-11-26 11:34:18,24.5,55.1,0.0,0.7,1.7,114.0,851.0,18.3,0,9792,1155
2025-11-26 11:49:23,25.0,51.8,0.0,1.1,3.1,96.0,850.8,18.2,0,10433,1206
2025-11-26 12:05:20,25.3,50.8,0.0,1.6,3.1,63.0,850.6,18.4,0,8737,1063
2025-11-26 12:20:25,25.8,49.0,0.0,0.5,1.1,126.0,850.3,18.6,0,8828,1077
2025-11-26 12:35:30,25.1,49.9,0.0,0.8,2.0,69.0,850.0,18.0,0,1678,414
2025-11-26 12:50:35,26.4,45.9,0.0,1.2,3.5,123.0,849.9,18.5,0,9370,1121
2025-11-26 13:05:40,26.1,47.1,0.0,1.4,4.2,131.0,849.6,18.5,0,8858,1078
2025-11-26 13:20:57,25.7,46.4,0.0,1.6,3.3,85.0,849.4,18.0,0,8615,1049
2025-11-26 13:36:36,26.3,46.4,0.0,0.5,1.7,113.0,849.2,18.6,0,8610,1050
2025-11-26 13:51:40,27.4,44.2,0.0,1.2,4.4,115.0,849.0,19.0,0,8419,1032
2025-11-26 14:06:45,27.5,44.9,0.0,0.8,2.8,80.0,848.7,19.3,0,8417,1025
2025-11-26 14:21:50,26.2,47.1,0.0,0.8,2.0,57.0,848.6,18.5,0,7277,920
2025-11-26 14:37:47,26.4,47.1,0.0,0.3,2.6,124.0,848.5,18.7,0,4773,687
2025-11-26 14:52:55,26.2,46.5,0.0,1.0,3.0,63.0,848.3,18.4,0,1992,431
2025-11-26 15:08:01,25.9,48.4,0.0,0.1,0.7,99.0,848.2,18.5,0,2267,458
2025-11-26 15:23:26,25.8,49.0,0.0,0.5,1.7,119.0,848.2,18.5,0,2483,480
2025-11-26 15:38:31,25.5,48.8,0.0,2.0,4.8,87.0,848.1,18.3,0,5950,777
2025-11-26 15:53:36,24.8,51.4,0.0,1.2,3.5,118.0,848.2,18.0,0,5652,753
2025-11-26 16:08:41,26.0,47.8,0.0,0.2,0.7,94.0,848.2,18.5,0,1830,415
2025-11-26 16:24:36,24.8,50.4,0.0,0.8,2.2,112.0,848.3,17.9,0,3616,570
2025-11-26 16:39:41,25.9,49.5,0.0,0.8,2.0,184.0,848.4,18.7,0,1215,356
2025-11-26 16:54:47,24.4,50.2,0.0,0.4,1.3,128.0,848.6,17.5,0,1223,356
2025-11-26 17:09:52,23.9,52.7,0.0,0.2,0.9,196.0,848.8,17.5,0,624,306
2025-11-26 17:24:56,23.4,53.7,0.0,0.9,1.5,192.0,848.8,17.2,0,691,311
2025-11-26 17:40:01,23.8,53.5,0.0,0.2,1.3,192.0,848.8,17.5,0,1165,339
2025-11-26 17:55:06,23.9,53.3,0.0,0.4,1.3,186.0,849.0,17.5,0,436,280
2025-11-26 18:10:11,23.2,54.8,0.0,0.3,0.9,146.0,849.2,17.1,0,392,273
2025-11-26 18:25:36,22.7,56.8,0.0,0.3,2.4,191.0,849.3,17.0,0,273,264
2025-11-26 18:40:41,22.3,58.1,0.0,0.1,0.4,191.0,849.6,16.8,0,254,261
2025-11-26 18:55:46,22.0,58.9,0.0,0.2,0.7,191.0,849.6,16.6,0,253,260
2025-11-26 19:10:51,21.5,60.8,0.0,0.0,0.2,191.0,849.8,16.4,0,253,260
2025-11-26 19:25:57,21.2,61.8,0.0,0.0,0.0,190.0,849.9,16.3,0,254,261
2025-11-26 19:41:02,20.8,62.9,0.0,0.1,0.4,191.0,850.0,16.1,0,253,261
2025-11-26 19:56:07,21.1,61.7,0.0,0.3,1.5,191.0,850.2,16.2,0,253,259
2025-11-26 20:11:12,21.0,62.6,0.0,0.2,0.7,191.0,850.2,16.3,0,253,261
2025-11-26 20:26:17,20.6,64.1,0.0,0.1,0.4,191.0,850.3,16.1,0,253,260
2025-11-26 20:41:40,20.3,65.3,0.0,0.0,0.0,190.0,850.6,15.9,0,253,259
2025-11-26 20:56:45,19.8,67.1,0.0,0.3,0.9,191.0,850.7,15.7,0,254,261
2025-11-26 21:11:50,19.5,68.4,0.0,0.0,0.2,191.0,850.8,15.6,0,253,261
2025-11-26 21:26:55,19.3,69.3,0.0,0.2,0.7,191.0,850.7,15.5,0,253,259
2025-11-26 21:42:00,19.1,69.9,0.0,0.0,0.2,191.0,850.8,15.4,0,254,260
2025-11-26 21:57:05,18.8,71.1,0.0,0.0,0.0,190.0,850.8,15.3,0,253,260
2025-11-26 22:12:10,18.5,72.8,0.0,0.0,0.2,191.0,850.9,15.2,0,253,260
2025-11-26 22:27:15,17.9,75.2,0.0,0.0,0.0,190.0,850.8,15.0,0,253,260
2025-11-26 22:42:21,17.5,77.4,0.0,0.0,0.0,190.0,850.7,14.8,0,252,260
2025-11-26 22:57:44,17.5,77.3,0.0,0.0,0.0,190.0,850.7,14.8,0,253,261
2025-11-26 23:12:49,17.5,77.9,0.0,0.2,0.7,191.0,850.6,14.9,0,253,261
2025-11-26 23:27:54,17.5,77.9,0.0,0.1,0.4,191.0,850.5,14.8,0,253,260
2025-11-26 23:42:59,17.4,78.1,0.0,0.2,0.7,191.0,850.2,14.8,0,254,260
2025-11-26 23:58:04,17.5,77.7,0.0,0.2,0.7,191.0,850.0,14.8,0,252,260
2025-11-27 00:13:09,17.3,78.3,0.0,0.1,0.4,191.0,849.8,14.8,0,254,261
2025-11-27 00:28:14,17.2,79.1,0.0,0.0,0.0,190.0,849.7,14.8,0,254,260
2025-11-27 00:43:19,17.4,79.4,0.0,0.1,0.4,191.0,849.7,14.9,0,253,261
2025-11-27 00:58:24,18.2,76.6,0.0,0.2,1.6,191.0,849.8,15.4,0,254,261
2025-11-27 01:13:50,18.3,76.2,0.0,0.0,0.2,191.0,849.5,15.5,0,253,259
2025-11-27 01:28:55,18.4,76.2,0.0,0.0,0.0,190.0,849.3,15.5,0,254,260
2025-11-27 01:44:00,18.4,76.0,0.0,0.3,0.9,191.0,849.1,15.5,0,253,261
2025-11-27 01:59:04,18.4,76.5,0.0,0.1,0.7,191.0,849.0,15.6,0,252,259
2025-11-27 02:14:09,18.3,77.1,0.0,0.0,0.2,191.0,848.8,15.5,0,509,260
2025-11-27 02:29:14,18.4,77.2,0.0,0.0,0.2,191.0,848.8,15.7,0,254,261
2025-11-27 02:44:20,18.3,77.8,0.0,0.0,0.0,190.0,848.6,15.6,0,254,259
2025-11-27 03:00:25,17.9,79.4,0.0,0.0,0.0,190.0,848.5,15.5,0,254,261
2025-11-27 03:15:30,18.0,80.6,0.0,0.1,0.4,191.0,848.5,15.7,0,254,259
2025-11-27 03:30:52,17.8,82.0,0.0,0.1,0.2,191.0,848.7,15.7,0,254,258
2025-11-27 03:45:57,17.7,83.4,0.0,0.5,1.7,191.0,848.7,15.7,0,254,260
2025-11-27 04:01:02,17.5,84.6,0.0,0.0,0.2,191.0,848.8,15.7,0,252,259
2025-11-27 04:16:07,17.2,86.0,0.0,0.3,0.7,191.0,848.9,15.5,0,253,260
2025-11-27 04:31:12,16.9,87.2,0.0,0.3,1.1,191.0,849.0,15.4,0,253,261
2025-11-27 04:46:16,16.7,88.4,0.0,0.0,0.0,190.0,849.2,15.3,0,252,261
2025-11-27 05:01:21,16.5,89.0,0.0,0.0,0.2,191.0,849.4,15.2,0,254,260
2025-11-27 05:16:26,16.6,90.0,0.0,0.2,0.4,191.0,849.6,15.4,0,252,261
2025-11-27 05:31:31,16.7,90.3,0.0,0.2,0.9,191.0,849.7,15.6,0,254,261
2025-11-27 05:46:36,16.7,90.0,0.0,0.0,0.2,191.0,850.0,15.6,0,253,259
2025-11-27 06:02:00,16.8,90.0,0.0,0.2,0.7,191.0,849.9,15.6,0,260,261
2025-11-27 06:17:05,16.7,89.9,0.0,0.0,0.0,190.0,850.2,15.5,0,266,262
2025-11-27 06:32:10,16.9,89.8,0.0,0.2,0.7,191.0,850.4,15.7,0,307,267
2025-11-27 06:48:08,17.0,89.4,0.0,0.1,0.2,191.0,850.6,15.8,0,552,288
2025-11-27 07:03:14,17.2,88.2,0.0,0.1,0.4,191.0,850.6,15.8,0,647,304
2025-11-27 07:18:19,17.9,86.3,0.0,0.2,0.7,191.0,850.7,16.2,0,1743,390
2025-11-27 07:33:24,18.6,82.1,0.0,0.0,0.2,191.0,850.9,16.4,0,1595,382
2025-11-27 07:48:28,18.4,81.9,0.0,0.1,0.7,191.0,851.0,16.2,0,940,330
2025-11-27 08:03:34,19.5,78.3,0.0,0.2,0.9,191.0,851.1,16.8,0,3255,526
2025-11-27 08:18:38,19.5,77.9,0.0,0.3,0.7,191.0,851.2,16.8,0,1673,397
2025-11-27 08:33:43,19.1,78.7,0.0,0.4,1.5,191.0,851.5,16.5,0,3926,581
2025-11-27 08:49:07,19.8,76.6,0.0,0.9,1.5,191.0,851.5,16.9,0,5464,733
2025-11-27 09:04:12,20.9,71.9,0.0,0.1,0.6,191.0,851.5,17.4,0,2364,472
2025-11-27 09:19:17,21.9,67.1,0.0,1.1,2.0,191.0,851.4,17.7,0,2729,494
2025-11-27 09:34:22,22.0,68.3,0.0,0.2,1.3,76.0,851.3,18.0,0,6721,851
2025-11-27 09:49:28,23.2,61.1,0.0,0.5,1.5,157.0,851.5,18.1,0,4275,653
2025-11-27 10:04:33,22.8,59.5,0.0,0.8,2.0,90.0,851.3,17.4,0,2352,467
2025-11-27 10:19:38,22.7,59.7,0.0,0.5,1.1,154.0,851.4,17.4,0,3106,534
2025-11-27 10:34:43,24.0,56.7,0.0,0.2,0.7,175.0,851.3,18.1,0,3429,591
2025-11-27 10:49:48,24.7,54.5,0.0,0.8,2.0,103.0,851.0,18.4,0,9020,1082
2025-11-27 11:05:12,25.7,50.6,0.0,0.3,0.9,118.0,850.8,18.7,0,3236,551
2025-11-27 11:20:18,25.2,54.0,0.0,0.7,2.0,61.0,850.8,18.8,0,3475,585
2025-11-27 11:35:23,24.3,55.9,0.0,1.5,3.5,57.0,850.7,18.3,0,1644,390
2025-11-27 11:51:22,23.7,55.9,0.0,2.2,3.5,71.0,850.4,17.7,0,8613,1025
2025-11-27 12:06:44,24.8,52.4,0.0,0.7,1.3,67.0,850.3,18.2,0,6392,856
2025-11-27 12:22:09,26.4,51.1,0.0,0.3,1.5,162.0,850.1,19.4,0,7913,987
2025-11-27 12:37:13,25.2,51.6,0.0,1.4,3.1,70.0,849.8,18.4,0,6743,889
2025-11-27 12:52:18,24.4,51.2,0.0,0.8,3.5,168.0,849.7,17.7,0,3321,557
2025-11-27 13:07:23,24.4,52.1,0.0,0.8,2.6,115.0,849.6,17.8,0,3823,613
2025-11-27 13:22:27,25.4,49.3,0.0,0.6,2.4,87.0,849.4,18.2,0,2229,462
2025-11-27 13:37:32,24.4,56.4,0.0,0.6,1.5,60.0,849.3,18.5,0,2233,450
2025-11-27 13:52:49,25.4,56.2,0.0,0.8,1.5,33.0,848.9,19.3,0,8621,1038
2025-11-27 14:08:31,26.7,50.6,0.0,0.8,1.5,77.0,848.7,19.5,0,3636,592
2025-11-27 14:23:41,27.6,48.7,0.0,0.2,0.9,81.0,848.6,20.0,0,6522,860
2025-11-27 14:38:46,25.9,49.2,0.0,0.4,1.1,86.0,848.6,18.6,0,2414,469
2025-11-27 14:53:51,26.3,49.4,0.0,0.0,0.2,172.0,848.3,19.0,0,3421,573
2025-11-27 15:09:17,26.6,47.0,0.0,1.4,2.4,86.0,848.2,18.9,0,2928,539
2025-11-27 15:24:21,27.4,47.5,0.0,0.3,1.3,92.0,848.1,19.7,0,5817,776
2025-11-27 15:39:27,27.5,46.6,0.0,0.4,1.1,115.0,848.0,19.6,0,3957,604
2025-11-27 15:55:24,26.3,47.7,0.0,1.1,1.7,95.0,848.1,18.7,0,4216,633
2025-11-27 16:10:29,28.0,45.7,0.0,0.7,1.5,85.0,848.1,19.9,0,1687,398
2025-11-27 16:25:35,24.6,52.3,0.0,0.5,1.5,91.0,848.3,18.1,0,652,314
2025-11-27 16:41:25,26.6,47.6,0.0,0.3,1.1,115.0,848.2,18.9,0,2979,509
2025-11-27 16:56:30,26.5,48.5,0.0,0.2,0.4,151.0,848.5,19.0,0,773,318
2025-11-27 17:12:28,24.0,53.6,0.0,0.4,1.3,89.0,848.6,17.7,0,615,306
2025-11-27 17:27:33,23.2,55.5,0.0,1.0,3.1,106.0,848.8,17.3,0,568,302
2025-11-27 17:43:32,22.8,57.6,0.0,0.6,2.0,91.0,848.9,17.2,0,521,294
2025-11-27 17:58:37,22.6,59.7,0.0,0.2,1.5,196.0,849.2,17.3,0,402,280
2025-11-27 18:13:42,22.2,60.8,0.0,0.5,1.5,123.0,849.4,17.1,0,323,270
2025-11-27 18:29:02,21.7,62.1,0.0,0.1,0.4,63.0,849.3,16.8,0,272,261
2025-11-27 18:44:46,21.2,64.1,0.0,0.2,0.7,118.0,849.5,16.7,0,253,262
2025-11-27 19:00:10,20.9,64.2,0.0,0.2,0.7,143.0,849.6,16.3,0,253,260
2025-11-27 19:15:32,20.5,65.7,0.0,0.2,0.9,112.0,849.8,16.2,0,254,260
2025-11-27 19:30:33,20.2,67.1,0.0,0.1,0.2,112.0,850.0,16.1,0,253,260
2025-11-27 19:45:42,19.8,68.3,0.0,0.2,0.4,112.0,850.2,15.9,0,252,260
2025-11-27 20:00:47,19.6,69.5,0.0,0.0,0.2,112.0,850.3,15.9,0,254,260
2025-11-27 20:15:53,19.4,70.8,0.0,0.0,0.0,112.0,850.4,15.8,0,254,259
2025-11-27 20:30:58,18.8,73.0,0.0,0.1,0.2,112.0,850.6,15.6,0,253,261
2025-11-27 20:46:03,18.3,74.0,0.0,0.0,0.0,112.0,850.7,15.2,0,252,261
2025-11-27 21:01:08,17.7,77.5,0.0,0.0,0.0,112.0,850.9,15.0,0,254,259
2025-11-27 21:16:35,17.4,78.7,0.0,0.0,0.0,112.0,851.0,14.9,0,253,262
2025-11-27 21:31:40,17.2,80.2,0.0,0.0,0.0,112.0,851.1,14.9,0,253,261
2025-11-27 21:46:45,17.2,80.9,0.0,0.0,0.0,112.0,851.1,14.9,0,253,260
2025-11-27 22:01:50,16.9,82.1,0.0,0.0,0.0,112.0,850.9,14.8,0,254,261
2025-11-27 22:16:55,16.7,82.9,0.0,0.0,0.0,112.0,851.0,14.7,0,252,261
2025-11-27 22:31:59,16.6,83.7,0.0,0.0,0.0,112.0,851.0,14.7,0,253,259
2025-11-27 22:47:41,16.9,82.9,0.0,0.0,0.0,112.0,851.0,14.9,0,254,260
2025-11-27 23:02:46,17.7,80.6,0.0,0.0,0.0,112.0,850.9,15.4,0,253,260
2025-11-27 23:17:51,17.7,79.6,0.0,0.0,0.0,112.0,850.7,15.3,0,254,261
2025-11-27 23:33:40,17.4,81.0,0.0,0.0,0.0,112.0,850.8,15.1,0,253,260
2025-11-27 23:48:46,17.3,81.4,0.0,0.0,0.0,112.0,850.7,15.1,0,254,260
2025-11-28 00:03:50,17.5,80.8,0.0,0.2,0.7,108.0,850.6,15.2,0,253,259
2025-11-28 00:18:55,17.6,80.6,0.0,0.1,0.2,76.0,850.4,15.3,0,254,260
2025-11-28 00:34:00,17.3,82.5,0.0,0.0,0.2,74.0,850.3,15.3,0,254,259
2025-11-28 00:49:45,17.2,83.9,0.0,0.2,0.9,85.0,850.1,15.3,0,254,259
2025-11-28 01:04:50,17.2,84.5,0.0,0.2,0.7,119.0,850.0,15.4,0,253,260
2025-11-28 01:19:55,17.2,84.5,0.0,0.0,0.0,114.0,850.0,15.4,0,254,260
2025-11-28 01:35:44,17.2,85.0,0.0,0.1,0.7,154.0,850.0,15.4,0,254,261
2025-11-28 01:50:49,17.2,85.4,0.0,0.0,0.0,154.0,850.0,15.5,0,253,261
2025-11-28 02:05:54,17.2,85.7,0.0,0.1,0.2,116.0,849.9,15.5,0,254,261
2025-11-28 02:20:59,17.1,85.7,0.0,0.1,0.4,116.0,849.8,15.4,0,254,259
2025-11-28 02:36:03,17.2,85.8,0.0,0.0,0.0,116.0,849.7,15.5,0,253,260
2025-11-28 02:51:09,17.2,85.6,0.0,0.0,0.0,116.0,849.8,15.5,0,253,260
2025-11-28 03:00:07,17.2,85.7,0.0,0.2,0.4,116.0,849.8,15.5,0,253,260
2025-11-28 03:15:12,17.3,86.0,0.0,0.0,0.0,116.0,849.7,15.6,0,253,260
2025-11-28 03:30:44,17.3,86.3,0.0,0.5,0.7,115.0,849.7,15.6,0,254,260
2025-11-28 03:45:48,17.1,86.3,0.0,0.0,0.0,115.0,849.6,15.5,0,253,259
2025-11-28 04:00:53,16.8,88.3,0.0,0.1,0.2,115.0,849.8,15.4,0,253,259
2025-11-28 04:15:58,16.8,89.0,0.0,0.0,0.2,115.0,849.7,15.5,0,254,262
2025-11-28 04:31:06,16.6,89.4,0.0,0.0,0.0,115.0,849.8,15.4,0,254,260
2025-11-28 04:46:54,16.4,89.7,0.0,0.0,0.0,115.0,849.9,15.2,0,254,261
2025-11-28 05:01:59,16.4,90.7,0.0,0.0,0.0,115.0,850.0,15.3,0,253,260
2025-11-28 05:17:01,16.5,90.8,0.0,0.4,1.3,347.0,850.2,15.4,0,253,261
2025-11-28 05:32:06,16.5,90.6,0.0,0.2,0.4,46.0,850.3,15.4,0,254,261
2025-11-28 05:47:11,16.5,90.8,0.0,0.4,0.7,100.0,850.5,15.4,0,253,259
2025-11-28 06:02:26,16.6,91.0,0.0,0.2,0.4,107.0,850.6,15.5,0,259,261
2025-11-28 06:17:50,16.7,90.8,0.0,0.6,1.1,83.0,850.7,15.6,0,273,262
2025-11-28 06:32:55,16.8,90.2,0.0,0.1,0.2,116.0,850.9,15.6,0,383,273
2025-11-28 06:48:00,16.8,89.9,0.0,0.7,1.3,121.0,851.0,15.6,0,600,297
2025-11-28 07:03:05,17.1,89.5,0.0,0.4,0.7,121.0,850.9,15.8,0,900,321
2025-11-28 07:18:06,17.7,87.3,0.0,0.7,1.5,78.0,851.1,16.2,0,1403,364
2025-11-28 07:33:11,18.5,83.7,0.0,0.2,0.7,90.0,851.3,16.5,0,1346,359
2025-11-28 07:48:24,19.3,79.8,0.0,0.6,1.1,138.0,851.3,16.8,0,1573,382
2025-11-28 08:04:16,19.3,80.2,0.0,0.1,0.7,111.0,851.5,16.9,0,1792,409
2025-11-28 08:19:21,19.9,76.8,0.0,0.6,1.7,91.0,851.8,17.0,0,1781,412
2025-11-28 08:35:14,21.4,71.8,0.0,0.3,1.0,201.0,851.9,17.8,0,5210,702
2025-11-28 08:50:19,22.1,66.0,0.0,1.2,2.4,90.0,851.9,17.7,0,3936,605
2025-11-28 09:05:24,22.6,64.0,0.0,0.8,2.2,197.0,852.1,17.9,0,6506,823
2025-11-28 09:20:29,23.8,59.7,0.0,0.6,2.2,89.0,852.1,18.4,0,6814,857
2025-11-28 09:35:59,23.2,60.5,0.0,0.1,0.4,121.0,852.0,18.0,0,2569,498
2025-11-28 09:52:59,22.5,62.3,0.0,0.4,1.7,111.0,852.0,17.6,0,7667,912
2025-11-28 10:08:05,23.4,54.9,0.0,1.8,3.5,81.0,851.9,17.3,0,7464,922
2025-11-28 10:23:10,24.0,53.4,0.0,0.6,2.0,137.0,851.7,17.7,0,8538,1018
2025-11-28 10:38:15,26.3,52.7,0.0,0.8,2.0,46.0,851.5,19.5,0,8592,1029
2025-11-28 10:53:22,25.5,50.1,0.0,0.8,2.2,64.0,851.3,18.4,0,2756,501
2025-11-28 11:08:32,24.3,53.2,0.0,0.8,2.0,61.0,851.1,17.9,0,1758,411
2025-11-28 11:23:58,23.4,54.5,0.0,1.1,2.4,18.0,850.9,17.3,0,7965,973
2025-11-28 11:39:24,25.9,51.0,0.0,0.2,0.7,85.0,850.6,18.9,0,9046,1082
2025-11-28 11:55:01,26.0,46.3,0.0,1.4,3.3,91.0,850.4,18.3,0,5666,779
2025-11-28 12:10:06,26.1,46.5,0.0,1.9,3.9,59.0,850.1,18.4,0,8724,1059
2025-11-28 12:25:08,26.5,46.9,0.0,0.7,2.0,78.0,850.0,18.8,0,2322,470
2025-11-28 12:40:13,26.7,45.5,0.0,1.2,2.8,85.0,849.5,18.7,0,2293,474
2025-11-28 12:55:18,26.4,46.7,0.0,0.3,1.2,83.0,849.4,18.7,0,9038,1072
2025-11-28 13:10:23,27.0,45.1,0.0,0.2,0.8,146.0,849.1,18.9,0,8833,1063
2025-11-28 13:25:27,26.9,45.6,0.0,1.1,2.6,89.0,848.9,18.9,0,8326,1022
2025-11-28 13:40:53,29.5,40.5,0.0,0.3,1.3,132.0,848.7,20.1,0,8411,1029
2025-11-28 13:55:55,28.2,41.9,0.0,1.7,2.8,78.0,848.4,19.4,0,8241,1013
2025-11-28 14:11:00,27.8,43.8,0.0,0.9,1.3,106.0,848.1,19.4,0,7380,930
2025-11-28 14:26:05,28.5,42.5,0.0,1.2,2.6,179.0,847.9,19.7,0,7602,943
2025-11-28 14:41:10,29.5,40.0,0.0,1.1,2.4,136.0,847.7,20.0,0,6870,887
2025-11-28 14:56:48,27.9,42.5,0.0,1.5,2.8,95.0,847.8,19.2,0,1359,392
2025-11-28 15:12:00,28.7,41.2,0.0,1.0,2.2,90.0,847.5,19.6,0,6484,840
2025-11-28 15:27:05,28.3,40.5,0.0,1.0,2.0,123.0,847.4,19.2,0,2077,448
2025-11-28 15:42:09,28.7,39.7,0.0,1.2,1.5,78.0,847.3,19.3,0,4761,677
2025-11-28 15:57:19,28.8,39.9,0.0,1.3,3.1,84.0,847.3,19.4,0,4391,641
2025-11-28 16:12:24,29.6,40.8,0.0,0.7,2.0,103.0,847.2,20.3,0,3588,557
2025-11-28 16:27:29,27.8,44.5,0.0,0.9,2.6,84.0,847.3,19.5,0,3010,513
2025-11-28 16:43:04,27.5,44.6,0.0,1.7,3.3,96.0,847.4,19.2,0,2463,466
2025-11-28 16:58:04,26.9,44.9,0.0,1.9,3.3,72.0,847.6,18.8,0,1992,420
2025-11-28 17:13:09,26.4,46.5,0.0,1.3,3.7,84.0,847.6,18.6,0,1166,353
2025-11-28 17:28:10,25.0,49.0,0.0,0.1,0.7,106.0,847.6,17.8,0,585,307
2025-11-28 17:43:16,24.5,52.0,0.0,0.4,1.7,100.0,847.7,17.9,0,549,296
2025-11-28 17:58:21,24.1,53.5,0.0,0.1,0.4,153.0,847.9,17.8,0,476,285
2025-11-28 18:13:26,23.6,55.2,0.0,0.0,0.4,136.0,848.2,17.6,0,351,272
2025-11-28 18:28:31,23.1,56.8,0.0,0.3,1.3,71.0,848.5,17.4,0,274,262
2025-11-28 18:43:36,22.8,58.8,0.0,0.5,1.3,107.0,848.6,17.3,0,254,260
2025-11-28 18:58:41,22.6,59.7,0.0,0.7,1.3,142.0,848.9,17.3,0,253,261
2025-11-28 19:14:07,22.3,61.1,0.0,1.0,2.8,168.0,848.9,17.2,0,252,261
2025-11-28 19:29:12,21.8,63.2,0.0,0.7,2.2,62.0,849.1,17.1,0,254,260
2025-11-28 19:44:17,21.3,65.8,0.0,0.4,0.9,92.0,849.4,16.9,0,253,259
2025-11-28 19:59:22,20.9,67.7,0.0,0.0,0.0,102.0,849.5,16.8,0,252,260
2025-11-28 20:14:27,20.6,69.0,0.0,0.2,0.7,79.0,849.6,16.7,0,254,261
2025-11-28 20:29:32,20.4,70.0,0.0,0.1,0.4,93.0,849.9,16.6,0,253,260
2025-11-28 20:44:37,20.3,70.5,0.0,0.3,0.4,139.0,849.9,16.6,0,254,260
2025-11-28 20:59:42,20.4,70.0,0.0,0.5,1.3,64.0,850.0,16.6,0,252,260
2025-11-28 21:14:47,20.1,71.5,0.0,0.1,0.4,92.0,850.0,16.6,0,252,260
2025-11-28 21:30:12,19.8,72.8,0.0,0.5,0.9,90.0,850.0,16.5,0,254,258
2025-11-28 21:45:17,19.7,73.2,0.0,0.2,0.7,85.0,850.1,16.4,0,253,260
2025-11-28 22:00:21,19.4,74.1,0.0,0.6,1.1,81.0,850.1,16.3,0,254,260
2025-11-28 22:15:26,19.1,75.2,0.0,0.1,0.4,69.0,849.9,16.1,0,254,260
2025-11-28 22:30:31,18.6,77.7,0.0,0.0,0.2,69.0,850.0,15.9,0,253,260
2025-11-28 22:45:36,18.2,79.0,0.0,0.0,0.2,69.0,849.9,15.6,0,253,260
2025-11-28 23:00:41,17.9,80.0,0.0,0.0,0.0,69.0,849.8,15.5,0,253,260
2025-11-28 23:15:46,17.8,81.0,0.0,0.0,0.0,69.0,849.8,15.5,0,254,260
2025-11-28 23:30:51,17.4,82.1,0.0,0.0,0.0,69.0,849.8,15.3,0,254,258
2025-11-28 23:45:55,17.3,83.1,0.0,0.0,0.2,69.0,849.8,15.3,0,254,260
2025-11-29 00:01:20,17.6,82.1,0.0,0.0,0.2,69.0,849.6,15.5,0,253,260
2025-11-29 00:16:25,17.7,82.1,0.0,0.0,0.0,69.0,849.6,15.5,0,253,260
2025-11-29 00:31:29,17.6,82.5,0.0,0.0,0.2,69.0,849.5,15.6,0,253,259
2025-11-29 00:46:34,17.5,82.7,0.0,0.0,0.0,69.0,849.3,15.4,0,253,259
2025-11-29 01:01:39,17.2,84.0,0.0,0.0,0.0,69.0,849.1,15.3,0,252,260
2025-11-29 01:16:44,16.9,84.7,0.0,0.0,0.0,69.0,849.0,15.1,0,252,260
2025-11-29 01:31:49,16.7,85.4,0.0,0.0,0.0,69.0,848.8,14.9,0,254,260
2025-11-29 01:46:53,16.4,86.4,0.0,0.0,0.2,69.0,848.6,14.8,0,253,259
2025-11-29 02:01:58,16.2,86.9,0.0,0.0,0.0,69.0,848.5,14.7,0,254,260
2025-11-29 02:17:03,16.1,87.9,0.0,0.1,0.4,69.0,848.4,14.7,0,253,260
2025-11-29 02:32:28,16.0,88.2,0.0,0.0,0.0,69.0,848.4,14.6,0,254,260
2025-11-29 02:47:33,15.9,88.3,0.0,0.0,0.0,69.0,848.4,14.5,0,254,261
2025-11-29 03:00:38,15.8,88.6,0.0,0.0,0.0,69.0,848.4,14.4,0,253,260
2025-11-29 03:15:43,15.6,89.0,0.0,0.0,0.0,69.0,848.4,14.3,0,254,261
2025-11-29 03:30:48,15.7,89.9,0.0,0.0,0.0,69.0,848.5,14.5,0,254,259
2025-11-29 03:45:52,15.9,90.0,0.0,0.0,0.0,69.0,848.6,14.8,0,253,260
2025-11-29 04:00:57,16.2,89.8,0.0,0.0,0.0,69.0,848.6,15.0,0,252,260
2025-11-29 04:16:02,16.5,88.7,0.0,0.0,0.0,69.0,848.6,15.2,0,253,260
2025-11-29 04:31:07,16.7,88.2,0.0,0.0,0.0,69.0,848.9,15.3,0,254,259
2025-11-29 04:46:33,16.9,87.2,0.0,0.0,0.0,69.0,849.0,15.4,0,254,262
2025-11-29 05:01:38,17.0,86.0,0.0,0.0,0.0,69.0,849.1,15.4,0,254,259
2025-11-29 05:16:43,16.8,86.0,0.0,0.0,0.2,69.0,849.2,15.2,0,253,260
2025-11-29 05:31:47,16.6,86.6,0.0,0.0,0.0,69.0,849.4,15.1,0,253,260
2025-11-29 05:46:52,16.4,88.0,0.0,0.4,1.7,105.0,849.4,15.0,0,253,261
2025-11-29 06:01:57,16.3,89.3,0.0,0.0,0.0,117.0,849.6,15.1,0,263,259
2025-11-29 06:17:02,16.3,90.3,0.0,0.0,0.0,117.0,849.8,15.1,0,293,265
2025-11-29 06:32:06,16.2,90.1,0.0,0.0,0.0,117.0,850.0,15.0,0,455,276
2025-11-29 06:47:11,16.4,90.2,0.0,0.0,0.0,117.0,850.1,15.2,0,534,291
2025-11-29 07:02:17,16.5,90.1,0.0,0.0,0.2,117.0,850.4,15.4,0,552,294
2025-11-29 07:17:40,16.9,89.9,0.0,0.0,0.0,235.0,850.5,15.7,0,759,303
2025-11-29 07:32:44,17.7,87.8,0.0,0.3,0.7,236.0,850.6,16.3,0,1543,374
2025-11-29 07:47:49,18.0,86.8,0.0,0.1,0.7,236.0,850.5,16.5,0,1505,374
2025-11-29 08:02:54,18.1,86.7,0.0,0.1,0.6,18.0,850.6,16.5,0,799,319
2025-11-29 08:18:00,18.6,85.6,0.0,0.3,1.1,47.0,850.7,16.9,0,1642,395
2025-11-29 08:33:04,19.6,81.5,0.0,0.5,1.6,88.0,850.8,17.3,0,1685,401
2025-11-29 08:48:09,22.0,73.4,0.0,0.8,1.5,89.0,850.8,18.6,0,4633,659
2025-11-29 09:03:49,21.6,71.2,0.0,0.6,1.1,63.0,850.9,17.9,0,4213,628
2025-11-29 09:18:55,22.5,70.4,0.0,0.4,1.1,88.0,850.7,18.6,0,3671,577
2025-11-29 09:34:00,21.3,70.6,0.0,0.9,2.2,53.0,850.7,17.6,0,1960,421
2025-11-29 09:49:05,21.9,69.4,0.0,0.6,1.3,85.0,850.5,18.0,0,2467,475
2025-11-29 10:04:10,21.9,68.2,0.0,0.5,0.9,71.0,850.5,17.8,0,2948,518
2025-11-29 10:19:15,24.1,58.0,0.0,1.1,2.4,67.0,850.2,18.4,0,6724,864
2025-11-29 10:34:25,23.7,57.7,0.0,1.1,2.4,48.0,850.1,18.0,0,2508,484
2025-11-29 10:49:50,24.2,58.8,0.0,0.7,1.5,62.0,850.0,18.6,0,5395,749
2025-11-29 11:04:54,23.5,58.5,0.0,1.6,3.6,96.0,849.9,17.9,0,7534,937
2025-11-29 11:19:59,24.8,55.5,0.0,0.5,1.3,216.0,849.6,18.7,0,2996,532
2025-11-29 11:35:04,25.8,53.1,0.0,1.6,4.6,86.0,849.3,19.2,0,8736,1041
2025-11-29 11:50:04,25.2,53.6,0.0,1.6,3.5,76.0,849.1,18.7,0,8800,1055
2025-11-29 12:05:09,25.7,53.4,0.0,0.4,1.1,117.0,848.9,19.1,0,3062,544
2025-11-29 12:20:14,25.8,50.2,0.0,1.6,2.6,86.0,848.7,18.7,0,9384,1113
2025-11-29 12:36:01,24.9,51.8,0.0,1.7,3.5,342.0,848.2,18.2,0,8628,1046
2025-11-29 12:51:07,24.7,53.3,0.0,1.4,2.8,63.0,848.0,18.3,0,1861,431
2025-11-29 13:06:12,26.9,47.6,0.0,1.4,3.4,46.0,847.6,19.3,0,8361,1016
2025-11-29 13:21:13,27.6,47.6,0.0,0.4,1.2,81.0,847.3,19.8,0,7762,973
2025-11-29 13:36:19,27.3,45.3,0.0,1.5,3.3,90.0,847.2,19.2,0,7938,990
2025-11-29 13:52:07,27.9,43.9,0.0,1.4,2.8,71.0,846.9,19.5,0,8145,1002
2025-11-29 14:07:12,26.9,44.5,0.0,1.2,2.6,172.0,846.6,18.7,0,7399,934
2025-11-29 14:22:17,28.7,42.1,0.0,0.5,1.7,157.0,846.4,19.8,0,7205,911
2025-11-29 14:38:06,28.5,42.0,0.0,2.3,5.0,88.0,846.3,19.6,0,1855,437
2025-11-29 14:53:10,29.0,41.8,0.0,1.4,2.8,49.0,846.0,19.9,0,2879,533
2025-11-29 15:09:05,28.1,40.9,0.0,0.6,1.1,138.0,846.0,19.0,0,5715,777
2025-11-29 15:25:04,28.0,43.2,0.0,2.0,3.1,58.0,845.9,19.4,0,1946,431
2025-11-29 15:40:08,26.8,43.5,0.0,1.1,3.4,87.0,845.8,18.4,0,1328,381
2025-11-29 15:55:13,28.0,42.5,0.0,1.8,3.3,72.0,845.8,19.3,0,1798,425
2025-11-29 16:10:17,27.4,43.6,0.0,1.0,2.8,90.0,845.8,18.9,0,3480,563
2025-11-29 16:25:23,27.8,42.2,0.0,1.6,3.3,47.0,845.7,19.0,0,3522,561
2025-11-29 16:40:27,26.5,45.4,0.0,0.6,2.0,85.0,845.9,18.6,0,1475,385
2025-11-29 16:55:32,27.2,45.6,0.0,0.2,1.1,90.0,845.9,19.2,0,2004,421
2025-11-29 17:10:37,25.0,49.3,0.0,0.9,1.5,38.0,846.1,17.9,0,796,321
2025-11-29 17:25:41,24.4,49.8,0.0,0.7,1.5,75.0,846.1,17.4,0,744,317
2025-11-29 17:40:46,24.4,50.2,0.0,0.4,1.7,140.0,846.3,17.5,0,724,309
2025-11-29 17:56:11,24.0,50.2,0.0,0.1,0.4,115.0,846.5,17.2,0,573,293
2025-11-29 18:11:16,23.5,50.9,0.0,0.7,1.3,140.0,846.7,16.9,0,422,277
2025-11-29 18:26:20,23.1,52.3,0.0,0.6,1.3,92.0,846.9,16.7,0,285,262
2025-11-29 18:41:25,22.7,53.5,0.0,0.1,0.4,107.0,847.0,16.5,0,254,260
2025-11-29 18:57:22,22.7,53.9,0.0,0.3,0.9,69.0,847.1,16.6,0,254,260
2025-11-29 19:12:27,22.5,54.3,0.0,1.2,2.2,82.0,847.2,16.4,0,253,260
2025-11-29 19:27:32,22.4,55.4,0.0,0.4,1.1,91.0,847.4,16.5,0,252,261
2025-11-29 19:42:36,22.2,56.3,0.0,0.7,1.7,47.0,847.4,16.5,0,253,261
2025-11-29 19:57:42,21.8,57.3,0.0,0.6,1.5,83.0,847.6,16.3,0,254,260
2025-11-29 20:12:47,21.3,58.7,0.0,0.6,1.7,75.0,847.8,16.0,0,254,262
2025-11-29 20:27:51,21.0,59.7,0.0,0.4,0.9,131.0,847.8,15.8,0,252,261
2025-11-29 20:42:56,20.6,60.9,0.0,0.7,1.5,65.0,847.9,15.7,0,253,260
2025-11-29 20:58:19,20.3,62.2,0.0,0.7,2.2,52.0,848.2,15.6,0,253,260
2025-11-29 21:13:24,19.9,63.7,0.0,0.1,0.7,67.0,848.4,15.4,0,254,261
2025-11-29 21:28:29,19.5,65.1,0.0,0.0,0.0,69.0,848.6,15.2,0,254,261
2025-11-29 21:43:34,19.0,67.4,0.0,0.1,0.2,69.0,848.9,15.0,0,255,260
2025-11-29 21:58:39,18.8,69.0,0.0,0.0,0.0,69.0,848.8,15.0,0,253,261
2025-11-29 22:13:44,18.7,70.0,0.0,0.0,0.2,69.0,848.8,15.1,0,254,260
2025-11-29 22:28:49,18.9,69.7,0.0,0.0,0.0,69.0,848.8,15.2,0,254,261
2025-11-29 22:43:54,19.0,69.9,0.0,0.0,0.0,69.0,848.7,15.3,0,255,260
2025-11-29 22:58:59,19.0,70.0,0.0,0.0,0.0,69.0,848.6,15.4,0,252,258
2025-11-29 23:14:24,19.1,69.7,0.0,0.0,0.0,69.0,848.7,15.4,0,253,260
2025-11-29 23:29:33,19.1,70.2,0.0,0.1,0.4,84.0,848.4,15.4,0,253,261
2025-11-29 23:44:38,18.9,71.2,0.0,0.1,0.4,73.0,848.3,15.4,0,253,260
2025-11-29 23:59:43,18.6,72.7,0.0,0.1,0.4,78.0,848.3,15.3,0,253,258
2025-11-30 00:14:48,18.6,73.4,0.0,0.1,0.2,105.0,848.2,15.4,0,253,260
2025-11-30 00:29:53,18.2,74.4,0.0,0.0,0.0,105.0,848.1,15.2,0,253,260
2025-11-30 00:44:59,17.8,76.1,0.0,0.0,0.0,105.0,848.1,14.9,0,254,261
2025-11-30 01:00:04,17.4,78.0,0.0,0.2,0.4,105.0,847.8,14.8,0,254,260
2025-11-30 01:15:29,17.1,79.3,0.0,0.0,0.0,105.0,847.7,14.6,0,254,260
2025-11-30 01:30:34,16.7,80.9,0.0,0.1,0.2,105.0,847.7,14.5,0,253,260
2025-11-30 01:45:39,16.4,82.4,0.0,0.0,0.0,105.0,847.7,14.4,0,253,260
2025-11-30 02:00:44,16.3,83.3,0.0,0.0,0.0,105.0,847.7,14.3,0,255,260
2025-11-30 02:15:49,16.1,83.9,0.0,0.0,0.0,105.0,847.6,14.3,0,253,260
2025-11-30 02:30:54,15.9,85.2,0.0,0.0,0.0,105.0,847.5,14.2,0,254,259
2025-11-30 02:45:59,15.7,86.2,0.0,0.0,0.0,105.0,847.4,14.1,0,254,261
2025-11-30 03:00:04,15.6,86.6,0.0,0.0,0.0,105.0,847.4,14.1,0,254,260
2025-11-30 03:15:09,15.5,86.7,0.0,0.0,0.0,105.0,847.5,14.0,0,253,260
2025-11-30 03:30:32,15.3,87.2,0.0,0.0,0.0,105.0,847.7,13.8,0,253,260
2025-11-30 03:45:37,15.2,87.7,0.0,0.0,0.0,105.0,847.8,13.7,0,254,261
2025-11-30 04:00:42,15.0,88.3,0.0,0.0,0.0,105.0,847.9,13.7,0,253,260
2025-11-30 04:15:46,15.0,88.8,0.0,0.0,0.0,105.0,847.8,13.7,0,253,261
2025-11-30 04:30:51,14.8,89.3,0.0,0.0,0.0,105.0,847.9,13.6,0,253,261
2025-11-30 04:45:56,14.8,89.8,0.0,0.0,0.0,105.0,848.0,13.6,0,253,260
2025-11-30 05:01:01,14.7,90.0,0.0,0.0,0.0,105.0,848.2,13.5,0,254,260
2025-11-30 05:16:06,14.6,90.3,0.0,0.0,0.0,105.0,848.3,13.5,0,254,260
2025-11-30 05:31:11,14.6,90.6,0.0,0.0,0.0,105.0,848.5,13.5,0,254,261
2025-11-30 05:46:16,14.8,91.1,0.0,0.0,0.0,105.0,848.7,13.8,0,254,260
2025-11-30 06:01:39,14.8,91.0,0.0,0.0,0.0,105.0,848.9,13.8,0,260,261
2025-11-30 06:16:44,14.8,91.0,0.0,0.0,0.0,105.0,849.0,13.7,0,297,264
2025-11-30 06:31:49,15.0,91.2,0.0,0.0,0.0,105.0,849.2,14.0,0,442,277
2025-11-30 06:46:54,15.3,91.3,0.0,0.0,0.0,105.0,849.3,14.3,0,614,293
2025-11-30 07:01:59,15.8,90.6,0.0,0.0,0.0,105.0,849.3,14.7,0,908,322
2025-11-30 07:17:04,16.8,87.5,0.0,0.1,0.2,105.0,849.5,15.3,0,942,333
2025-11-30 07:32:09,17.8,82.0,0.0,0.3,0.9,43.0,849.5,15.7,0,1120,347
2025-11-30 07:47:14,18.4,80.6,0.0,0.3,0.7,72.0,849.6,16.0,0,1335,359
2025-11-30 08:02:19,19.6,77.0,0.0,0.2,1.2,77.0,849.8,16.8,0,2587,469
2025-11-30 08:17:45,20.7,71.8,0.0,0.1,0.7,73.0,850.0,17.1,0,3178,527
2025-11-30 08:32:50,21.7,65.3,0.0,0.3,0.9,89.0,850.0,17.3,0,3844,592
2025-11-30 08:47:55,22.8,62.1,0.0,0.2,0.7,96.0,849.8,17.8,0,4248,630
2025-11-30 09:03:00,24.4,58.0,0.0,0.3,1.1,107.0,849.7,18.6,0,4633,666
2025-11-30 09:18:05,23.5,55.7,0.0,2.0,3.5,91.0,849.9,17.6,0,3476,577
2025-11-30 09:34:05,24.4,50.8,0.0,1.5,3.9,60.0,849.8,17.6,0,5229,724
2025-11-30 09:49:29,25.0,49.2,0.0,1.3,2.6,39.0,849.7,17.8,0,6117,806
2025-11-30 10:04:34,25.0,49.6,0.0,1.5,2.8,62.0,849.7,18.0,0,6817,872
2025-11-30 10:19:38,25.1,50.8,0.0,1.1,2.8,66.0,849.8,18.2,0,3656,599
2025-11-30 10:34:44,25.3,48.5,0.0,0.7,3.1,78.0,849.6,18.0,0,7757,960
2025-11-30 10:50:37,24.7,52.0,0.0,1.5,5.2,90.0,849.5,18.0,0,2146,452
2025-11-30 11:05:42,23.9,54.6,0.0,0.7,2.0,79.0,849.4,17.8,0,2459,471
2025-11-30 11:20:47,24.4,53.2,0.0,0.9,2.8,82.0,849.4,18.0,0,1987,437
2025-11-30 11:35:52,23.6,52.9,0.0,1.6,3.3,73.0,849.2,17.3,0,4398,659
2025-11-30 11:51:37,24.6,52.5,0.0,1.0,1.7,60.0,849.0,18.1,0,8663,1046
2025-11-30 12:06:42,25.7,48.1,0.0,1.2,2.2,70.0,848.7,18.3,0,1936,437
2025-11-30 12:21:47,25.4,49.3,0.0,0.3,0.9,67.0,848.4,18.2,0,8668,1051
2025-11-30 12:37:02,25.5,47.4,0.0,0.9,2.4,65.0,848.4,18.0,0,8204,1004
2025-11-30 12:52:07,25.9,46.5,0.0,0.9,1.3,63.0,848.0,18.2,0,2036,439
2025-11-30 13:08:05,25.9,47.8,0.0,0.3,0.9,72.0,847.8,18.4,0,2961,538
2025-11-30 13:23:11,26.9,44.6,0.0,1.0,2.0,96.0,847.7,18.7,0,3086,540
2025-11-30 13:38:59,26.7,44.2,0.0,2.1,4.1,70.0,847.4,18.5,0,7764,961
2025-11-30 13:54:04,27.2,44.5,0.0,1.4,3.1,93.0,847.0,19.0,0,2475,488
2025-11-30 14:09:45,27.0,42.6,0.0,0.7,1.3,67.0,846.8,18.5,0,1718,413
2025-11-30 14:25:00,28.1,43.3,0.0,0.4,1.1,78.0,846.6,19.5,0,2917,521
2025-11-30 14:40:05,27.8,41.5,0.0,1.4,3.1,92.0,846.4,18.9,0,7216,911
2025-11-30 14:55:10,28.2,40.2,0.0,1.5,2.8,79.0,846.3,19.0,0,2802,507
2025-11-30 15:10:15,27.9,42.1,0.0,0.6,2.2,76.0,846.3,19.1,0,3490,565
2025-11-30 15:26:07,27.0,40.1,0.0,0.9,2.4,93.0,846.2,18.0,0,4393,645
2025-11-30 15:41:12,27.8,39.9,0.0,0.5,1.1,81.0,846.2,18.6,0,3537,567
2025-11-30 15:56:17,27.2,41.9,0.0,0.6,1.2,79.0,846.0,18.5,0,3803,590
2025-11-30 16:11:54,26.5,41.7,0.0,0.6,1.7,86.0,846.0,17.9,0,3106,522
2025-11-30 16:27:54,25.6,43.8,0.0,0.4,1.3,75.0,846.1,17.5,0,2016,424
2025-11-30 16:42:59,25.6,43.4,0.0,0.9,3.5,113.0,846.3,17.4,0,1832,409
2025-11-30 16:58:49,24.9,43.1,0.0,0.7,2.4,88.0,846.6,16.8,0,1180,349
2025-11-30 17:13:53,24.2,43.6,0.0,0.0,0.0,74.0,846.6,16.3,0,858,318
2025-11-30 17:28:59,23.8,43.6,0.0,0.3,0.7,79.0,846.9,16.0,0,715,304
2025-11-30 17:44:52,23.5,44.5,0.0,0.4,1.0,77.0,847.1,15.9,0,655,297
2025-11-30 18:00:22,23.2,46.4,0.0,0.5,1.1,73.0,847.3,15.9,0,517,282
2025-11-30 18:15:51,22.8,47.1,0.0,0.7,1.7,83.0,847.4,15.7,0,331,268
2025-11-30 18:30:57,22.4,48.2,0.0,0.5,0.9,83.0,847.5,15.5,0,263,261
2025-11-30 18:46:02,21.8,49.6,0.0,0.5,1.4,83.0,847.5,15.2,0,253,260
2025-11-30 19:01:07,21.6,50.8,0.0,0.1,0.4,83.0,847.7,15.2,0,253,260
2025-11-30 19:16:21,21.3,51.6,0.0,0.3,1.1,83.0,847.7,15.1,0,253,260
2025-11-30 19:32:14,21.2,52.6,0.0,0.3,0.4,83.0,848.0,15.1,0,253,260
2025-11-30 19:47:19,20.9,54.1,0.0,0.6,1.1,83.0,848.2,15.0,0,253,260
2025-11-30 20:03:11,20.8,55.0,0.0,0.4,1.3,75.0,848.5,15.1,0,254,260
2025-11-30 20:18:17,20.6,56.4,0.0,0.4,1.5,78.0,848.6,15.0,0,253,261
2025-11-30 20:33:22,20.3,57.8,0.0,0.6,1.1,78.0,848.7,15.0,0,254,261
2025-11-30 20:49:10,20.1,59.1,0.0,0.3,0.4,51.0,848.8,15.0,0,254,259
2025-11-30 21:04:15,19.8,60.3,0.0,0.5,1.3,76.0,849.0,14.9,0,253,260
2025-11-30 21:19:20,19.7,61.5,0.0,0.2,0.7,85.0,849.1,14.9,0,254,260
2025-11-30 21:35:01,19.4,62.5,0.0,0.5,1.3,85.0,849.2,14.8,0,254,261
2025-11-30 21:50:06,19.0,64.1,0.0,0.2,0.7,85.0,849.3,14.7,0,254,260
2025-11-30 22:05:11,18.5,66.5,0.0,0.0,0.2,85.0,849.5,14.5,0,254,261
2025-11-30 22:20:19,18.0,69.0,0.0,0.0,0.0,85.0,849.5,14.3,0,253,260
2025-11-30 22:36:05,17.6,70.6,0.0,0.0,0.2,85.0,849.5,14.1,0,254,260
2025-11-30 22:51:11,17.5,71.6,0.0,0.0,0.2,85.0,849.2,14.1,0,253,261
2025-11-30 23:06:15,17.1,73.2,0.0,0.1,0.4,85.0,849.1,14.0,0,253,261
2025-11-30 23:21:20,16.7,74.7,0.0,0.0,0.0,85.0,849.1,13.7,0,253,260
2025-11-30 23:36:25,16.3,76.4,0.0,0.0,0.0,85.0,849.1,13.6,0,253,259
2025-11-30 23:51:29,16.0,78.1,0.0,0.0,0.0,85.0,849.0,13.5,0,254,261
2025-12-01 00:07:20,16.2,79.1,0.0,0.0,0.0,85.0,848.8,13.7,0,253,260
2025-12-01 00:22:25,16.3,78.9,0.0,0.0,0.0,85.0,848.7,13.8,0,254,261
2025-12-01 00:37:30,16.3,78.5,0.0,0.0,0.0,85.0,848.4,13.8,0,253,260
2025-12-01 00:52:35,16.3,78.5,0.0,0.0,0.4,85.0,848.3,13.8,0,253,261
2025-12-01 01:07:40,16.2,79.1,0.0,0.0,0.2,85.0,848.1,13.8,0,253,261
2025-12-01 01:23:05,16.0,79.9,0.0,0.0,0.0,85.0,848.0,13.7,0,252,261
2025-12-01 01:38:10,15.8,80.7,0.0,0.0,0.0,85.0,847.9,13.6,0,253,260
2025-12-01 01:53:15,15.5,82.0,0.0,0.0,0.0,85.0,847.9,13.4,0,253,260
2025-12-01 02:08:20,15.2,83.1,0.0,0.0,0.0,85.0,847.9,13.3,0,253,260
2025-12-01 02:23:24,14.9,84.4,0.0,0.0,0.0,85.0,847.8,13.2,0,253,261
2025-12-01 02:38:29,14.7,85.1,0.0,0.0,0.0,85.0,847.9,13.0,0,253,260
2025-12-01 02:53:34,14.6,85.9,0.0,0.0,0.0,85.0,847.8,12.9,0,253,261
2025-12-01 03:00:36,14.6,86.3,0.0,0.0,0.0,85.0,847.9,13.0,0,253,260
2025-12-01 03:15:41,14.4,86.8,0.0,0.0,0.0,85.0,847.9,12.9,0,252,260
2025-12-01 03:31:28,14.2,87.3,0.0,0.0,0.0,85.0,848.1,12.8,0,253,261
2025-12-01 03:46:33,14.1,87.5,0.0,0.0,0.0,85.0,848.3,12.7,0,253,261
2025-12-01 04:01:39,13.9,87.9,0.0,0.0,0.0,85.0,848.5,12.5,0,254,261
2025-12-01 04:16:44,13.8,88.6,0.0,0.0,0.0,85.0,848.5,12.5,0,254,260
2025-12-01 04:31:49,13.5,88.5,0.0,0.0,0.0,85.0,848.6,12.2,0,253,260
2025-12-01 04:47:12,13.4,89.2,0.0,0.0,0.0,85.0,848.8,12.2,0,253,260
2025-12-01 05:02:17,13.3,89.4,0.0,0.0,0.0,85.0,849.0,12.1,0,254,261
2025-12-01 05:17:22,13.4,89.7,0.0,0.0,0.0,85.0,849.0,12.2,0,254,260
2025-12-01 05:32:32,13.3,89.3,0.0,0.0,0.0,85.0,849.2,12.1,0,253,259
2025-12-01 05:47:37,13.1,89.4,0.0,0.1,0.4,85.0,849.3,11.9,0,253,260
2025-12-01 06:02:42,13.1,89.5,0.0,0.0,0.0,85.0,849.4,11.9,0,259,259
2025-12-01 06:17:47,13.0,90.0,0.0,0.0,0.0,85.0,849.7,11.9,0,288,264
2025-12-01 06:32:52,13.0,90.3,0.0,0.0,0.0,85.0,849.9,11.9,0,394,275
2025-12-01 06:47:57,13.4,90.8,0.0,0.0,0.0,85.0,850.1,12.4,0,518,288
2025-12-01 07:03:19,13.9,90.1,0.0,0.0,0.0,85.0,850.3,12.7,0,676,304
2025-12-01 07:18:24,14.6,87.7,0.0,0.0,0.0,85.0,850.2,13.2,0,634,307
2025-12-01 07:33:29,15.7,84.8,0.0,0.4,0.7,85.0,850.2,13.9,0,886,329
2025-12-01 07:48:34,17.3,79.8,0.0,0.4,0.9,85.0,850.2,14.9,0,2012,419
2025-12-01 08:03:39,19.2,71.8,0.0,0.8,1.5,85.0,850.3,15.7,0,2658,476
2025-12-01 08:18:43,21.1,66.1,0.0,0.5,1.1,85.0,850.3,16.8,0,2996,504
2025-12-01 08:33:48,22.6,60.2,0.0,0.8,1.7,85.0,850.3,17.3,0,3702,573
2025-12-01 08:49:10,22.6,59.7,0.0,0.7,1.5,85.0,850.2,17.3,0,4153,614
2025-12-01 09:04:34,23.4,57.2,0.0,0.1,0.4,85.0,850.2,17.7,0,4805,679
2025-12-01 09:19:39,23.2,56.4,0.0,1.5,2.8,85.0,850.3,17.4,0,3952,612
2025-12-01 09:34:44,24.5,53.3,0.0,0.8,1.3,61.0,850.2,18.1,0,6713,848
2025-12-01 09:49:49,23.9,53.2,0.0,1.3,2.6,54.0,850.1,17.5,0,6985,856
2025-12-01 10:04:54,23.0,55.3,0.0,1.1,2.8,85.0,850.3,17.1,0,2442,463
2025-12-01 10:20:46,21.8,57.7,0.0,1.8,3.1,71.0,850.5,16.3,0,1806,411
2025-12-01 10:35:51,23.3,54.5,0.0,0.7,3.3,93.0,850.5,17.2,0,8048,970
2025-12-01 10:50:56,24.4,52.8,0.0,0.9,1.7,69.0,850.3,17.9,0,2700,510
2025-12-01 11:06:49,23.8,49.7,0.0,1.4,3.8,82.0,850.0,16.9,0,7830,966
2025-12-01 11:21:54,24.7,47.2,0.0,1.3,2.6,92.0,849.7,17.3,0,8681,1038
2025-12-01 11:37:04,25.3,45.0,0.0,1.4,3.3,82.0,849.5,17.5,0,2125,465
2025-12-01 11:52:09,24.9,43.2,0.0,1.4,2.8,74.0,849.3,16.8,0,8993,1067
2025-12-01 12:07:15,25.5,44.5,0.0,0.9,2.0,97.0,849.1,17.6,0,2694,513
2025-12-01 12:22:46,24.7,44.7,0.0,1.5,2.6,67.0,849.0,16.9,0,9057,1076
2025-12-01 12:37:51,24.9,44.5,0.0,1.1,2.2,62.0,848.8,17.0,0,9188,1085
2025-12-01 12:52:56,26.4,41.4,0.0,0.8,1.7,178.0,848.4,17.8,0,7963,994
2025-12-01 13:08:01,27.2,40.7,0.0,0.8,2.0,102.0,848.4,18.3,0,3633,605
2025-12-01 13:23:06,27.8,38.3,0.0,0.8,2.4,24.0,848.3,18.4,0,8803,1052
2025-12-01 13:38:11,26.5,39.1,0.0,0.8,1.3,182.0,847.9,17.5,0,2164,453
2025-12-01 13:53:52,26.7,41.4,0.0,1.3,3.3,85.0,847.7,18.0,0,8358,1009
2025-12-01 14:09:48,27.9,39.5,0.0,1.5,4.8,100.0,847.4,18.7,0,7815,965
2025-12-01 14:24:53,27.5,38.6,0.0,1.4,3.0,102.0,847.2,18.2,0,6854,878
2025-12-01 14:39:58,27.2,38.8,0.0,0.8,1.7,173.0,847.0,17.9,0,1973,436
2025-12-01 14:55:02,28.2,36.8,0.0,1.0,2.8,83.0,846.8,18.4,0,6718,860
2025-12-01 15:10:08,27.6,37.6,0.0,0.7,1.3,100.0,846.9,18.1,0,4733,677
2025-12-01 15:25:12,29.2,35.1,0.0,1.2,3.7,101.0,846.6,18.8,0,5544,749
2025-12-01 15:40:18,29.0,35.3,0.0,1.6,2.8,80.0,846.5,18.7,0,4644,668
2025-12-01 15:55:23,28.1,37.0,0.0,0.3,1.1,75.0,846.5,18.4,0,4222,626
2025-12-01 16:10:27,28.4,36.4,0.0,0.5,1.1,70.0,846.5,18.5,0,3671,576
2025-12-01 16:25:59,28.0,37.0,0.0,0.6,1.5,114.0,846.6,18.3,0,3272,536
2025-12-01 16:41:05,27.6,38.6,0.0,0.6,2.4,96.0,846.6,18.3,0,2691,483
2025-12-01 16:56:10,27.7,37.6,0.0,1.0,2.6,147.0,846.8,18.1,0,2176,435
2025-12-01 17:11:15,27.1,41.1,0.0,0.1,0.4,141.0,846.9,18.3,0,1972,414
2025-12-01 17:26:20,25.1,44.6,0.0,0.2,1.0,94.0,847.0,17.2,0,590,303
2025-12-01 17:41:25,24.3,46.2,0.0,0.5,1.3,197.0,847.2,16.8,0,531,295
2025-12-01 17:56:30,23.9,46.6,0.0,0.0,0.2,137.0,847.3,16.5,0,438,284
2025-12-01 18:11:53,23.4,47.8,0.0,0.4,2.5,74.0,847.5,16.3,0,341,272
2025-12-01 18:27:55,22.9,49.1,0.0,0.3,1.7,115.0,847.7,16.0,0,274,263
2025-12-01 18:43:00,22.4,50.3,0.0,0.9,2.4,100.0,847.9,15.8,0,253,260
2025-12-01 18:58:05,22.1,51.6,0.0,0.4,1.3,83.0,848.1,15.7,0,254,260
2025-12-01 19:14:02,21.6,53.0,0.0,0.3,1.1,107.0,848.2,15.5,0,254,260
2025-12-01 19:29:06,21.2,54.0,0.0,0.1,0.7,108.0,848.5,15.3,0,253,260
2025-12-01 19:44:12,21.0,54.7,0.0,0.3,0.9,89.0,848.8,15.2,0,254,261
2025-12-01 19:59:17,20.9,55.5,0.0,0.0,0.2,102.0,849.0,15.2,0,253,261
2025-12-01 20:14:37,20.6,56.4,0.0,0.4,1.7,84.0,849.2,15.1,0,254,260
2025-12-01 20:29:40,20.4,57.5,0.0,0.2,0.7,88.0,849.4,15.0,0,253,257
2025-12-01 20:45:32,20.0,58.5,0.0,0.5,1.1,91.0,849.7,14.9,0,253,260
2025-12-01 21:00:38,20.1,58.6,0.0,0.4,0.7,96.0,849.8,14.9,0,251,261
2025-12-01 21:16:18,20.1,58.6,0.0,0.9,2.0,98.0,850.1,14.9,0,254,261
2025-12-01 21:31:23,20.1,58.3,0.0,0.4,0.7,79.0,850.2,14.9,0,254,260
2025-12-01 21:46:28,20.0,58.8,0.0,0.4,1.1,69.0,850.2,14.8,0,253,260
2025-12-01 22:01:33,19.6,60.1,0.0,0.5,1.1,80.0,850.0,14.7,0,254,258
2025-12-01 22:16:39,19.2,61.5,0.0,0.6,0.9,96.0,850.1,14.5,0,253,260
2025-12-01 22:32:04,18.7,63.3,0.0,0.0,0.2,95.0,850.1,14.3,0,254,260
2025-12-01 22:47:09,18.1,65.3,0.0,0.0,0.0,43.0,850.1,14.0,0,254,261
2025-12-01 23:02:14,17.7,67.5,0.0,0.0,0.2,43.0,850.0,13.8,0,255,261
2025-12-01 23:17:19,17.2,69.8,0.0,0.0,0.0,43.0,850.1,13.7,0,253,260
2025-12-01 23:32:24,16.8,71.2,0.0,0.0,0.2,43.0,849.9,13.4,0,254,260
2025-12-01 23:47:29,16.4,72.5,0.0,0.0,0.0,43.0,849.9,13.2,0,253,259
2025-12-02 00:02:35,16.0,74.1,0.0,0.0,0.0,43.0,849.8,13.0,0,253,261
2025-12-02 00:17:40,15.5,76.8,0.0,0.0,0.0,43.0,849.7,12.8,0,255,260
2025-12-02 00:32:45,15.1,78.3,0.0,0.0,0.0,43.0,849.6,12.7,0,253,258
2025-12-02 00:48:09,15.0,79.3,0.0,0.0,0.0,43.0,849.4,12.6,0,254,260
2025-12-02 01:03:14,14.8,79.8,0.0,0.0,0.0,43.0,849.3,12.5,0,252,260
2025-12-02 01:18:19,14.4,80.7,0.0,0.0,0.0,43.0,849.1,12.2,0,254,261
2025-12-02 01:33:24,14.0,81.9,0.0,0.0,0.0,43.0,849.0,12.0,0,254,259
2025-12-02 01:48:29,13.9,82.7,0.0,0.0,0.0,43.0,848.9,12.0,0,253,260
2025-12-02 02:03:34,13.9,82.8,0.0,0.0,0.0,43.0,848.8,12.0,0,252,260
2025-12-02 02:18:38,13.9,82.4,0.0,0.0,0.2,43.0,848.7,11.9,0,254,260
2025-12-02 02:33:43,13.5,83.1,0.0,0.0,0.0,43.0,848.6,11.7,0,253,260
2025-12-02 02:48:48,13.3,83.7,0.0,0.0,0.0,43.0,848.5,11.5,0,253,260
2025-12-02 03:00:52,13.3,84.3,0.0,0.0,0.0,43.0,848.7,11.6,0,252,260
2025-12-02 03:16:16,13.2,84.5,0.0,0.0,0.0,43.0,848.6,11.5,0,253,261
2025-12-02 03:31:21,13.0,85.0,0.0,0.0,0.0,43.0,848.7,11.3,0,254,259
2025-12-02 03:46:26,12.9,85.2,0.0,0.0,0.0,43.0,848.6,11.3,0,254,261
2025-12-02 04:01:31,12.7,85.8,0.0,0.0,0.0,43.0,848.7,11.1,0,253,261
2025-12-02 04:16:36,12.5,86.7,0.0,0.0,0.0,43.0,848.6,11.1,0,253,260
2025-12-02 04:31:41,12.5,87.0,0.0,0.0,0.0,43.0,848.8,11.1,0,254,260
2025-12-02 04:46:46,12.4,86.5,0.0,0.0,0.0,43.0,849.1,11.0,0,253,261
2025-12-02 05:01:51,12.3,86.9,0.0,0.0,0.0,43.0,849.2,10.8,0,253,259
2025-12-02 05:16:56,12.2,87.4,0.0,0.0,0.0,43.0,849.2,10.8,0,253,259
2025-12-02 05:32:01,12.5,87.5,0.0,0.1,0.4,96.0,849.7,11.1,0,253,260
2025-12-02 05:47:23,12.7,86.1,0.0,0.0,0.0,95.0,849.9,11.2,0,253,261
2025-12-02 06:02:28,12.8,85.7,0.0,0.0,0.2,95.0,849.9,11.2,0,261,262
2025-12-02 06:17:34,12.4,86.2,0.0,0.0,0.0,95.0,850.3,10.9,0,299,264
2025-12-02 06:32:39,12.3,87.1,0.0,0.0,0.0,95.0,850.5,10.9,0,393,275
2025-12-02 06:47:44,12.4,87.5,0.0,0.0,0.2,94.0,850.6,11.0,0,489,286
2025-12-02 07:02:49,12.9,86.0,0.0,0.1,0.2,81.0,850.7,11.4,0,654,303
2025-12-02 07:17:55,13.8,82.5,0.0,0.2,0.7,32.0,850.8,11.9,0,629,306
2025-12-02 07:32:59,14.9,80.2,0.0,0.2,0.4,321.0,851.0,12.6,0,770,318
2025-12-02 07:48:27,16.1,77.1,0.0,0.3,0.7,90.0,851.3,13.5,0,1635,389
2025-12-02 08:03:52,17.6,73.2,0.0,0.2,0.9,101.0,851.3,14.4,0,2617,470
2025-12-02 08:18:57,19.1,70.4,0.0,0.2,0.7,53.0,851.5,15.5,0,3097,517
2025-12-02 08:34:02,20.3,66.9,0.0,1.3,3.1,89.0,851.5,16.2,0,3676,573
2025-12-02 08:49:07,20.6,67.6,0.0,1.1,2.2,104.0,851.7,16.5,0,3562,567
2025-12-02 09:04:46,19.2,71.0,0.0,1.1,2.0,77.0,851.7,15.7,0,4643,661
2025-12-02 09:19:56,20.6,66.8,0.0,0.9,2.0,80.0,851.5,16.5,0,5119,705
2025-12-02 09:35:02,22.5,60.8,0.0,0.7,1.5,89.0,851.4,17.4,0,5682,759
2025-12-02 09:50:07,22.1,60.7,0.0,0.3,1.1,168.0,851.2,17.0,0,5983,789
2025-12-02 10:05:12,22.9,55.7,0.0,0.5,1.5,60.0,851.0,17.0,0,6450,830
2025-12-02 10:20:17,23.7,55.4,0.0,0.7,1.3,53.0,850.8,17.7,0,7304,904
2025-12-02 10:35:21,24.1,52.4,0.0,1.1,2.0,81.0,850.5,17.6,0,7462,924
2025-12-02 10:51:19,23.5,52.3,0.0,1.5,2.2,88.0,850.4,17.0,0,2473,477
2025-12-02 11:06:24,23.9,50.3,0.0,2.2,3.7,77.0,850.1,17.1,0,6338,830
2025-12-02 11:21:30,24.6,50.0,0.0,0.5,1.1,143.0,849.9,17.7,0,8387,1012
2025-12-02 11:37:11,25.0,48.0,0.0,1.0,2.4,70.0,849.5,17.7,0,7434,928
2025-12-02 11:52:20,24.7,47.5,0.0,1.0,3.1,83.0,849.3,17.4,0,8465,1025
2025-12-02 12:07:24,24.8,46.0,0.0,2.2,3.5,85.0,849.0,17.2,0,2354,486
2025-12-02 12:23:10,25.8,45.3,0.0,0.4,1.3,99.0,848.7,18.0,0,8408,1022
2025-12-02 12:38:12,26.1,43.9,0.0,2.4,5.9,75.0,848.5,18.0,0,8401,1021
2025-12-02 12:53:17,25.9,41.3,0.0,0.8,1.7,164.0,848.3,17.3,0,8198,1004
2025-12-02 13:08:21,26.1,42.9,0.0,0.9,3.1,135.0,847.9,17.7,0,7970,983
2025-12-02 13:23:26,26.4,39.2,0.0,2.1,3.3,189.0,847.7,17.4,0,7710,959
2025-12-02 13:38:31,28.0,37.7,0.0,0.4,2.2,182.0,847.4,18.4,0,7722,960
2025-12-02 13:54:27,28.5,37.0,0.0,1.3,2.0,65.0,847.2,18.7,0,7301,920
2025-12-02 14:10:18,28.5,37.0,0.0,0.7,2.3,166.0,847.0,18.7,0,7041,896
2025-12-02 14:25:23,28.2,38.0,0.0,1.0,3.3,93.0,846.7,18.7,0,6812,874
2025-12-02 14:41:28,28.3,36.3,0.0,1.0,1.7,68.0,846.5,18.3,0,6271,822
2025-12-02 14:56:33,29.6,35.7,0.0,1.3,3.3,65.0,846.3,19.3,0,5788,779
2025-12-02 15:11:38,29.8,34.6,0.0,0.9,1.5,119.0,846.1,19.2,0,5412,743
2025-12-02 15:26:43,29.7,35.5,0.0,0.8,3.3,107.0,845.9,19.3,0,4944,699
2025-12-02 15:41:48,29.5,36.7,0.0,0.4,1.3,118.0,845.8,19.4,0,4468,654
2025-12-02 15:57:12,28.1,37.6,0.0,1.0,1.7,78.0,845.8,18.5,0,4017,611
2025-12-02 16:12:17,28.9,36.7,0.0,0.5,1.6,111.0,845.8,18.9,0,3427,553
2025-12-02 16:27:22,28.3,37.0,0.0,1.8,3.3,84.0,845.8,18.5,0,3026,514
2025-12-02 16:42:27,27.5,37.9,0.0,1.4,4.4,155.0,845.7,18.0,0,2571,474
2025-12-02 16:57:32,27.8,37.3,0.0,0.4,1.1,127.0,845.8,18.1,0,2169,435
2025-12-02 17:12:38,26.8,39.2,0.0,0.7,1.7,66.0,845.9,17.7,0,1656,389
2025-12-02 17:27:42,25.2,42.3,0.0,0.2,0.9,146.0,846.0,16.9,0,579,300
2025-12-02 17:42:47,24.5,42.3,0.0,1.4,2.6,73.0,846.1,16.4,0,513,292
2025-12-02 17:57:52,24.0,42.3,0.0,0.4,1.7,122.0,846.2,16.0,0,443,283
2025-12-02 18:13:16,23.5,43.7,0.0,0.1,0.2,109.0,846.5,15.8,0,359,272
2025-12-02 18:28:21,23.1,45.1,0.0,0.3,1.1,88.0,846.6,15.6,0,282,262
2025-12-02 18:43:27,22.7,46.1,0.0,0.2,0.7,101.0,846.8,15.5,0,255,260
2025-12-02 18:58:32,22.2,48.8,0.0,0.5,1.7,87.0,847.1,15.4,0,254,260
2025-12-02 19:13:37,21.7,50.6,0.0,0.4,1.3,101.0,847.4,15.3,0,254,261
2025-12-02 19:28:42,21.6,51.9,0.0,0.1,0.7,80.0,847.5,15.3,0,254,260
2025-12-02 19:43:47,21.6,53.5,0.0,0.5,1.3,99.0,847.8,15.6,0,254,259
2025-12-02 19:58:52,21.5,54.9,0.0,0.8,1.7,74.0,848.0,15.6,0,253,260
2025-12-02 20:14:26,21.1,56.3,0.0,0.5,1.3,71.0,848.2,15.5,0,254,260
2025-12-02 20:29:49,20.9,56.9,0.0,0.6,1.5,79.0,848.4,15.4,0,253,261
2025-12-02 20:44:54,20.8,57.2,0.0,0.7,1.5,75.0,848.7,15.4,0,253,261
2025-12-02 20:59:59,20.8,57.9,0.0,0.3,1.1,69.0,848.7,15.5,0,252,261
2025-12-02 21:15:20,20.6,58.4,0.0,0.8,1.5,142.0,848.9,15.4,0,253,260
2025-12-02 21:30:44,20.4,59.6,0.0,0.2,0.7,73.0,848.9,15.3,0,253,260
2025-12-02 21:46:00,20.4,59.9,0.0,0.7,1.1,108.0,848.9,15.3,0,255,259
2025-12-02 22:01:24,20.4,60.4,0.0,0.4,0.9,66.0,848.8,15.4,0,254,260
2025-12-02 22:17:02,20.2,61.5,0.0,0.3,0.7,73.0,848.7,15.4,0,254,261
2025-12-02 22:32:22,20.1,62.6,0.0,0.3,0.7,111.0,848.7,15.4,0,254,260
2025-12-02 22:47:25,19.9,63.3,0.0,0.3,1.3,82.0,848.7,15.3,0,254,260
2025-12-02 23:02:31,19.9,64.2,0.0,0.7,1.7,83.0,848.5,15.5,0,254,260
2025-12-02 23:17:38,19.7,64.4,0.0,1.0,2.0,79.0,848.4,15.3,0,253,261
2025-12-02 23:33:29,19.2,66.3,0.0,0.2,0.4,48.0,848.5,15.1,0,254,260
2025-12-02 23:48:34,18.8,67.8,0.0,0.8,1.7,79.0,848.4,14.9,0,253,259
2025-12-03 00:03:39,18.4,69.2,0.0,0.3,0.7,73.0,848.3,14.7,0,253,260
2025-12-03 00:18:44,17.9,70.8,0.0,0.0,0.2,52.0,848.2,14.4,0,253,260
2025-12-03 00:33:49,17.7,71.8,0.0,0.1,0.2,52.0,848.0,14.3,0,254,260
2025-12-03 00:48:54,17.4,72.8,0.0,0.1,0.4,51.0,847.9,14.2,0,254,260
2025-12-03 01:03:59,16.9,74.8,0.0,0.1,0.2,52.0,847.9,13.9,0,254,259
2025-12-03 01:19:03,16.5,75.7,0.0,0.0,0.0,52.0,847.7,13.7,0,253,259
2025-12-03 01:34:09,16.0,78.0,0.0,0.0,0.2,52.0,847.6,13.5,0,253,258
2025-12-03 01:49:32,15.6,80.0,0.0,0.0,0.0,52.0,847.5,13.3,0,252,259
2025-12-03 02:04:37,15.2,81.6,0.0,0.0,0.0,52.0,847.3,13.1,0,253,261
2025-12-03 02:19:42,15.0,82.5,0.0,0.0,0.2,52.0,847.5,13.0,0,253,261
2025-12-03 02:35:08,14.7,82.9,0.0,0.0,0.0,52.0,847.4,12.8,0,253,260
2025-12-03 02:50:13,14.6,84.4,0.0,0.0,0.0,52.0,847.4,12.8,0,254,259
2025-12-03 03:00:33,14.4,84.5,0.0,0.0,0.0,52.0,847.3,12.6,0,255,258
2025-12-03 03:15:38,14.1,85.5,0.0,0.0,0.0,52.0,847.3,12.5,0,252,261
2025-12-03 03:30:43,13.9,86.2,0.0,0.0,0.2,52.0,847.6,12.4,0,255,260
2025-12-03 03:45:48,13.7,87.2,0.0,0.0,0.2,52.0,847.6,12.3,0,252,261
2025-12-03 04:00:53,13.6,87.4,0.0,0.0,0.0,52.0,847.8,12.2,0,253,259
2025-12-03 04:15:58,13.5,87.6,0.0,0.0,0.0,52.0,847.9,12.1,0,252,260
2025-12-03 04:31:03,13.2,87.8,0.0,0.0,0.0,52.0,847.8,11.9,0,254,261
2025-12-03 04:46:08,13.1,88.6,0.0,0.0,0.0,52.0,848.1,11.8,0,252,260
2025-12-03 05:01:13,13.4,89.4,0.0,0.0,0.0,52.0,848.3,12.2,0,252,259
2025-12-03 05:16:17,13.9,88.0,0.0,0.0,0.0,52.0,848.6,12.5,0,254,261
2025-12-03 05:31:40,13.9,86.8,0.0,0.0,0.2,52.0,848.8,12.4,0,253,260
2025-12-03 05:46:45,13.6,87.1,0.0,0.0,0.0,52.0,849.0,12.1,0,254,260
2025-12-03 06:01:50,13.2,88.1,0.0,0.0,0.0,52.0,849.2,11.9,0,259,260
2025-12-03 06:16:55,12.9,88.5,0.0,0.0,0.0,52.0,849.3,11.6,0,285,264
2025-12-03 06:32:00,12.9,89.1,0.0,0.0,0.2,52.0,849.5,11.7,0,341,271
2025-12-03 06:47:38,13.4,89.9,0.0,0.0,0.2,52.0,849.9,12.2,0,498,283
2025-12-03 07:03:02,14.6,87.5,0.0,0.1,0.4,52.0,849.9,13.2,0,851,314
2025-12-03 07:18:07,15.7,83.8,0.0,0.2,0.9,357.0,850.0,13.9,0,1245,344
2025-12-03 07:33:13,16.4,80.3,0.0,0.1,0.2,326.0,850.1,14.1,0,1139,342
2025-12-03 07:48:18,17.4,79.4,0.0,0.0,0.0,336.0,850.2,14.9,0,1395,369
2025-12-03 08:03:22,18.9,76.4,0.0,0.2,0.7,72.0,850.2,16.1,0,2603,470
2025-12-03 08:18:27,19.8,73.2,0.0,0.1,0.4,53.0,850.5,16.5,0,3159,521
2025-12-03 08:33:32,20.9,67.6,0.0,0.0,0.0,115.0,850.7,16.8,0,2232,446
2025-12-03 08:48:37,20.0,68.9,0.0,0.1,0.2,115.0,850.9,16.1,0,2718,489
2025-12-03 09:03:41,20.9,66.5,0.0,0.1,0.7,117.0,850.7,16.7,0,5753,756
2025-12-03 09:18:46,23.8,57.0,0.0,0.2,1.1,125.0,850.7,18.0,0,5967,786
2025-12-03 09:34:09,23.1,57.2,0.0,0.3,0.7,134.0,850.6,17.4,0,5820,774
2025-12-03 09:49:14,23.0,55.7,0.0,1.0,2.2,78.0,850.7,17.1,0,1729,413
2025-12-03 10:04:20,22.3,58.8,0.0,0.3,0.9,105.0,850.7,16.9,0,6201,807
2025-12-03 10:19:49,23.8,53.3,0.0,0.8,2.8,191.0,850.5,17.5,0,3101,531
2025-12-03 10:35:11,22.9,55.3,0.0,1.0,2.6,47.0,850.4,16.9,0,2354,463
2025-12-03 10:50:16,23.1,54.8,0.0,0.4,1.1,112.0,850.3,17.1,0,7524,926
2025-12-03 11:05:21,24.9,49.2,0.0,0.9,2.6,103.0,850.0,17.8,0,7800,964
2025-12-03 11:20:26,25.8,48.1,0.0,1.3,2.2,88.0,849.6,18.4,0,8694,1043
2025-12-03 11:36:18,25.2,48.6,0.0,1.0,1.5,26.0,849.4,17.9,0,5200,731
2025-12-03 11:51:23,25.5,47.3,0.0,0.2,0.9,142.0,849.1,18.0,0,7602,949
2025-12-03 12:07:18,25.4,48.1,0.0,0.5,2.2,28.0,848.9,18.0,0,8521,1034
2025-12-03 12:22:46,25.8,44.6,0.0,2.0,4.1,76.0,848.6,17.8,0,2787,515
2025-12-03 12:37:56,25.9,45.2,0.0,1.1,3.3,76.0,848.3,18.0,0,7003,896
2025-12-03 12:53:15,26.5,42.8,0.0,0.3,1.1,150.0,848.1,18.1,0,7404,931
2025-12-03 13:08:23,27.0,43.9,0.0,0.7,1.9,94.0,847.9,18.7,0,8780,1054
2025-12-03 13:23:28,27.3,40.5,0.0,1.1,2.4,67.0,847.6,18.3,0,7524,939
2025-12-03 13:38:33,26.7,40.4,0.0,0.7,2.6,101.0,847.4,17.8,0,5489,749
2025-12-03 13:53:37,26.2,44.4,0.0,1.0,1.7,44.0,847.3,18.1,0,6929,873
2025-12-03 14:08:42,27.9,42.2,0.0,0.6,1.7,64.0,847.0,19.2,0,6848,877
2025-12-03 14:24:27,27.8,41.6,0.0,0.6,1.3,129.0,846.6,19.0,0,6930,887
2025-12-03 14:39:32,29.0,39.9,0.0,1.1,2.2,86.0,846.4,19.6,0,5499,750
2025-12-03 14:54:37,28.6,39.7,0.0,1.6,3.3,45.0,846.3,19.3,0,5845,783
2025-12-03 15:09:42,27.8,41.5,0.0,0.6,2.6,97.0,846.2,18.9,0,5218,724
2025-12-03 15:24:47,27.5,41.8,0.0,1.0,2.4,176.0,846.3,18.7,0,4969,697
2025-12-03 15:39:52,26.6,43.1,0.0,1.4,2.4,77.0,846.1,18.3,0,3637,574
2025-12-03 15:54:57,27.0,43.5,0.0,1.2,2.0,49.0,846.2,18.6,0,1743,404
2025-12-03 16:10:23,27.2,43.6,0.0,0.6,2.2,97.0,846.2,18.8,0,2315,455
2025-12-03 16:25:28,27.1,43.8,0.0,0.2,1.1,142.0,846.2,18.7,0,1718,404
2025-12-03 16:40:33,26.8,44.0,0.0,0.5,1.1,143.0,846.4,18.5,0,2698,483
2025-12-03 16:55:38,26.6,43.4,0.0,0.8,1.5,95.0,846.4,18.3,0,2207,439
2025-12-03 17:10:43,26.7,43.7,0.0,0.3,1.1,100.0,846.6,18.4,0,1763,400
2025-12-03 17:25:48,25.2,45.5,0.0,1.2,2.8,68.0,846.7,17.5,0,825,320
2025-12-03 17:41:29,24.4,47.8,0.0,0.9,3.1,93.0,846.7,17.2,0,634,301
2025-12-03 17:56:34,23.9,50.5,0.0,1.2,2.0,70.0,846.8,17.1,0,511,286
2025-12-03 18:12:02,23.4,51.5,0.0,0.5,1.3,127.0,847.0,16.8,0,383,272
2025-12-03 18:27:26,22.9,55.8,0.0,0.0,0.2,124.0,847.2,17.0,0,266,263
2025-12-03 18:42:31,22.4,58.5,0.0,0.8,3.3,104.0,847.5,17.0,0,253,261
2025-12-03 18:57:37,22.0,60.9,0.0,0.3,0.9,67.0,847.7,17.0,0,254,260
2025-12-03 19:12:42,21.6,62.9,0.0,0.0,0.2,79.0,847.8,16.8,0,254,261
2025-12-03 19:27:47,21.3,64.2,0.0,0.4,1.5,82.0,848.0,16.8,0,253,260
2025-12-03 19:42:53,21.0,65.5,0.0,0.2,0.7,76.0,848.0,16.6,0,253,259
2025-12-03 19:57:58,20.8,66.6,0.0,0.4,1.5,83.0,848.4,16.6,0,254,259
2025-12-03 20:13:03,20.5,67.7,0.0,0.0,0.0,81.0,848.5,16.5,0,253,260
2025-12-03 20:28:08,20.3,68.4,0.0,0.1,0.2,81.0,848.8,16.4,0,253,261
2025-12-03 20:43:32,20.2,69.2,0.0,0.2,1.2,81.0,848.9,16.3,0,253,260
2025-12-03 20:58:37,20.0,69.8,0.0,0.7,1.7,82.0,849.1,16.2,0,254,260
2025-12-03 21:13:42,19.9,70.3,0.0,0.4,0.8,73.0,849.1,16.2,0,253,261
2025-12-03 21:29:06,19.8,70.8,0.0,0.2,0.4,75.0,849.2,16.2,0,253,261
2025-12-03 21:44:55,19.9,70.6,0.0,0.4,1.1,75.0,849.4,16.2,0,254,260
2025-12-03 22:00:00,19.8,70.7,0.0,0.2,1.0,75.0,849.4,16.2,0,254,259
2025-12-03 22:15:05,19.6,71.7,0.0,0.2,0.7,75.0,849.3,16.1,0,253,260
2025-12-03 22:30:10,19.4,72.6,0.0,0.3,0.9,75.0,849.4,16.1,0,254,258
2025-12-03 22:45:15,19.5,72.5,0.0,0.8,1.3,75.0,849.5,16.1,0,253,259
2025-12-03 23:00:38,19.5,72.7,0.0,0.3,1.1,75.0,849.5,16.2,0,253,259
2025-12-03 23:15:43,19.5,73.2,0.0,0.2,0.7,75.0,849.5,16.2,0,254,260
2025-12-03 23:30:52,19.1,74.3,0.0,0.4,1.1,75.0,849.5,16.0,0,253,261
2025-12-03 23:45:57,19.0,75.2,0.0,0.3,0.6,75.0,849.3,16.0,0,254,259
2025-12-04 00:01:02,18.9,75.7,0.0,0.5,1.1,75.0,849.3,15.9,0,254,260
2025-12-04 00:16:52,18.6,77.1,0.0,0.0,0.0,75.0,849.2,15.8,0,254,260
2025-12-04 00:31:57,18.3,78.0,0.0,0.2,0.4,75.0,849.1,15.6,0,254,261
2025-12-04 00:47:02,17.9,78.9,0.0,0.1,0.4,75.0,848.9,15.4,0,254,261
2025-12-04 01:02:06,17.6,80.2,0.0,0.0,0.0,75.0,848.8,15.2,0,253,258
2025-12-04 01:17:12,17.3,81.5,0.0,0.0,0.0,75.0,848.8,15.2,0,254,260
2025-12-04 01:32:17,17.4,81.6,0.0,0.0,0.2,75.0,848.7,15.2,0,254,260
2025-12-04 01:47:40,17.5,81.2,0.0,0.1,0.2,75.0,848.5,15.3,0,253,260
2025-12-04 02:02:45,17.6,80.8,0.0,0.0,0.0,75.0,848.5,15.3,0,253,261
2025-12-04 02:17:50,17.4,82.2,0.0,0.0,0.0,75.0,848.3,15.3,0,253,261
2025-12-04 02:32:55,17.6,81.7,0.0,0.1,0.5,75.0,848.2,15.5,0,252,261
2025-12-04 02:48:00,17.8,80.8,0.0,0.2,0.5,75.0,848.2,15.5,0,253,259
2025-12-04 03:00:03,17.7,81.0,0.0,0.4,1.1,75.0,848.2,15.5,0,252,260
2025-12-04 03:15:08,17.8,80.8,0.0,0.1,0.2,75.0,848.3,15.5,0,254,260
2025-12-04 03:30:13,17.5,81.6,0.0,0.1,0.2,75.0,848.3,15.3,0,253,260
2025-12-04 03:45:18,17.2,83.0,0.0,0.0,0.0,75.0,848.3,15.2,0,253,260
2025-12-04 04:00:23,17.0,83.9,0.0,0.0,0.2,75.0,848.5,15.1,0,253,261
2025-12-04 04:15:48,17.2,83.3,0.0,0.0,0.2,75.0,848.8,15.2,0,252,261
2025-12-04 04:30:53,17.3,83.0,0.0,0.0,0.2,75.0,848.9,15.3,0,254,261
2025-12-04 04:45:58,17.2,83.6,0.0,0.0,0.2,75.0,849.1,15.2,0,253,260
2025-12-04 05:01:03,17.0,84.3,0.0,0.0,0.2,75.0,849.2,15.2,0,253,259
2025-12-04 05:16:09,16.9,85.0,0.0,0.0,0.0,75.0,849.4,15.1,0,253,260
2025-12-04 05:31:14,16.7,86.1,0.0,0.0,0.2,75.0,849.4,15.1,0,251,262
2025-12-04 05:47:18,17.1,85.6,0.0,0.0,0.4,75.0,849.7,15.4,0,253,260
2025-12-04 06:02:44,17.3,84.9,0.0,0.7,1.3,75.0,849.8,15.5,0,256,260
2025-12-04 06:17:48,17.2,85.1,0.0,0.0,0.0,75.0,850.0,15.4,0,279,263
2025-12-04 06:32:53,17.0,86.3,0.0,0.0,0.0,75.0,850.2,15.4,0,373,270
2025-12-04 06:47:58,17.1,85.8,0.0,0.0,0.0,75.0,850.4,15.4,0,445,277
2025-12-04 07:03:03,17.3,85.6,0.0,0.2,0.4,75.0,850.6,15.6,0,530,286
2025-12-04 07:18:08,17.5,85.4,0.0,0.4,1.3,75.0,850.8,15.7,0,526,287
2025-12-04 07:33:12,17.7,84.6,0.0,0.3,0.6,75.0,851.0,15.9,0,819,317
2025-12-04 07:48:17,17.9,84.2,0.0,0.6,1.3,75.0,851.2,16.0,0,1004,332
2025-12-04 08:03:55,18.2,82.6,0.0,1.2,2.2,75.0,851.4,16.1,0,2070,425
2025-12-04 08:19:21,19.1,79.7,0.0,0.5,1.1,75.0,851.5,16.6,0,2524,467
2025-12-04 08:35:11,19.7,76.1,0.0,0.2,0.7,75.0,851.5,16.7,0,1828,417
2025-12-04 08:50:16,21.2,72.4,0.0,0.4,0.9,98.0,851.6,17.7,0,3722,578
2025-12-04 09:06:06,20.4,71.6,0.0,0.7,1.5,77.0,851.8,16.9,0,1727,406
2025-12-04 09:21:59,21.0,71.3,0.0,0.3,0.9,76.0,851.8,17.3,0,4782,669
2025-12-04 09:37:31,21.0,68.6,0.0,0.5,1.7,70.0,851.7,17.1,0,2010,430
2025-12-04 09:52:52,22.0,64.8,0.0,0.7,1.6,70.0,851.8,17.5,0,2293,453
2025-12-04 10:07:56,22.1,63.3,0.0,1.0,1.5,118.0,851.7,17.3,0,6356,821
2025-12-04 10:23:04,24.6,54.3,0.0,0.5,1.7,108.0,851.4,18.3,0,7121,893
2025-12-04 10:38:09,24.4,54.8,0.0,0.8,2.0,81.0,851.3,18.2,0,6684,853
2025-12-04 10:53:14,24.1,55.0,0.0,1.1,2.0,51.0,851.2,17.9,0,5590,765
2025-12-04 11:08:19,24.4,53.5,0.0,1.9,3.1,79.0,851.0,18.0,0,2117,447
2025-12-04 11:23:23,25.5,51.2,0.0,1.6,3.1,72.0,850.7,18.6,0,7547,943
2025-12-04 11:39:19,25.5,52.1,0.0,0.1,0.7,48.0,850.4,18.7,0,8092,986
2025-12-04 11:54:24,26.5,48.8,0.0,0.4,1.3,80.0,850.1,19.0,0,8128,998
2025-12-04 12:09:29,27.1,45.1,0.0,1.5,2.0,80.0,850.0,19.0,0,8253,1005
2025-12-04 12:24:34,26.7,46.7,0.0,1.0,1.7,75.0,849.9,18.9,0,8115,1000
2025-12-04 12:40:02,26.1,46.9,0.0,0.7,2.0,107.0,849.6,18.5,0,8538,1035
2025-12-04 12:56:01,27.4,44.1,0.0,0.8,2.6,87.0,849.4,19.1,0,8486,1034
2025-12-04 13:11:06,26.6,45.4,0.0,1.4,3.7,60.0,849.3,18.6,0,8021,990
2025-12-04 13:27:03,28.4,43.1,0.0,0.3,0.9,83.0,849.0,19.7,0,7986,977
2025-12-04 13:42:15,28.4,42.7,0.0,0.4,1.3,34.0,848.6,19.6,0,3091,537
2025-12-04 13:57:20,28.6,41.7,0.0,0.5,1.3,34.0,848.3,19.7,0,7675,956
2025-12-04 14:12:25,27.1,44.1,0.0,0.4,0.9,129.0,848.1,18.9,0,6075,800
2025-12-04 14:27:30,28.6,40.7,0.0,0.4,1.3,125.0,848.0,19.5,0,6674,858
2025-12-04 14:42:35,27.8,40.9,0.0,0.4,0.9,4.0,847.8,18.8,0,5500,752
2025-12-04 14:57:40,28.4,39.9,0.0,0.9,2.0,224.0,847.6,19.1,0,5653,766
2025-12-04 15:13:04,29.7,37.9,0.0,0.3,0.7,126.0,847.4,19.8,0,5434,744
2025-12-04 15:28:40,29.8,38.0,0.0,0.0,0.0,144.0,847.3,19.9,0,4922,700
2025-12-04 15:44:03,29.1,36.6,0.0,1.6,3.1,84.0,847.2,19.1,0,1578,398
2025-12-04 15:59:13,29.0,37.8,0.0,0.9,3.5,82.0,847.1,19.2,0,3578,572
2025-12-04 16:14:18,29.3,36.7,0.0,0.3,0.7,86.0,847.2,19.2,0,3241,540
2025-12-04 16:29:25,28.6,38.2,0.0,1.3,2.2,100.0,847.2,19.0,0,2836,501
2025-12-04 16:45:13,28.1,37.4,0.0,0.3,0.7,149.0,847.2,18.4,0,2360,456
2025-12-04 17:00:19,27.7,38.0,0.0,1.2,2.6,91.0,847.4,18.2,0,1817,405
2025-12-04 17:15:24,26.5,42.5,0.0,0.4,1.3,120.0,847.5,18.0,0,1304,360
2025-12-04 17:30:29,25.6,44.4,0.0,0.5,2.6,61.0,847.5,17.6,0,888,324
2025-12-04 17:46:27,25.0,44.8,0.0,0.4,0.9,97.0,847.6,17.2,0,693,303
2025-12-04 18:01:31,24.5,45.4,0.0,0.3,0.9,136.0,847.8,16.8,0,531,286
2025-12-04 18:16:36,24.0,47.9,0.0,0.3,0.7,111.0,848.0,16.8,0,360,269
2025-12-04 18:32:20,23.5,50.8,0.0,0.1,0.4,93.0,848.3,16.8,0,263,262
2025-12-04 18:47:29,23.1,52.8,0.0,0.6,2.2,67.0,848.6,16.8,0,253,262
2025-12-04 19:02:34,23.0,54.1,0.0,1.4,3.5,98.0,848.7,16.8,0,253,261
2025-12-04 19:17:39,23.0,55.5,0.0,1.8,3.5,83.0,849.0,17.0,0,255,260
2025-12-04 19:32:44,22.7,57.2,0.0,0.9,2.2,107.0,849.1,17.0,0,254,261
2025-12-04 19:47:49,22.5,58.0,0.0,0.4,1.1,114.0,849.2,17.0,0,254,261
2025-12-04 20:03:13,22.2,59.2,0.0,0.3,0.7,43.0,849.3,16.9,0,253,260
2025-12-04 20:18:18,21.9,59.8,0.0,0.3,0.7,58.0,849.4,16.7,0,254,260
2025-12-04 20:33:23,21.7,61.2,0.0,1.2,2.0,71.0,849.7,16.7,0,253,261
2025-12-04 20:48:27,21.5,62.7,0.0,0.3,2.0,81.0,849.9,16.7,0,253,259
2025-12-04 21:04:40,21.3,63.5,0.0,0.6,0.9,83.0,850.0,16.6,0,254,261
2025-12-04 21:19:45,21.2,64.3,0.0,0.7,2.6,75.0,850.1,16.7,0,254,262
2025-12-04 21:34:55,21.0,65.5,0.0,1.3,3.5,72.0,850.4,16.6,0,253,258
2025-12-04 21:50:16,21.0,66.5,0.0,1.1,2.6,65.0,850.4,16.7,0,254,259
2025-12-04 22:05:36,20.9,67.1,0.0,0.4,1.1,112.0,850.3,16.7,0,252,260
2025-12-04 22:20:40,20.8,68.1,0.0,0.1,0.4,120.0,850.5,16.8,0,253,260
2025-12-04 22:36:35,20.3,70.0,0.0,1.1,3.3,88.0,850.6,16.6,0,255,260
2025-12-04 22:52:27,19.9,72.1,0.0,0.1,0.4,107.0,850.5,16.5,0,252,260
2025-12-04 23:07:33,19.6,74.0,0.0,0.1,0.4,141.0,850.5,16.4,0,254,259
2025-12-04 23:22:38,19.3,75.3,0.0,0.1,0.4,102.0,850.4,16.3,0,254,259
2025-12-04 23:37:43,19.3,75.9,0.0,0.1,0.4,112.0,850.5,16.4,0,253,260
2025-12-04 23:52:48,19.2,76.3,0.0,0.3,1.1,97.0,850.4,16.3,0,254,260
2025-12-05 00:08:19,19.0,76.7,0.0,0.6,1.3,73.0,850.2,16.2,0,253,261
2025-12-05 00:23:24,18.9,77.6,0.0,0.2,0.7,80.0,850.2,16.1,0,254,260
2025-12-05 00:38:49,18.7,78.6,0.0,0.0,0.2,57.0,850.1,16.1,0,253,261
2025-12-05 00:53:54,18.7,78.2,0.0,0.2,0.7,75.0,850.1,16.0,0,253,261
2025-12-05 01:08:59,18.3,79.1,0.0,0.1,0.2,78.0,849.9,15.8,0,253,261
2025-12-05 01:24:04,17.6,81.2,0.0,0.2,0.4,78.0,849.7,15.4,0,254,260
2025-12-05 01:39:27,17.2,83.0,0.0,0.0,0.0,76.0,849.6,15.2,0,253,260
2025-12-05 01:55:05,16.8,84.8,0.0,0.1,0.2,77.0,849.5,15.0,0,254,259
2025-12-05 02:10:27,16.6,85.6,0.0,0.0,0.2,79.0,849.4,14.9,0,254,261
2025-12-05 02:25:32,16.5,86.6,0.0,0.0,0.0,79.0,849.5,14.9,0,252,261
2025-12-05 02:40:37,16.3,87.3,0.0,0.0,0.0,79.0,849.3,14.8,0,253,260
2025-12-05 02:55:42,16.2,87.9,0.0,0.2,0.4,79.0,849.2,14.8,0,253,261
2025-12-05 03:00:43,16.3,87.8,0.0,0.0,0.0,79.0,849.2,14.8,0,252,261
2025-12-05 03:15:48,16.1,88.1,0.0,0.0,0.0,79.0,849.2,14.7,0,254,262
2025-12-05 03:30:53,16.1,88.9,0.0,0.0,0.2,79.0,849.2,14.8,0,253,261
2025-12-05 03:45:58,16.2,88.6,0.0,0.0,0.0,81.0,849.3,14.9,0,253,262
2025-12-05 04:01:03,16.0,88.6,0.0,0.0,0.0,82.0,849.5,14.6,0,254,260
2025-12-05 04:16:08,15.8,89.4,0.0,0.0,0.0,82.0,849.5,14.5,0,252,260
2025-12-05 04:31:13,15.8,89.9,0.0,0.0,0.0,82.0,849.5,14.6,0,254,260
2025-12-05 04:46:36,15.8,90.3,0.0,0.0,0.0,82.0,849.6,14.6,0,253,260
2025-12-05 05:01:41,15.5,90.1,0.0,0.0,0.0,82.0,849.8,14.3,0,254,262
2025-12-05 05:17:16,15.6,90.9,0.0,0.0,0.0,82.0,849.8,14.5,0,253,260
2025-12-05 05:32:40,15.5,91.0,0.0,0.0,0.0,82.0,849.9,14.5,0,253,261
2025-12-05 05:47:45,15.5,91.2,0.0,0.0,0.2,82.0,850.1,14.5,0,254,261
2025-12-05 06:02:48,15.8,91.5,0.0,0.0,0.0,82.0,850.3,14.8,0,270,262
2025-12-05 06:17:53,15.9,91.2,0.0,0.0,0.0,82.0,850.3,14.9,0,299,264
2025-12-05 06:32:59,15.8,90.9,0.0,0.0,0.0,82.0,850.4,14.8,0,438,275
2025-12-05 06:48:04,15.9,90.9,0.0,0.0,0.0,82.0,850.5,14.8,0,538,291
2025-12-05 07:03:09,16.1,90.9,0.0,0.0,0.0,82.0,850.7,15.0,0,631,302
2025-12-05 07:18:14,16.6,90.3,0.0,0.4,0.7,88.0,850.8,15.5,0,710,313
2025-12-05 07:33:19,17.2,87.1,0.0,0.3,0.7,102.0,851.0,15.7,0,1016,334
2025-12-05 07:48:44,17.5,86.9,0.0,0.5,1.1,80.0,851.2,16.0,0,1167,345
2025-12-05 08:03:49,17.8,85.5,0.0,0.1,0.4,88.0,851.5,16.0,0,1661,389
2025-12-05 08:18:54,17.8,85.0,0.0,0.5,1.3,61.0,851.6,16.0,0,1896,412
2025-12-05 08:34:51,18.6,82.8,0.0,0.3,0.7,76.0,851.7,16.5,0,3584,559
2025-12-05 08:50:37,19.7,75.6,0.0,1.2,2.4,82.0,851.6,16.7,0,4814,664
2025-12-05 09:05:46,20.5,71.5,0.0,0.6,2.0,63.0,851.7,16.9,0,3137,532
2025-12-05 09:20:50,21.0,68.6,0.0,0.9,2.0,81.0,851.6,17.0,0,2171,442
2025-12-05 09:35:58,22.7,61.1,0.0,0.8,1.5,56.0,851.4,17.6,0,5751,754
2025-12-05 09:51:50,22.9,59.3,0.0,0.6,1.5,37.0,851.2,17.5,0,6897,870
2025-12-05 10:06:55,23.1,58.4,0.0,0.6,1.3,145.0,851.2,17.6,0,2055,433
2025-12-05 10:22:51,22.4,57.5,0.0,1.3,3.1,75.0,851.2,16.9,0,2287,470
2025-12-05 10:37:54,24.7,52.8,0.0,0.9,1.3,80.0,851.1,18.2,0,7173,902
2025-12-05 10:53:17,25.9,50.4,0.0,0.4,0.9,88.0,851.0,18.8,0,3545,585
2025-12-05 11:08:30,25.5,50.5,0.0,0.3,0.9,149.0,850.9,18.5,0,6278,831
2025-12-05 11:23:51,24.9,52.1,0.0,0.0,0.2,72.0,850.7,18.2,0,5205,741
2025-12-05 11:38:51,25.6,51.2,0.0,0.3,1.1,64.0,850.6,18.7,0,8554,1030
2025-12-05 11:53:56,25.8,48.0,0.0,2.1,3.9,66.0,850.5,18.4,0,2498,499
2025-12-05 12:08:59,26.9,46.2,0.0,0.7,2.4,73.0,850.2,19.0,0,8779,1060
2025-12-05 12:25:22,27.2,44.3,0.0,0.8,3.1,117.0,850.0,18.9,0,8048,990
2025-12-05 12:40:28,26.2,43.1,0.0,1.7,4.4,94.0,849.8,17.9,0,8290,1018
2025-12-05 12:55:52,26.4,44.7,0.0,1.2,3.7,64.0,849.6,18.3,0,8031,992
2025-12-05 13:10:57,26.8,44.8,0.0,1.7,3.5,115.0,849.4,18.7,0,7966,988
2025-12-05 13:26:01,27.7,41.4,0.0,1.4,2.4,84.0,849.2,18.8,0,8108,1001
2025-12-05 13:42:07,28.0,40.5,0.0,2.0,3.5,69.0,848.9,18.9,0,8302,1013
2025-12-05 13:57:11,28.2,40.6,0.0,0.7,1.8,74.0,848.6,19.1,0,7799,967
2025-12-05 14:12:16,28.4,40.4,0.0,1.1,3.7,102.0,848.5,19.2,0,1412,383
2025-12-05 14:27:21,27.5,41.2,0.0,1.2,2.2,75.0,848.3,18.6,0,6650,860
2025-12-05 14:42:25,27.8,40.9,0.0,0.7,1.8,97.0,848.1,18.9,0,6825,870
2025-12-05 14:57:37,29.6,37.6,0.0,0.3,1.3,93.0,847.8,19.6,0,5810,784
2025-12-05 15:12:59,28.7,36.2,0.0,1.0,2.2,142.0,847.6,18.7,0,5538,756
2025-12-05 15:28:04,28.5,37.0,0.0,1.2,2.4,81.0,847.6,18.6,0,1267,374
2025-12-05 15:43:09,29.0,37.1,0.0,1.3,3.5,77.0,847.7,19.1,0,5812,763
2025-12-05 15:58:14,26.8,36.0,0.0,0.8,2.8,93.0,847.7,17.1,0,2810,503
2025-12-05 16:13:18,27.8,41.2,0.0,0.7,2.0,171.0,847.7,18.8,0,3899,592
2025-12-05 16:28:23,26.9,44.4,0.0,1.1,3.3,167.0,847.9,18.7,0,2613,487
2025-12-05 16:44:07,26.9,43.4,0.0,0.7,1.7,128.0,847.9,18.5,0,2750,484
2025-12-05 16:59:11,25.7,45.7,0.0,0.4,1.3,125.0,848.0,17.9,0,1158,352
2025-12-05 17:14:17,24.8,45.6,0.0,0.6,1.7,147.0,848.1,17.2,0,1165,348
2025-12-05 17:29:22,24.6,44.2,0.0,0.1,0.4,127.0,848.1,16.8,0,733,308
2025-12-05 17:44:28,24.0,47.9,0.0,0.2,1.5,143.0,848.3,16.9,0,484,288
2025-12-05 17:59:33,23.4,49.4,0.0,0.5,2.0,125.0,848.6,16.5,0,569,288
2025-12-05 18:14:37,23.3,47.5,0.0,0.3,1.5,128.0,848.8,16.1,0,440,277
2025-12-05 18:29:43,23.1,50.8,0.0,0.3,1.7,109.0,848.7,16.5,0,283,263
2025-12-05 18:45:05,22.6,53.9,0.0,0.6,2.8,135.0,849.0,16.5,0,255,260
2025-12-05 19:00:10,22.4,55.8,0.0,0.1,1.4,101.0,849.1,16.6,0,252,260
2025-12-05 19:15:15,22.0,56.7,0.0,0.1,0.4,115.0,849.4,16.4,0,253,260
2025-12-05 19:30:20,21.5,55.7,0.0,0.2,0.9,88.0,849.6,15.8,0,254,260
2025-12-05 19:45:24,21.2,56.4,0.0,0.1,0.4,144.0,849.9,15.6,0,253,261
2025-12-05 20:00:29,20.8,58.1,0.0,0.2,0.4,28.0,850.0,15.5,0,253,260
2025-12-05 20:16:13,20.3,60.7,0.0,0.0,0.2,119.0,850.2,15.4,0,253,262
2025-12-05 20:32:11,20.0,62.8,0.0,0.0,0.0,119.0,850.4,15.4,0,253,261
2025-12-05 20:47:17,19.7,65.1,0.0,0.0,0.0,55.0,850.5,15.4,0,254,260
2025-12-05 21:02:18,19.4,67.1,0.0,0.0,0.0,55.0,850.7,15.4,0,253,260
2025-12-05 21:17:22,18.9,69.3,0.0,0.0,0.0,55.0,850.7,15.2,0,252,260
2025-12-05 21:32:27,18.5,71.1,0.0,0.0,0.0,55.0,850.9,15.0,0,253,260
2025-12-05 21:48:21,18.1,73.0,0.0,0.0,0.0,55.0,850.9,14.9,0,254,262
2025-12-05 22:04:20,18.1,73.8,0.0,0.0,0.2,55.0,851.1,14.9,0,254,260
2025-12-05 22:19:47,18.5,72.1,0.0,0.1,0.4,55.0,851.1,15.1,0,253,260
2025-12-05 22:34:52,18.5,71.3,0.0,0.1,0.2,55.0,851.0,15.0,0,252,260
2025-12-05 22:50:23,18.1,71.9,0.0,0.0,0.2,56.0,850.9,14.7,0,253,261
2025-12-05 23:05:28,17.7,73.6,0.0,0.1,0.2,69.0,851.0,14.6,0,254,261
2025-12-05 23:20:33,17.9,73.7,0.0,0.0,0.2,68.0,851.0,14.7,0,254,261
2025-12-05 23:35:38,17.9,74.0,0.0,0.1,0.4,68.0,850.9,14.8,0,254,261
2025-12-05 23:50:43,17.6,74.8,0.0,0.0,0.0,67.0,850.8,14.7,0,253,260
2025-12-06 00:05:48,17.1,76.8,0.0,0.0,0.0,67.0,850.6,14.4,0,253,260
2025-12-06 00:20:53,17.0,77.7,0.0,0.0,0.0,67.0,850.7,14.4,0,252,259
2025-12-06 00:36:18,17.0,78.3,0.0,0.0,0.0,54.0,850.4,14.4,0,254,261
2025-12-06 00:51:23,17.0,78.9,0.0,0.0,0.2,54.0,850.3,14.5,0,253,261
2025-12-06 01:06:28,16.7,79.2,0.0,0.0,0.0,54.0,850.2,14.3,0,253,261
2025-12-06 01:21:33,16.3,81.2,0.0,0.1,0.4,54.0,850.1,14.1,0,253,260
2025-12-06 01:36:38,16.1,82.5,0.0,0.2,0.4,53.0,850.0,14.1,0,253,260
2025-12-06 01:51:43,16.1,83.4,0.0,0.1,0.7,54.0,849.9,14.2,0,253,260
2025-12-06 02:06:48,16.0,83.4,0.0,0.0,0.2,54.0,849.7,14.1,0,254,260
2025-12-06 02:21:53,15.8,84.5,0.0,0.1,0.2,66.0,849.7,14.0,0,253,261
2025-12-06 02:36:58,15.7,84.9,0.0,0.0,0.0,74.0,849.7,13.9,0,253,261
2025-12-06 02:52:23,15.6,85.5,0.0,0.0,0.0,85.0,849.8,14.0,0,253,261
2025-12-06 03:00:25,15.6,85.5,0.0,0.0,0.0,84.0,849.7,14.0,0,254,260
2025-12-06 03:15:31,15.3,86.2,0.0,0.0,0.2,84.0,849.6,13.7,0,253,261
2025-12-06 03:31:30,15.0,86.8,0.0,0.0,0.0,84.0,849.9,13.5,0,253,260
2025-12-06 03:46:35,14.7,87.8,0.0,0.0,0.0,84.0,849.9,13.3,0,253,260
2025-12-06 04:01:40,14.6,88.8,0.0,0.0,0.0,84.0,849.9,13.3,0,254,261
2025-12-06 04:16:45,14.8,89.9,0.0,0.0,0.0,84.0,850.1,13.6,0,254,260
2025-12-06 04:32:23,15.2,89.7,0.0,0.1,0.2,84.0,850.4,14.0,0,253,261
2025-12-06 04:47:48,15.6,87.6,0.0,0.0,0.0,84.0,850.6,14.2,0,254,261
2025-12-06 05:02:52,15.7,87.2,0.0,0.0,0.0,84.0,850.7,14.2,0,253,261
2025-12-06 05:17:57,15.7,86.9,0.0,0.0,0.0,84.0,851.0,14.2,0,253,260
2025-12-06 05:33:02,15.8,86.4,0.0,0.0,0.2,84.0,851.0,14.2,0,254,260
2025-12-06 05:48:07,15.7,86.1,0.0,0.0,0.0,84.0,850.9,14.1,0,253,262
2025-12-06 06:03:13,15.8,86.4,0.0,0.0,0.2,84.0,851.1,14.2,0,259,260
2025-12-06 06:18:18,16.0,86.2,0.0,0.1,0.7,84.0,851.1,14.4,0,275,262
2025-12-06 06:33:22,16.3,86.7,0.0,0.5,1.1,65.0,851.3,14.8,0,420,271
2025-12-06 06:48:28,16.7,87.5,0.0,0.1,0.6,78.0,851.4,15.2,0,369,272
2025-12-06 07:03:53,17.0,87.5,0.0,0.2,0.4,91.0,851.5,15.6,0,1220,341
2025-12-06 07:18:58,17.7,86.0,0.0,0.3,1.1,78.0,851.6,16.0,0,1200,342
2025-12-06 07:34:03,18.1,84.4,0.0,0.2,0.4,95.0,851.8,16.2,0,592,295
2025-12-06 07:49:07,18.7,83.1,0.0,0.2,0.7,139.0,851.8,16.6,0,2305,445
2025-12-06 08:04:13,19.4,79.2,0.0,0.7,1.7,90.0,851.9,16.9,0,1972,413
2025-12-06 08:19:17,19.4,77.4,0.0,2.0,3.5,84.0,851.9,16.6,0,1312,359
2025-12-06 08:34:22,19.5,77.4,0.0,0.8,1.5,84.0,852.1,16.7,0,1353,365
2025-12-06 08:49:27,19.7,76.4,0.0,0.5,1.3,64.0,852.1,16.8,0,2630,477
2025-12-06 09:04:32,21.2,69.4,0.0,1.3,2.8,90.0,852.1,17.3,0,1968,425
2025-12-06 09:19:37,22.1,66.0,0.0,0.4,1.1,155.0,852.1,17.7,0,5758,768
2025-12-06 09:35:00,22.3,65.3,0.0,0.4,1.5,98.0,852.0,17.8,0,1696,405
2025-12-06 09:50:05,23.0,60.5,0.0,1.6,2.6,101.0,852.1,17.8,0,1814,421
2025-12-06 10:05:39,22.4,62.4,0.0,0.7,1.5,46.0,852.0,17.5,0,8272,988
2025-12-06 10:21:00,23.5,59.1,0.0,0.4,1.1,78.0,851.9,18.0,0,5026,709
2025-12-06 10:36:07,22.6,61.6,0.0,0.5,1.1,33.0,851.9,17.6,0,1612,382
2025-12-06 10:51:12,22.5,60.0,0.0,0.3,0.7,120.0,851.8,17.2,0,1687,388
2025-12-06 11:06:25,22.5,59.4,0.0,0.8,1.5,65.0,851.6,17.2,0,9733,1120
2025-12-06 11:22:17,23.8,55.2,0.0,0.6,1.5,143.0,851.3,17.7,0,2960,516
2025-12-06 11:37:22,24.7,52.9,0.0,0.7,2.0,150.0,851.2,18.2,0,2835,513
2025-12-06 11:52:27,23.9,54.0,0.0,0.9,1.7,61.0,851.1,17.6,0,2308,461
2025-12-06 12:08:14,24.7,51.2,0.0,0.3,1.1,134.0,850.7,17.9,0,9582,1119
2025-12-06 12:23:19,25.8,50.7,0.0,0.8,2.4,63.0,850.5,18.8,0,9106,1090
2025-12-06 12:38:25,26.2,48.3,0.0,0.3,1.1,140.0,850.4,18.8,0,2453,485
2025-12-06 12:53:29,26.6,45.9,0.0,0.8,2.2,92.0,850.1,18.7,0,2452,477
2025-12-06 13:08:34,26.5,45.9,0.0,0.6,2.0,85.0,849.9,18.6,0,8466,1033
2025-12-06 13:23:39,26.7,42.7,0.0,1.1,2.4,61.0,849.5,18.2,0,8692,1050
2025-12-06 13:39:16,27.1,42.5,0.0,1.3,3.3,58.0,849.3,18.5,0,1602,390
2025-12-06 13:54:22,27.6,41.8,0.0,0.3,1.3,90.0,849.0,18.8,0,6063,808
2025-12-06 14:09:27,27.4,41.5,0.0,1.0,2.0,23.0,849.0,18.6,0,7602,950
2025-12-06 14:24:32,27.2,41.2,0.0,1.0,2.6,157.0,848.8,18.4,0,7560,946
2025-12-06 14:40:21,27.6,40.7,0.0,1.9,3.2,183.0,848.5,18.6,0,6654,865
2025-12-06 14:55:27,29.7,37.0,0.0,0.1,0.7,150.0,848.2,19.6,0,6310,828
2025-12-06 15:10:32,28.7,38.1,0.0,0.9,2.8,139.0,848.0,19.0,0,5935,791
2025-12-06 15:25:37,29.3,37.7,0.0,0.6,1.5,118.0,847.9,19.4,0,5658,759
2025-12-06 15:40:42,28.9,37.9,0.0,0.2,0.9,137.0,847.9,19.2,0,5207,718
2025-12-06 15:55:47,28.3,39.6,0.0,1.3,2.2,68.0,847.9,19.0,0,4977,688
2025-12-06 16:10:52,25.8,45.2,0.0,0.8,2.2,172.0,848.0,17.9,0,1148,348
2025-12-06 16:26:15,25.7,45.7,0.0,0.7,2.8,161.0,848.0,17.9,0,1393,373
2025-12-06 16:41:20,24.3,55.0,0.0,0.6,2.0,178.0,848.3,18.2,0,2909,484
2025-12-06 16:56:25,19.8,76.4,1.0,0.0,0.0,178.0,848.5,16.9,0,787,313
2025-12-06 17:11:29,20.1,77.1,0.0,0.1,0.4,178.0,848.4,17.2,0,618,301
2025-12-06 17:26:34,20.8,62.7,0.0,0.0,0.2,2.0,848.4,16.1,0,458,289
2025-12-06 17:41:40,21.5,57.3,0.0,0.1,0.2,164.0,848.5,16.0,0,435,283
2025-12-06 17:57:25,21.5,56.2,0.0,0.2,0.7,164.0,848.5,15.9,0,453,284
2025-12-06 18:12:30,21.5,56.6,0.0,0.7,1.5,170.0,848.7,15.9,0,353,272
2025-12-06 18:27:35,21.6,58.0,0.0,0.1,0.4,181.0,848.8,16.2,0,280,262
2025-12-06 18:42:40,20.9,60.6,0.0,0.1,0.4,181.0,848.9,15.9,0,254,259
2025-12-06 18:57:45,20.8,61.4,0.0,0.0,0.0,180.0,848.9,15.9,0,254,260
2025-12-06 19:12:50,20.4,61.1,0.0,0.2,0.4,181.0,849.0,15.5,0,253,259
2025-12-06 19:27:55,20.0,60.8,0.0,0.0,0.0,180.0,849.2,15.2,0,253,260
2025-12-06 19:43:00,19.8,61.9,0.0,0.1,0.4,181.0,849.3,15.1,0,252,259
2025-12-06 19:58:22,19.5,65.7,0.0,0.0,0.2,181.0,849.5,15.3,0,253,260
2025-12-06 20:13:27,18.9,68.4,0.0,0.0,0.0,180.0,849.7,15.0,0,253,260
2025-12-06 20:28:32,18.4,71.3,0.0,0.0,0.0,180.0,850.0,14.9,0,252,261
2025-12-06 20:43:36,18.1,71.8,0.0,0.0,0.0,180.0,850.1,14.8,0,253,261
2025-12-06 20:58:42,17.8,72.2,0.0,0.1,0.2,181.0,850.2,14.5,0,253,260
2025-12-06 21:13:47,17.8,73.2,0.0,0.0,0.0,180.0,850.3,14.6,0,254,261
2025-12-06 21:28:52,17.5,74.8,0.0,0.0,0.0,180.0,850.5,14.5,0,253,261
2025-12-06 21:43:57,17.2,75.2,0.0,0.0,0.0,180.0,850.5,14.3,0,253,260
2025-12-06 21:59:02,17.4,76.7,0.0,0.0,0.0,180.0,850.6,14.6,0,254,260
2025-12-06 22:14:27,17.3,76.2,0.0,0.0,0.0,180.0,850.7,14.5,0,253,260
2025-12-06 22:29:32,17.0,77.0,0.0,0.0,0.2,181.0,850.7,14.3,0,254,260
2025-12-06 22:44:37,16.9,76.9,0.0,0.0,0.0,180.0,850.7,14.2,0,252,260
2025-12-06 22:59:41,17.2,75.1,0.0,0.1,0.2,181.0,850.5,14.2,0,254,262
2025-12-06 23:14:46,17.2,77.2,0.0,0.0,0.0,180.0,850.7,14.5,0,253,261
2025-12-06 23:29:51,17.0,76.5,0.0,0.0,0.2,181.0,850.6,14.2,0,254,260
2025-12-06 23:44:57,17.0,77.9,0.0,0.0,0.0,180.0,850.4,14.4,0,254,260
2025-12-07 00:00:02,16.7,78.4,0.0,0.0,0.0,180.0,850.5,14.2,0,253,260
2025-12-07 00:15:06,16.6,79.4,0.0,0.0,0.0,180.0,850.3,14.2,0,253,261
2025-12-07 00:30:11,16.5,79.1,0.0,0.0,0.0,180.0,850.2,14.1,0,255,261
2025-12-07 00:45:34,16.5,78.9,0.0,0.0,0.2,181.0,850.2,14.1,0,254,260
2025-12-07 01:00:39,16.5,79.3,0.0,0.1,0.2,181.0,850.1,14.1,0,254,262
2025-12-07 01:15:44,16.5,79.3,0.0,0.0,0.2,181.0,849.8,14.1,0,254,260
2025-12-07 01:30:49,16.7,79.3,0.0,0.0,0.2,181.0,849.7,14.2,0,255,260
2025-12-07 01:45:54,16.7,79.2,0.0,0.0,0.2,181.0,849.5,14.3,0,253,260
2025-12-07 02:00:59,16.6,79.7,0.0,0.1,0.2,181.0,849.6,14.2,0,252,261
2025-12-07 02:16:04,16.5,80.0,0.0,0.0,0.2,181.0,849.6,14.2,0,253,261
2025-12-07 02:31:08,16.5,80.6,0.0,0.0,0.0,180.0,849.4,14.2,0,253,261
2025-12-07 02:46:13,16.8,79.9,0.0,0.0,0.2,181.0,849.5,14.4,0,254,260
2025-12-07 03:00:18,16.7,80.1,0.0,0.0,0.0,180.0,849.6,14.4,0,253,260
2025-12-07 03:15:43,16.7,80.4,0.0,0.0,0.2,181.0,849.6,14.4,0,254,261
2025-12-07 03:31:41,16.6,81.1,0.0,0.0,0.0,180.0,849.6,14.4,0,252,260
2025-12-07 03:47:06,16.7,82.4,0.0,0.0,0.2,181.0,849.6,14.6,0,254,261
2025-12-07 04:02:11,16.6,83.8,0.0,0.0,0.0,180.0,849.8,14.7,0,252,260
2025-12-07 04:17:16,16.2,85.6,0.0,0.0,0.0,180.0,850.0,14.6,0,254,260
2025-12-07 04:32:21,16.1,87.6,0.0,0.0,0.0,180.0,850.3,14.7,0,253,260
2025-12-07 04:47:26,16.4,88.2,0.0,0.0,0.0,180.0,850.3,15.0,0,252,261
2025-12-07 05:02:31,16.5,88.0,0.0,0.0,0.0,180.0,850.2,15.1,0,253,260
2025-12-07 05:17:36,16.6,88.3,0.0,0.0,0.0,180.0,850.4,15.2,0,254,261
2025-12-07 05:32:41,16.4,88.5,0.0,0.0,0.2,181.0,850.4,15.1,0,254,261
2025-12-07 05:47:46,16.2,88.9,0.0,0.0,0.2,181.0,850.4,14.9,0,254,260
2025-12-07 06:03:12,16.0,89.6,0.0,0.0,0.2,181.0,850.6,14.8,0,258,260
2025-12-07 06:18:16,15.8,90.2,0.0,0.0,0.2,181.0,850.7,14.6,0,282,263
2025-12-07 06:33:21,15.9,90.9,0.0,0.2,0.7,181.0,850.7,14.8,0,376,271
2025-12-07 06:48:26,16.1,91.4,0.0,0.0,0.2,181.0,850.8,15.1,0,603,294
2025-12-07 07:03:31,16.5,91.0,0.0,0.0,0.2,181.0,850.9,15.5,0,608,298
2025-12-07 07:18:36,16.9,90.2,0.0,0.0,0.0,180.0,851.3,15.7,0,1387,359
2025-12-07 07:33:41,17.8,87.9,0.0,0.3,0.4,181.0,851.4,16.3,0,783,314
2025-12-07 07:48:46,17.9,86.4,0.0,0.0,0.2,287.0,851.4,16.3,0,1030,337
2025-12-07 08:03:50,18.4,85.0,0.0,0.2,0.9,287.0,851.5,16.6,0,1059,338
2025-12-07 08:18:55,19.1,83.8,0.0,0.4,1.3,287.0,851.6,17.1,0,2059,431
2025-12-07 08:34:19,19.6,77.8,0.0,0.1,0.4,88.0,851.7,16.9,0,1406,375
2025-12-07 08:49:23,21.5,71.3,0.0,1.2,1.7,104.0,851.5,17.9,0,5260,704
2025-12-07 09:04:28,20.7,72.6,0.0,0.2,0.4,104.0,851.8,17.3,0,1841,415
2025-12-07 09:19:33,21.1,72.0,0.0,0.3,0.7,346.0,851.9,17.6,0,1164,349
2025-12-07 09:34:37,20.9,72.2,0.0,0.0,0.2,27.0,852.0,17.4,0,1840,412
2025-12-07 09:49:43,21.4,70.3,0.0,0.1,0.7,26.0,852.1,17.6,0,2510,480
2025-12-07 10:05:25,23.4,63.0,0.0,0.3,1.1,111.0,852.0,18.5,0,7374,927
2025-12-07 10:20:30,26.0,54.5,0.0,0.2,0.7,114.0,851.7,19.6,0,7222,920
2025-12-07 10:36:28,24.4,53.9,0.0,1.2,3.5,112.0,851.8,18.1,0,1381,373
2025-12-07 10:51:33,25.0,52.4,0.0,0.5,1.3,34.0,851.7,18.3,0,7679,962
2025-12-07 11:06:38,26.0,49.3,0.0,0.6,1.3,124.0,851.7,18.7,0,4270,643
2025-12-07 11:21:42,23.9,53.8,0.0,0.6,1.3,117.0,851.5,17.7,0,2094,443
2025-12-07 11:36:47,23.2,54.9,0.0,0.9,2.0,132.0,851.3,17.2,0,2946,523
2025-12-07 11:51:52,24.4,52.5,0.0,0.2,0.9,113.0,851.1,17.9,0,8953,1073
2025-12-07 12:06:56,25.8,47.9,0.0,2.2,4.1,87.0,850.9,18.4,0,9176,1098
2025-12-07 12:22:01,26.5,48.3,0.0,1.8,3.7,98.0,850.6,19.0,0,9366,1114
2025-12-07 12:37:24,26.3,47.0,0.0,1.1,3.4,174.0,850.4,18.6,0,8981,1086
2025-12-07 12:53:29,27.0,43.2,0.0,0.7,2.0,140.0,850.3,18.6,0,9176,1104
2025-12-07 13:08:34,26.0,44.0,0.0,0.9,2.4,166.0,850.1,17.9,0,5993,820
2025-12-07 13:23:39,27.9,42.2,0.0,0.7,1.3,59.0,849.7,19.2,0,8174,1010
2025-12-07 13:38:43,27.6,42.6,0.0,0.3,1.1,189.0,849.4,19.0,0,8454,1035
2025-12-07 13:53:49,27.4,41.5,0.0,0.7,2.2,120.0,849.1,18.6,0,7683,966
2025-12-07 14:08:53,29.0,38.8,0.0,0.7,1.7,62.0,848.8,19.4,0,7488,946
2025-12-07 14:24:48,28.7,39.6,0.0,0.3,1.1,57.0,848.6,19.3,0,6413,839
2025-12-07 14:40:34,29.1,38.9,0.0,0.7,2.6,193.0,848.3,19.5,0,6999,894
2025-12-07 14:55:39,29.3,38.8,0.0,1.3,2.8,118.0,848.0,19.7,0,6723,860
2025-12-07 15:10:44,28.3,39.5,0.0,1.0,3.3,183.0,848.0,19.0,0,6073,802
2025-12-07 15:26:34,29.9,37.8,0.0,1.2,4.6,124.0,847.8,19.9,0,7031,884
2025-12-07 15:41:39,27.3,44.1,0.0,1.2,3.3,93.0,847.8,19.0,0,1612,394
2025-12-07 15:56:44,26.2,46.1,0.0,0.7,3.3,147.0,848.0,18.4,0,2876,514
2025-12-07 16:11:49,26.2,44.7,0.0,1.4,5.2,83.0,847.9,18.2,0,1975,425
2025-12-07 16:26:54,25.6,45.3,0.0,0.2,0.9,57.0,847.8,17.7,0,1708,397
2025-12-07 16:41:59,25.4,46.3,0.0,0.6,1.3,102.0,847.9,17.8,0,1492,377
2025-12-07 16:57:04,24.4,46.4,0.0,0.8,2.8,76.0,848.1,16.9,0,1121,341
2025-12-07 17:12:09,24.2,48.0,0.0,0.3,1.1,190.0,848.2,17.0,0,794,312
2025-12-07 17:27:34,23.9,47.9,0.0,0.9,2.2,101.0,848.3,16.7,0,713,305
2025-12-07 17:42:39,23.7,49.4,0.0,0.5,1.5,136.0,848.3,16.8,0,639,299
2025-12-07 17:57:44,23.3,51.5,0.0,0.1,0.2,181.0,848.5,16.8,0,473,285
2025-12-07 18:12:49,22.9,53.0,0.0,0.0,0.2,181.0,848.5,16.6,0,339,272
2025-12-07 18:27:54,22.5,55.1,0.0,0.6,1.7,181.0,848.6,16.5,0,285,264
2025-12-07 18:42:59,22.1,57.7,0.0,0.2,1.1,137.0,848.9,16.6,0,257,260
2025-12-07 18:58:47,21.7,59.0,0.0,0.5,1.1,53.0,849.0,16.4,0,253,260
2025-12-07 19:13:51,21.5,59.5,0.0,0.1,0.2,103.0,849.1,16.3,0,253,260
2025-12-07 19:28:56,21.2,61.0,0.0,0.6,1.3,66.0,849.4,16.2,0,254,262
2025-12-07 19:44:16,21.0,62.9,0.0,0.3,0.7,57.0,849.6,16.3,0,253,261
2025-12-07 19:59:41,20.3,67.1,0.0,0.2,0.7,74.0,849.7,16.2,0,253,259
2025-12-07 20:14:46,19.7,70.2,0.0,0.3,1.1,62.0,850.0,16.1,0,253,261
2025-12-07 20:29:51,19.3,71.9,0.0,0.0,0.2,310.0,850.2,15.9,0,253,260
2025-12-07 20:44:56,19.0,73.2,0.0,0.0,0.2,310.0,850.3,15.7,0,253,260
2025-12-07 21:00:01,18.7,74.6,0.0,0.1,0.4,310.0,850.6,15.7,0,253,261
2025-12-07 21:15:06,18.7,74.5,0.0,0.3,0.4,310.0,850.7,15.6,0,253,262
2025-12-07 21:30:11,18.5,74.5,0.0,0.1,0.7,310.0,850.7,15.4,0,255,260
2025-12-07 21:45:17,18.5,74.3,0.0,1.0,3.1,24.0,850.9,15.4,0,253,261
2025-12-07 22:00:21,18.9,73.3,0.0,0.5,0.9,67.0,850.8,15.7,0,254,259
2025-12-07 22:15:47,18.7,74.0,0.0,0.8,1.3,80.0,850.8,15.5,0,254,260
2025-12-07 22:30:52,18.7,75.3,0.0,0.6,1.7,46.0,850.7,15.7,0,253,260
2025-12-07 22:45:56,18.4,77.7,0.0,0.5,1.3,85.0,850.7,15.7,0,252,261
2025-12-07 23:01:01,17.9,82.6,0.0,0.0,0.0,105.0,850.8,15.8,0,253,260
2025-12-07 23:16:06,17.7,83.5,0.0,0.0,0.0,105.0,850.9,15.7,0,254,261
2025-12-07 23:31:11,17.5,84.5,0.0,0.0,0.0,105.0,850.7,15.7,0,253,260
2025-12-07 23:46:16,17.4,85.1,0.0,0.0,0.0,96.0,850.7,15.6,0,253,260
2025-12-08 00:01:21,17.4,85.4,0.0,0.0,0.2,53.0,850.7,15.6,0,253,261
2025-12-08 00:16:26,17.3,85.2,0.0,0.0,0.2,45.0,850.5,15.6,0,253,259
2025-12-08 00:31:31,17.3,85.9,0.0,0.0,0.0,45.0,850.4,15.6,0,254,261
2025-12-08 00:46:54,17.3,86.2,0.0,0.1,0.2,45.0,850.2,15.7,0,253,260
2025-12-08 01:01:59,17.4,85.9,0.0,0.0,0.0,58.0,850.0,15.7,0,254,261
2025-12-08 01:17:04,17.4,85.5,0.0,0.0,0.0,94.0,850.0,15.7,0,253,260
2025-12-08 01:32:09,17.5,85.2,0.0,0.0,0.0,94.0,849.7,15.8,0,254,261
2025-12-08 01:47:13,17.5,85.0,0.0,0.0,0.0,94.0,849.7,15.8,0,253,261
2025-12-08 02:02:18,17.5,85.5,0.0,0.0,0.2,94.0,849.5,15.7,0,253,261
2025-12-08 02:18:18,17.5,86.2,0.0,0.2,0.7,96.0,849.4,15.9,0,253,260
2025-12-08 02:33:42,17.7,85.3,0.0,0.0,0.0,68.0,849.5,15.9,0,253,260
2025-12-08 02:48:47,17.7,85.6,0.0,0.1,0.4,62.0,849.6,16.0,0,253,259
2025-12-08 03:00:51,17.9,86.6,0.0,0.1,0.2,107.0,849.6,16.3,0,255,261
2025-12-08 03:15:56,18.0,86.9,0.0,0.3,0.7,107.0,849.6,16.4,0,253,261
2025-12-08 03:31:01,18.0,87.5,0.0,1.1,1.7,89.0,849.6,16.5,0,253,259
2025-12-08 03:46:46,17.8,88.7,0.4,0.0,0.4,59.0,849.8,16.5,0,253,259
2025-12-08 04:01:52,17.7,89.8,0.0,0.2,0.9,119.0,849.8,16.5,0,254,260
2025-12-08 04:16:57,17.7,90.3,0.0,0.0,0.2,94.0,850.1,16.5,0,252,260
2025-12-08 04:32:01,17.6,90.5,0.0,0.0,0.2,88.0,850.1,16.5,0,253,259
2025-12-08 04:47:06,17.4,90.4,0.0,0.3,0.9,68.0,850.3,16.3,0,253,261
2025-12-08 05:02:11,17.3,90.6,0.0,0.0,0.0,113.0,850.5,16.2,0,253,261
2025-12-08 05:17:16,17.2,90.6,0.0,0.0,0.0,105.0,850.5,16.1,0,254,261
2025-12-08 05:32:21,17.2,91.0,0.0,0.0,0.2,106.0,850.7,16.2,0,254,260
2025-12-08 05:47:26,17.1,90.8,0.0,0.0,0.2,104.0,850.7,16.0,0,253,260
2025-12-08 06:02:50,16.9,90.9,0.0,0.0,0.2,96.0,850.9,15.8,0,255,260
2025-12-08 06:17:56,17.0,91.5,0.0,0.2,0.7,95.0,851.0,16.0,0,280,263
2025-12-08 06:33:01,16.9,91.4,0.0,0.1,0.4,111.0,851.2,15.9,0,425,276
2025-12-08 06:48:06,16.8,91.2,0.0,0.0,0.0,106.0,851.2,15.8,0,438,284
2025-12-08 07:03:11,16.9,91.4,0.0,0.0,0.0,106.0,851.3,15.9,0,538,287
2025-12-08 07:18:16,17.2,91.0,0.0,0.0,0.0,87.0,851.3,16.1,0,634,302
2025-12-08 07:34:08,17.4,89.6,0.0,0.3,0.4,105.0,851.6,16.2,0,737,310
2025-12-08 07:49:14,18.0,88.6,0.0,0.1,0.4,105.0,851.8,16.6,0,1785,400
2025-12-08 08:04:19,18.9,83.5,0.0,0.3,0.7,135.0,851.8,16.9,0,735,310
2025-12-08 08:19:38,18.5,84.1,0.0,0.1,0.4,135.0,852.0,16.5,0,976,330
2025-12-08 08:35:14,18.8,83.4,0.0,0.0,0.2,356.0,852.0,16.8,0,2162,444
2025-12-08 08:50:19,19.1,81.3,0.0,0.2,0.9,20.0,851.9,16.8,0,1444,378
2025-12-08 09:05:24,19.1,81.2,0.0,0.2,0.4,5.0,852.0,16.8,0,1174,350
2025-12-08 09:20:29,19.5,81.4,0.0,0.2,2.0,225.0,852.0,17.2,0,1694,399
2025-12-08 09:35:34,20.7,76.8,0.0,0.2,0.7,126.0,852.2,17.8,0,4150,637
2025-12-08 09:50:59,21.4,71.4,0.0,0.3,1.2,102.0,852.2,17.7,0,1925,427
2025-12-08 10:06:04,21.0,70.7,0.0,1.1,2.0,69.0,852.2,17.3,0,1712,405
2025-12-08 10:21:04,20.8,68.9,0.0,0.9,1.7,63.0,852.0,16.9,0,3212,548
2025-12-08 10:36:10,21.2,67.7,0.0,0.7,1.7,63.0,851.9,17.1,0,2282,470
2025-12-08 10:51:15,23.8,60.1,0.2,0.6,1.5,63.0,851.6,18.4,0,3170,558
2025-12-08 11:06:20,24.3,56.0,0.0,1.0,2.8,82.0,851.5,18.3,0,3090,545
2025-12-08 11:21:21,24.5,56.1,0.0,0.1,0.4,59.0,851.4,18.5,0,8602,1053
2025-12-08 11:36:26,24.8,54.3,0.0,0.8,1.7,157.0,851.3,18.4,0,2882,518
2025-12-08 11:52:10,21.7,65.6,0.0,2.4,4.1,64.0,851.7,17.3,0,1691,403
2025-12-08 12:07:14,19.9,75.0,0.2,0.4,1.3,71.0,851.5,16.8,0,3692,587
2025-12-08 12:23:11,22.6,69.1,0.0,0.9,2.8,64.0,851.2,18.6,0,4393,659
2025-12-08 12:38:26,23.6,60.2,0.0,0.7,2.6,73.0,851.0,18.3,0,5223,743
2025-12-08 12:54:08,24.6,54.4,0.0,0.9,1.7,67.0,850.7,18.4,0,5041,720
2025-12-08 13:09:13,25.1,54.5,0.0,1.0,2.0,76.0,850.4,18.8,0,7628,966
2025-12-08 13:24:18,25.2,54.8,0.0,0.8,2.2,75.0,850.2,18.9,0,8657,1057
2025-12-08 13:40:13,26.0,49.8,0.0,1.0,2.2,64.0,850.0,18.8,0,2456,470
2025-12-08 13:55:18,23.2,59.3,0.0,0.5,1.3,73.0,849.8,17.7,0,2267,456
2025-12-08 14:10:23,24.2,53.8,0.0,1.8,3.9,69.0,849.5,17.9,0,9406,1115
2025-12-08 14:25:27,25.0,50.6,0.0,1.0,3.1,90.0,849.3,18.1,0,4321,658
2025-12-08 14:40:33,26.7,47.4,0.0,0.6,1.7,79.0,849.1,19.1,0,6709,879
2025-12-08 14:56:29,27.4,48.2,0.0,0.3,0.9,75.0,848.9,19.7,0,2200,452
2025-12-08 15:11:33,26.5,48.1,0.0,1.0,3.1,75.0,848.7,19.0,0,2793,513
2025-12-08 15:26:38,25.2,50.1,0.0,1.4,2.2,81.0,848.8,18.2,0,1518,391
2025-12-08 15:42:28,27.0,47.0,0.0,0.3,0.7,81.0,848.3,19.2,0,5937,775
2025-12-08 15:58:10,25.2,50.1,0.0,0.7,1.8,77.0,848.3,18.2,0,1767,412
2025-12-08 16:14:08,26.8,48.2,0.0,0.8,1.5,80.0,848.0,19.2,0,4803,678
2025-12-08 16:29:09,24.8,61.3,0.0,1.2,2.2,82.0,848.5,19.5,0,1231,352
2025-12-08 16:44:13,22.0,65.2,0.4,0.8,1.7,69.0,848.8,17.5,0,950,324
2025-12-08 16:59:18,22.1,67.0,0.0,0.4,1.1,70.0,848.9,17.8,0,1077,337
2025-12-08 17:15:13,21.7,66.4,0.0,0.0,0.2,186.0,848.9,17.4,0,2357,439
2025-12-08 17:30:18,22.4,63.5,0.0,0.2,0.7,76.0,848.8,17.6,0,1119,339
2025-12-08 17:45:23,22.3,64.0,0.0,0.0,0.4,76.0,848.9,17.6,0,762,307
2025-12-08 18:00:28,22.2,62.8,0.0,0.2,0.7,76.0,849.1,17.4,0,602,293
2025-12-08 18:16:09,21.7,65.9,0.0,0.2,0.7,76.0,849.2,17.3,0,359,271
2025-12-08 18:31:14,21.2,67.2,0.0,0.3,0.9,77.0,849.4,17.1,0,283,264
2025-12-08 18:46:19,20.9,68.4,0.0,0.1,0.2,77.0,849.5,16.9,0,255,260
2025-12-08 19:01:21,20.6,69.3,0.0,0.3,1.5,77.0,849.6,16.7,0,253,260
2025-12-08 19:16:25,20.1,70.5,0.0,0.0,0.0,77.0,849.8,16.5,0,254,260
2025-12-08 19:31:30,19.6,69.2,0.0,0.0,0.0,77.0,850.0,15.8,0,254,260
2025-12-08 19:46:36,19.3,68.5,0.0,0.2,0.4,77.0,849.9,15.5,0,253,259
2025-12-08 20:01:41,19.2,69.2,0.0,0.2,0.4,77.0,850.0,15.4,0,253,260
2025-12-08 20:17:07,19.0,71.0,0.0,0.0,0.0,77.0,850.0,15.4,0,254,260
2025-12-08 20:32:12,18.6,72.6,0.0,0.0,0.0,77.0,850.2,15.3,0,254,260
2025-12-08 20:47:17,18.4,74.1,0.0,0.0,0.0,77.0,850.2,15.2,0,254,261
2025-12-08 21:02:22,18.0,76.3,0.0,0.0,0.0,77.0,850.5,15.2,0,253,260
2025-12-08 21:17:27,17.5,78.2,0.0,0.2,0.4,77.0,850.4,15.0,0,253,259
2025-12-08 21:33:14,17.5,78.5,0.0,0.0,0.0,77.0,850.5,15.0,0,253,259
2025-12-08 21:48:20,17.0,80.6,0.0,0.0,0.0,77.0,850.6,14.8,0,253,260
2025-12-08 22:03:25,16.7,82.4,0.0,0.0,0.0,77.0,850.6,14.7,0,254,260
2025-12-08 22:18:30,16.6,84.2,0.0,0.0,0.0,77.0,850.8,14.7,0,253,260
2025-12-08 22:33:35,16.8,83.4,0.0,0.0,0.0,77.0,850.7,14.8,0,253,261
2025-12-08 22:48:40,16.8,82.5,0.0,0.0,0.0,77.0,850.8,14.7,0,254,262
2025-12-08 23:04:15,16.9,82.4,0.0,0.0,0.0,77.0,850.8,14.8,0,254,260
2025-12-08 23:19:21,16.8,82.6,0.0,0.0,0.0,77.0,850.7,14.7,0,253,259
2025-12-08 23:34:26,16.6,83.1,0.0,0.0,0.0,77.0,850.6,14.6,0,253,260
2025-12-08 23:49:30,16.2,84.8,0.0,0.1,0.2,77.0,850.4,14.4,0,253,259
2025-12-09 00:04:35,16.5,84.3,0.0,0.0,0.2,77.0,850.2,14.6,0,254,260
2025-12-09 00:20:18,16.3,85.0,0.0,0.2,0.4,77.0,850.3,14.5,0,252,260
2025-12-09 00:35:23,16.0,86.0,0.0,0.0,0.0,77.0,850.2,14.4,0,253,259
2025-12-09 00:50:28,15.8,87.1,0.0,0.1,0.7,77.0,850.1,14.2,0,254,259
2025-12-09 01:05:33,15.8,87.5,0.0,0.0,0.0,77.0,849.8,14.3,0,254,261
2025-12-09 01:20:38,15.6,88.1,0.0,0.0,0.2,77.0,849.8,14.3,0,252,259
2025-12-09 01:36:31,15.8,87.4,0.0,0.1,0.2,77.0,849.7,14.3,0,253,259
2025-12-09 01:52:03,15.7,87.9,0.0,0.1,0.4,77.0,849.8,14.3,0,254,260
2025-12-09 02:07:08,15.6,88.0,0.0,0.0,0.0,77.0,849.7,14.2,0,253,260
2025-12-09 02:22:13,15.6,89.1,0.0,0.1,0.4,77.0,849.7,14.4,0,252,259
2025-12-09 02:37:18,15.6,89.2,0.0,0.0,0.0,77.0,849.4,14.4,0,252,260
2025-12-09 02:52:23,15.4,89.6,0.0,0.2,0.2,77.0,849.4,14.2,0,254,261
2025-12-09 03:00:26,15.4,89.7,0.0,0.2,0.4,77.0,849.4,14.2,0,253,261
2025-12-09 03:15:31,15.2,89.9,0.0,0.0,0.0,77.0,849.4,14.0,0,253,262
2025-12-09 03:30:36,15.2,90.3,0.0,0.1,0.2,77.0,849.3,14.0,0,254,262
2025-12-09 03:45:59,15.3,90.7,0.0,0.0,0.0,77.0,849.3,14.2,0,254,261
2025-12-09 04:01:09,15.2,90.9,0.0,0.0,0.0,77.0,849.4,14.2,0,253,261
2025-12-09 04:16:13,15.4,91.2,0.0,0.0,0.0,77.0,849.5,14.3,0,253,261
2025-12-09 04:31:18,15.3,91.1,0.0,0.0,0.0,77.0,849.5,14.3,0,253,260
2025-12-09 04:47:10,15.2,91.1,0.0,0.0,0.0,77.0,849.7,14.2,0,253,259
2025-12-09 05:02:16,15.0,91.2,0.0,0.2,0.4,77.0,849.9,14.0,0,254,260
2025-12-09 05:17:21,14.9,91.3,0.0,0.0,0.0,77.0,850.1,13.9,0,254,260
2025-12-09 05:32:25,14.8,91.6,0.0,0.0,0.0,77.0,850.3,13.8,0,254,260
2025-12-09 05:47:30,14.7,91.8,0.0,0.0,0.0,77.0,850.3,13.8,0,252,262
2025-12-09 06:03:12,14.5,91.9,0.0,0.0,0.0,77.0,850.4,13.6,0,257,260
2025-12-09 06:18:16,14.3,91.9,0.0,0.0,0.0,77.0,850.3,13.4,0,278,263
2025-12-09 06:34:13,14.7,92.5,0.0,0.0,0.0,77.0,850.2,13.8,0,363,273
2025-12-09 06:49:18,15.0,92.7,0.0,0.0,0.0,77.0,850.3,14.2,0,471,285
2025-12-09 07:04:23,15.4,92.6,0.0,0.0,0.2,77.0,850.6,14.6,0,637,303
2025-12-09 07:19:28,16.4,91.8,0.0,0.0,0.2,77.0,850.9,15.4,0,808,319
2025-12-09 07:34:32,17.5,86.8,0.0,0.2,0.7,77.0,851.1,16.0,0,795,323
2025-12-09 07:49:37,18.1,82.6,0.0,0.3,0.9,77.0,851.3,16.0,0,1458,377
2025-12-09 08:05:19,18.9,79.8,0.0,0.4,0.9,77.0,851.3,16.4,0,2476,464
2025-12-09 08:20:21,20.7,72.4,0.0,0.3,0.9,76.0,851.3,17.3,0,3146,525
2025-12-09 08:35:26,21.7,66.6,0.0,1.7,3.7,89.0,851.3,17.4,0,1474,392
2025-12-09 08:51:18,22.6,62.7,0.0,1.1,2.2,72.0,851.3,17.7,0,4084,617
2025-12-09 09:06:25,23.5,59.6,0.0,1.7,3.1,77.0,851.3,18.1,0,4455,651
2025-12-09 09:21:30,23.9,58.3,0.0,0.3,0.9,77.0,851.3,18.3,0,4982,703
2025-12-09 09:36:35,24.1,56.5,0.0,0.6,1.7,76.0,851.4,18.2,0,5472,751
2025-12-09 09:51:40,25.5,51.9,0.0,1.1,2.8,76.0,851.2,18.7,0,6177,819
2025-12-09 10:06:45,26.1,48.0,0.0,1.8,3.1,74.0,851.1,18.6,0,5217,738
2025-12-09 10:22:20,24.8,51.8,0.0,1.1,3.9,63.0,851.1,18.1,0,1820,424
2025-12-09 10:37:25,25.8,47.6,0.0,1.0,3.1,79.0,851.0,18.3,0,3331,566
2025-12-09 10:52:29,25.5,49.2,0.0,1.0,2.2,80.0,850.9,18.3,0,6206,836
2025-12-09 11:07:34,26.0,48.2,0.0,2.3,5.0,78.0,850.8,18.6,0,8521,1037
2025-12-09 11:22:40,26.2,49.8,0.0,0.2,0.9,83.0,850.8,19.0,0,8409,1028
2025-12-09 11:37:45,25.9,49.4,0.0,1.4,3.3,120.0,850.5,18.7,0,8856,1061
2025-12-09 11:53:23,25.5,49.2,0.0,2.1,3.5,76.0,850.4,18.3,0,8371,1032
2025-12-09 12:08:28,26.6,48.2,0.0,0.5,1.3,95.0,850.1,19.1,0,8265,1023
2025-12-09 12:23:32,26.4,47.2,0.0,1.6,3.3,45.0,849.9,18.8,0,8293,1024
2025-12-09 12:38:38,26.2,46.9,0.0,2.2,4.4,98.0,849.6,18.5,0,8293,1024
2025-12-09 12:53:42,27.0,45.8,0.0,1.5,3.7,123.0,849.4,19.1,0,8202,1020
2025-12-09 13:09:25,26.8,45.7,0.0,1.2,3.1,156.0,849.0,18.8,0,7999,1000
2025-12-09 13:24:30,27.2,46.4,0.0,1.0,2.4,91.0,848.7,19.3,0,7808,981
2025-12-09 13:39:35,28.4,43.2,0.0,0.2,0.9,94.0,848.3,19.7,0,7638,966
2025-12-09 13:55:31,27.7,41.3,0.0,2.2,3.5,75.0,848.3,18.8,0,7343,936
2025-12-09 14:10:35,28.6,40.8,0.0,1.4,2.2,39.0,847.8,19.5,0,7169,918
2025-12-09 14:25:40,29.0,39.7,0.0,1.6,4.6,86.0,847.7,19.6,0,6879,892
2025-12-09 14:41:51,29.6,39.2,0.0,1.1,5.2,81.0,847.5,20.0,0,6630,866
2025-12-09 14:57:42,29.4,39.9,0.0,0.6,2.4,119.0,847.3,19.9,0,6215,826
2025-12-09 15:13:40,29.0,40.3,0.0,1.2,3.1,110.0,847.2,19.7,0,5770,784
2025-12-09 15:28:45,29.4,39.4,0.0,0.6,1.1,93.0,847.1,19.9,0,4118,634
2025-12-09 15:44:32,29.3,40.6,0.0,0.2,0.7,107.0,847.1,20.0,0,1573,406
2025-12-09 15:59:39,29.4,39.1,0.0,1.1,3.5,75.0,846.9,19.8,0,4272,637
2025-12-09 16:14:45,29.5,38.5,0.0,0.4,1.3,78.0,847.0,19.8,0,1978,436
2025-12-09 16:29:49,29.5,38.2,0.0,1.2,2.4,63.0,847.2,19.7,0,3336,544
2025-12-09 16:44:54,27.6,41.7,0.0,0.9,1.5,103.0,847.3,18.8,0,3154,526
2025-12-09 16:59:59,26.4,44.0,0.0,0.3,1.3,95.0,847.4,18.2,0,679,313
2025-12-09 17:15:03,26.4,44.0,0.0,1.0,2.4,65.0,847.5,18.2,0,834,327
2025-12-09 17:30:55,25.2,45.2,0.0,1.4,3.5,83.0,847.8,17.4,0,539,298
2025-12-09 17:46:00,24.6,46.3,0.0,0.9,1.7,104.0,847.9,17.1,0,474,292
2025-12-09 18:01:05,24.2,47.3,0.0,0.6,2.0,58.0,848.1,16.9,0,409,279
2025-12-09 18:16:59,23.7,50.3,0.0,0.5,1.3,67.0,848.3,16.9,0,346,271
2025-12-09 18:32:34,23.2,51.6,0.0,0.6,1.1,87.0,848.4,16.7,0,276,261
2025-12-09 18:47:40,22.8,53.3,0.0,0.3,0.4,83.0,848.7,16.5,0,254,262
2025-12-09 19:03:40,22.2,56.2,0.0,0.4,1.1,87.0,848.8,16.4,0,254,260
2025-12-09 19:19:37,21.8,58.1,0.0,0.4,0.7,90.0,849.0,16.4,0,254,261
2025-12-09 19:35:05,21.5,59.7,0.0,0.2,0.7,90.0,849.0,16.3,0,253,260
2025-12-09 19:50:53,20.9,61.5,0.0,0.1,0.4,90.0,849.3,16.0,0,254,260
2025-12-09 20:06:32,20.4,63.5,0.0,0.1,0.2,90.0,849.4,15.8,0,254,261
2025-12-09 20:22:31,19.9,66.0,0.0,0.0,0.0,90.0,849.6,15.7,0,253,261
2025-12-09 20:37:36,19.2,67.7,0.0,0.0,0.0,90.0,849.8,15.3,0,253,260
2025-12-09 20:52:42,18.8,68.4,0.0,0.0,0.0,90.0,849.9,15.0,0,253,261
2025-12-09 21:07:48,18.7,69.3,0.0,0.0,0.2,90.0,850.2,15.0,0,253,261
2025-12-09 21:22:53,18.5,69.6,0.0,0.0,0.0,90.0,850.2,14.8,0,254,261
2025-12-09 21:37:58,18.2,71.1,0.0,0.0,0.0,90.0,850.2,14.7,0,253,260
2025-12-09 21:53:03,18.0,71.3,0.0,0.0,0.0,90.0,850.2,14.6,0,253,260
2025-12-09 22:08:08,17.8,72.3,0.0,0.0,0.2,90.0,850.2,14.5,0,253,260
2025-12-09 22:23:47,17.8,72.0,0.0,0.2,0.7,90.0,850.1,14.5,0,253,261
2025-12-09 22:38:52,17.5,73.3,0.0,0.0,0.2,90.0,850.1,14.4,0,253,261
2025-12-09 22:53:53,17.3,74.2,0.0,0.0,0.2,90.0,850.2,14.2,0,252,261
2025-12-09 23:09:45,17.1,75.3,0.0,0.0,0.0,90.0,850.1,14.2,0,254,259
2025-12-09 23:24:46,16.7,76.7,0.0,0.0,0.0,90.0,850.1,14.0,0,254,258
2025-12-09 23:40:04,16.6,77.6,0.0,0.0,0.0,90.0,850.3,14.0,0,254,260
2025-12-09 23:55:08,17.1,76.2,0.0,0.0,0.0,90.0,850.3,14.3,0,253,260
2025-12-10 00:10:13,17.0,77.0,0.0,0.0,0.0,90.0,850.3,14.3,0,254,261
2025-12-10 00:25:39,16.8,78.0,0.0,0.0,0.0,90.0,850.2,14.3,0,254,260
2025-12-10 00:40:44,16.8,78.5,0.0,0.0,0.0,90.0,850.1,14.3,0,254,260
2025-12-10 00:56:05,17.0,78.7,0.0,0.3,0.7,90.0,849.9,14.5,0,253,260
2025-12-10 01:11:30,17.3,77.3,0.0,0.1,0.4,90.0,849.8,14.6,0,253,261
2025-12-10 01:26:35,17.2,77.2,0.0,0.0,0.0,90.0,849.6,14.5,0,254,260
2025-12-10 01:41:40,16.9,78.6,0.0,0.0,0.0,90.0,849.4,14.4,0,253,260
2025-12-10 01:57:37,16.3,80.4,0.0,0.0,0.0,90.0,849.4,14.1,0,254,260
2025-12-10 02:13:33,16.1,82.8,0.0,0.0,0.0,90.0,849.3,14.1,0,254,260
2025-12-10 02:28:39,15.9,83.8,0.0,0.0,0.0,90.0,849.4,14.0,0,253,261
2025-12-10 02:43:43,15.9,84.2,0.0,0.0,0.0,90.0,849.6,14.0,0,253,260
2025-12-10 02:58:48,16.0,83.2,0.0,0.2,0.4,90.0,849.5,14.1,0,252,261
2025-12-10 03:00:49,15.9,83.4,0.0,0.2,0.4,90.0,849.5,14.0,0,254,261
2025-12-10 03:15:54,15.5,84.7,0.0,0.0,0.2,90.0,849.2,13.8,0,254,259
2025-12-10 03:31:00,15.5,85.7,0.0,0.0,0.0,90.0,849.4,13.8,0,253,260
2025-12-10 03:46:04,15.3,85.4,0.0,0.0,0.0,90.0,849.4,13.6,0,254,260
2025-12-10 04:01:09,15.0,86.3,0.0,0.0,0.0,90.0,849.4,13.5,0,255,259
2025-12-10 04:16:14,15.0,86.9,0.0,0.0,0.0,90.0,849.6,13.5,0,254,260
2025-12-10 04:31:39,15.2,86.6,0.0,0.0,0.0,90.0,849.7,13.7,0,253,259
2025-12-10 04:46:45,15.5,86.7,0.0,0.0,0.0,90.0,849.7,13.9,0,253,259
2025-12-10 05:01:49,15.9,85.7,0.0,0.0,0.2,90.0,849.7,14.2,0,252,261
2025-12-10 05:16:54,16.0,84.2,0.0,0.0,0.2,90.0,849.7,14.1,0,253,261
2025-12-10 05:31:59,15.5,84.9,0.0,0.0,0.0,90.0,849.9,13.8,0,254,260
2025-12-10 05:47:04,15.1,86.1,0.0,0.0,0.0,90.0,850.1,13.5,0,253,259
2025-12-10 06:02:09,14.8,87.5,0.0,0.0,0.0,90.0,850.2,13.3,0,255,262
2025-12-10 06:17:14,14.8,89.2,0.0,0.0,0.0,90.0,850.3,13.6,0,277,263
2025-12-10 06:32:18,14.7,88.8,0.0,0.0,0.0,90.0,850.4,13.4,0,349,273
2025-12-10 06:47:23,14.7,89.3,0.0,0.0,0.0,90.0,850.5,13.5,0,549,291
2025-12-10 07:02:46,15.7,88.8,0.0,0.0,0.0,90.0,850.7,14.4,0,744,306
2025-12-10 07:17:50,16.6,84.3,0.0,0.0,0.0,90.0,850.7,14.8,0,901,321
2025-12-10 07:32:55,17.3,82.2,0.0,0.0,0.0,90.0,850.8,15.2,0,943,325
2025-12-10 07:48:00,18.2,80.2,0.0,0.0,0.0,90.0,850.8,15.8,0,2027,414
2025-12-10 08:03:05,20.5,71.9,0.0,0.1,0.4,81.0,850.8,17.0,0,2521,469
2025-12-10 08:18:10,21.4,66.5,0.0,1.1,1.5,89.0,850.8,17.1,0,3088,525
2025-12-10 08:33:14,22.4,63.5,0.0,0.5,1.3,88.0,850.8,17.7,0,3621,574
2025-12-10 08:49:08,22.4,61.9,0.0,1.0,1.8,82.0,850.7,17.4,0,3959,595
2025-12-10 09:04:58,23.8,58.1,0.0,0.9,1.3,55.0,850.5,18.2,0,4505,651
2025-12-10 09:20:02,26.0,51.9,0.0,0.7,1.5,84.0,850.6,19.2,0,5541,748
2025-12-10 09:36:45,25.6,52.1,0.0,0.8,1.5,325.0,850.6,18.9,0,6610,845
2025-12-10 09:51:55,26.9,50.8,0.0,0.0,0.2,51.0,850.6,19.7,0,7314,914
2025-12-10 10:07:00,25.6,51.4,0.0,1.3,2.8,89.0,850.6,18.8,0,7172,906
2025-12-10 10:22:05,27.2,48.9,0.0,0.2,0.9,89.0,850.5,19.7,0,3982,623
2025-12-10 10:37:10,27.6,47.1,0.0,0.6,2.2,90.0,850.2,19.7,0,6416,843
2025-12-10 10:52:15,27.2,47.5,0.0,0.4,1.7,106.0,850.2,19.5,0,7939,986
2025-12-10 11:08:01,26.6,47.0,0.0,0.7,2.0,74.0,850.1,18.9,0,2024,446
2025-12-10 11:23:06,26.6,47.3,0.0,0.7,1.3,88.0,849.9,19.0,0,1861,433
2025-12-10 11:38:25,26.2,46.8,0.0,0.9,1.6,111.0,849.7,18.5,0,8285,1019
2025-12-10 11:53:30,27.0,46.0,0.0,1.2,4.4,119.0,849.6,19.0,0,8918,1078
2025-12-10 12:08:58,27.2,44.2,0.0,0.7,3.1,91.0,849.4,18.9,0,8968,1084
2025-12-10 12:24:02,26.9,46.1,0.0,0.3,0.7,79.0,849.2,19.0,0,8473,1036
2025-12-10 12:39:07,27.6,42.7,0.0,0.9,2.4,58.0,849.0,19.0,0,3624,599
2025-12-10 12:54:12,27.1,44.7,0.0,0.7,2.6,159.0,848.8,18.9,0,8369,1028
2025-12-10 13:09:17,27.5,43.3,0.0,1.1,2.2,95.0,848.7,19.0,0,7925,989
2025-12-10 13:24:21,27.3,43.1,0.0,1.4,2.8,61.0,848.4,18.8,0,7991,989
2025-12-10 13:40:07,28.1,41.8,0.0,1.9,3.7,193.0,848.3,19.2,0,2299,487
2025-12-10 13:55:11,28.5,40.3,0.0,0.6,1.7,109.0,848.0,19.3,0,7600,959
2025-12-10 14:11:06,29.0,38.9,0.0,1.9,3.3,53.0,847.7,19.5,0,1715,428
2025-12-10 14:26:10,28.3,41.5,0.0,1.3,2.6,86.0,847.4,19.3,0,6768,880
2025-12-10 14:41:21,29.8,39.7,0.0,1.1,1.7,71.0,847.0,20.2,0,6980,896
2025-12-10 14:56:26,28.0,41.2,0.0,0.8,2.0,135.0,846.8,19.1,0,999,350
2025-12-10 15:12:10,28.7,41.1,0.0,0.8,2.4,128.0,846.8,19.6,0,5781,784
2025-12-10 15:27:15,28.7,40.4,0.0,0.2,0.7,220.0,846.7,19.5,0,5226,730
2025-12-10 15:42:20,29.1,40.6,0.0,1.2,3.3,58.0,846.7,19.8,0,4629,672
2025-12-10 15:57:22,31.0,36.7,0.0,0.5,1.3,254.0,846.5,20.6,0,4485,658
2025-12-10 16:12:27,27.4,42.3,0.0,1.1,2.4,98.0,846.7,18.8,0,1080,352
2025-12-10 16:28:22,27.7,42.2,0.0,1.2,2.0,155.0,846.8,19.0,0,3515,559
2025-12-10 16:43:27,28.3,40.5,0.0,1.4,3.5,107.0,846.9,19.2,0,1120,352
2025-12-10 16:58:31,26.7,43.3,0.0,0.9,2.4,111.0,846.9,18.3,0,1295,363
2025-12-10 17:13:36,26.6,45.2,0.0,1.3,2.2,61.0,846.9,18.6,0,1833,407
2025-12-10 17:28:41,25.8,45.4,0.0,0.7,1.7,71.0,847.2,17.9,0,596,303
2025-12-10 17:44:13,25.0,48.6,0.0,1.3,2.0,68.0,847.2,17.7,0,598,301
2025-12-10 17:59:13,24.6,49.1,0.0,0.6,1.3,94.0,847.5,17.5,0,429,283
2025-12-10 18:14:18,24.3,50.0,0.0,0.5,1.1,88.0,847.6,17.4,0,398,274
2025-12-10 18:30:14,23.9,52.0,0.0,1.3,3.3,82.0,847.8,17.3,0,274,264
2025-12-10 18:45:19,23.4,53.4,0.0,0.4,1.3,70.0,848.0,17.1,0,255,262
2025-12-10 19:00:20,23.1,53.7,0.0,0.6,2.2,77.0,848.2,16.9,0,252,261
2025-12-10 19:15:25,22.7,54.7,0.0,0.6,2.0,85.0,848.5,16.7,0,253,260
2025-12-10 19:30:30,22.4,55.6,0.0,0.4,1.1,116.0,848.7,16.6,0,254,260
2025-12-10 19:45:36,22.2,56.8,0.0,0.3,0.9,105.0,849.0,16.6,0,254,260
2025-12-10 20:00:40,21.9,58.8,0.0,0.6,1.1,51.0,849.0,16.5,0,254,261
2025-12-10 20:16:21,21.7,59.7,0.0,0.8,1.3,75.0,849.2,16.5,0,253,260
2025-12-10 20:31:58,21.6,60.9,0.0,0.3,0.7,65.0,849.5,16.5,0,253,260
2025-12-10 20:47:31,21.6,61.3,0.0,0.7,2.2,70.0,849.7,16.7,0,253,261
2025-12-10 21:02:57,21.4,62.7,0.0,0.1,0.4,125.0,849.9,16.6,0,253,259
2025-12-10 21:18:04,21.1,64.1,0.0,0.2,0.7,125.0,850.0,16.6,0,252,260
2025-12-10 21:33:10,21.1,64.4,0.0,0.1,0.4,71.0,850.1,16.6,0,253,260
2025-12-10 21:48:19,21.0,65.4,0.0,0.2,0.7,60.0,850.1,16.6,0,252,259
2025-12-10 22:03:47,21.0,65.4,0.0,0.3,1.1,78.0,850.1,16.6,0,254,261
2025-12-10 22:18:51,20.8,66.7,0.0,0.4,0.9,81.0,850.2,16.6,0,254,262
2025-12-10 22:33:56,20.4,67.9,0.0,0.3,0.7,75.0,850.3,16.4,0,254,260
2025-12-10 22:49:36,20.2,68.6,0.0,0.0,0.0,94.0,850.2,16.3,0,253,260
2025-12-10 23:04:49,20.0,70.1,0.0,0.0,0.2,95.0,850.2,16.2,0,253,260
2025-12-10 23:20:46,19.9,70.5,0.0,0.0,0.2,82.0,850.3,16.2,0,253,260
2025-12-10 23:37:36,19.8,70.9,0.0,0.0,0.0,71.0,850.3,16.2,0,254,259
2025-12-10 23:52:44,19.6,71.2,0.0,0.2,0.7,64.0,850.3,16.1,0,254,261
2025-12-11 00:07:55,19.5,71.9,0.0,0.1,0.4,65.0,850.0,16.1,0,254,259
2025-12-11 00:23:21,19.6,71.9,0.0,0.8,1.5,68.0,849.9,16.1,0,255,259
2025-12-11 00:38:51,19.5,72.7,0.0,0.1,0.4,65.0,849.7,16.1,0,252,262
2025-12-11 00:54:25,19.2,73.2,0.0,0.0,0.0,82.0,849.6,15.9,0,253,260
2025-12-11 01:10:05,18.8,74.5,0.0,0.1,0.4,82.0,849.3,15.7,0,253,261
2025-12-11 01:25:11,18.3,76.5,0.0,0.0,0.0,82.0,849.4,15.5,0,253,260
2025-12-11 01:40:16,17.8,77.9,0.0,0.0,0.0,82.0,849.4,15.2,0,253,260
2025-12-11 01:55:43,17.5,79.2,0.0,0.1,0.4,82.0,849.3,15.1,0,254,261
2025-12-11 02:11:17,17.3,79.9,0.0,0.0,0.0,82.0,848.9,14.9,0,253,260
2025-12-11 02:26:39,17.0,81.1,0.0,0.0,0.0,82.0,848.9,14.8,0,253,261
2025-12-11 02:42:21,16.6,82.3,0.0,0.0,0.0,82.0,848.9,14.5,0,253,261
2025-12-11 02:57:26,16.3,83.4,0.0,0.0,0.0,82.0,848.9,14.4,0,252,260
2025-12-11 03:00:27,16.3,83.2,0.0,0.0,0.0,82.0,848.9,14.3,0,252,260
2025-12-11 03:16:26,16.0,84.7,0.0,0.0,0.0,82.0,848.9,14.2,0,254,260
2025-12-11 03:31:31,15.9,85.0,0.0,0.0,0.0,82.0,848.8,14.1,0,254,259
2025-12-11 03:46:35,15.7,85.8,0.0,0.0,0.0,82.0,848.8,14.1,0,253,260
2025-12-11 04:02:27,15.6,86.5,0.0,0.0,0.0,82.0,849.0,14.1,0,253,260
2025-12-11 04:18:16,15.8,86.0,0.0,0.0,0.0,82.0,849.1,14.2,0,254,260
2025-12-11 04:33:21,15.9,85.6,0.0,0.0,0.0,82.0,849.2,14.2,0,254,259
2025-12-11 04:49:25,16.2,85.4,0.0,0.0,0.0,82.0,849.3,14.5,0,254,260
2025-12-11 05:04:31,16.6,83.8,0.0,0.0,0.0,82.0,849.5,14.7,0,253,262
2025-12-11 05:19:36,16.9,82.9,0.0,0.0,0.0,82.0,849.5,14.9,0,254,261
2025-12-11 05:34:40,17.3,81.2,0.0,0.0,0.2,82.0,849.6,15.0,0,253,260
2025-12-11 05:49:46,17.3,81.4,0.0,0.1,0.2,82.0,849.7,15.1,0,253,260
2025-12-11 06:04:51,17.3,80.7,0.0,0.0,0.2,82.0,850.0,15.1,0,258,261
2025-12-11 06:19:55,17.2,81.0,0.0,0.0,0.0,82.0,850.0,15.0,0,295,265
2025-12-11 06:35:21,16.9,82.4,0.0,0.1,0.9,82.0,850.0,14.8,0,411,275
2025-12-11 06:50:25,17.0,82.4,0.0,0.0,0.0,81.0,850.3,15.0,0,547,291
2025-12-11 07:05:31,17.4,81.2,0.0,0.0,0.0,81.0,850.5,15.2,0,656,305
2025-12-11 07:20:35,18.1,78.5,0.0,0.1,0.2,81.0,850.7,15.5,0,859,324
2025-12-11 07:35:40,19.1,75.6,0.0,0.1,0.4,88.0,850.8,16.1,0,1605,382
2025-12-11 07:50:42,19.7,73.4,0.0,0.3,0.9,89.0,850.8,16.4,0,1579,381
2025-12-11 08:06:26,19.7,73.2,0.0,0.6,1.3,138.0,851.1,16.4,0,1604,385
2025-12-11 08:21:31,19.9,73.2,0.0,0.3,1.7,121.0,851.0,16.6,0,1512,380
2025-12-11 08:36:34,20.0,73.4,0.0,0.1,0.2,131.0,851.0,16.7,0,1939,420
2025-12-11 08:52:33,20.5,72.9,0.0,0.1,0.2,131.0,851.1,17.1,0,2165,439
2025-12-11 09:07:38,20.8,71.7,0.0,0.5,0.9,71.0,851.1,17.2,0,2367,458
2025-12-11 09:22:43,21.2,70.4,0.0,0.4,1.1,92.0,850.9,17.4,0,1615,386
2025-12-11 09:37:47,20.9,71.8,0.0,0.2,0.7,69.0,851.0,17.3,0,3443,557
2025-12-11 09:52:52,22.2,66.5,0.0,0.5,2.2,72.0,850.9,17.8,0,3333,544
2025-12-11 10:08:35,22.6,63.4,0.0,1.4,2.6,76.0,850.7,17.9,0,4387,651
2025-12-11 10:24:31,23.0,61.1,0.0,0.4,0.9,84.0,850.5,17.9,0,3284,545
2025-12-11 10:39:36,23.6,60.6,0.0,0.7,1.7,75.0,850.3,18.3,0,2630,504
2025-12-11 10:54:40,25.5,53.8,0.0,0.8,1.3,49.0,850.0,19.1,0,2334,465
2025-12-11 11:09:50,25.3,52.7,0.0,0.9,1.7,57.0,849.9,18.7,0,2394,480
2025-12-11 11:25:30,25.7,50.9,0.0,0.9,1.8,62.0,849.7,18.7,0,8730,1059
2025-12-11 11:40:44,25.4,50.2,0.0,1.7,3.3,70.0,849.4,18.4,0,4921,700
2025-12-11 11:56:09,25.7,48.9,0.0,1.7,3.1,90.0,849.0,18.4,0,9080,1081
2025-12-11 12:11:14,26.8,47.5,0.0,0.4,1.0,118.0,848.8,19.1,0,9647,1141
2025-12-11 12:26:28,26.4,47.8,0.0,0.5,2.0,80.0,848.6,18.8,0,2404,475
2025-12-11 12:42:16,28.5,42.2,0.0,1.5,2.6,60.0,848.4,19.6,0,1890,421
2025-12-11 12:58:16,26.3,45.2,0.0,2.1,3.9,74.0,848.2,18.3,0,1749,411
2025-12-11 13:13:21,26.7,45.4,0.0,0.6,1.3,97.0,848.0,18.7,0,1339,381
2025-12-11 13:28:37,27.6,43.9,0.0,0.3,0.7,69.0,847.8,19.2,0,9065,1078
2025-12-11 13:43:42,28.3,41.2,0.0,1.7,3.7,67.0,847.4,19.3,0,8660,1052
2025-12-11 13:58:47,29.2,40.2,0.0,0.6,2.0,89.0,847.2,19.8,0,8259,1010
2025-12-11 14:13:52,29.4,41.0,0.0,1.4,2.2,58.0,846.8,20.2,0,7636,956
2025-12-11 14:29:45,28.4,41.0,0.0,1.4,2.6,76.0,846.5,19.3,0,7283,925
2025-12-11 14:45:26,27.8,41.9,0.0,0.9,2.4,95.0,846.3,19.0,0,6713,868
2025-12-11 15:00:32,29.9,38.0,0.0,0.2,0.7,119.0,846.1,20.0,0,6000,803
2025-12-11 15:15:37,30.1,38.2,0.0,0.9,2.4,91.0,846.0,20.1,0,5847,788
2025-12-11 15:30:42,31.7,37.6,0.0,0.5,1.5,91.0,845.8,21.3,0,5834,779
2025-12-11 15:46:36,29.5,38.4,0.0,1.6,5.0,57.0,845.8,19.7,0,1732,417
2025-12-11 16:01:41,30.2,38.4,0.0,1.2,2.8,73.0,845.8,20.3,0,4400,647
2025-12-11 16:17:33,30.0,39.9,0.0,1.5,2.6,75.0,845.8,20.4,0,3936,594
2025-12-11 16:32:38,26.8,45.2,0.0,1.6,3.3,103.0,845.9,18.7,0,3165,525
2025-12-11 16:47:42,28.7,40.9,0.0,0.5,1.0,121.0,845.9,19.6,0,2846,500
2025-12-11 17:03:30,27.7,41.7,0.0,1.8,4.6,103.0,846.1,18.9,0,1060,342
2025-12-11 17:20:23,25.9,45.6,0.0,0.8,2.6,84.0,846.1,18.0,0,922,330
2025-12-11 17:35:28,25.6,47.7,0.0,0.9,2.4,87.0,846.2,18.1,0,736,313
2025-12-11 17:50:50,24.8,49.0,0.0,0.8,2.0,94.0,846.4,17.7,0,544,294
2025-12-11 18:06:27,24.4,50.3,0.0,0.3,0.9,65.0,846.7,17.5,0,423,281
2025-12-11 18:21:29,23.9,52.0,0.0,0.3,0.9,62.0,846.9,17.3,0,328,269
2025-12-11 18:36:52,23.5,52.7,0.0,0.8,2.2,99.0,846.9,17.1,0,263,262
2025-12-11 18:52:31,23.2,53.4,0.0,0.8,1.7,75.0,847.3,17.0,0,253,260
2025-12-11 19:08:29,22.8,54.6,0.0,0.4,0.9,78.0,847.4,16.8,0,254,260
2025-12-11 19:23:47,22.5,55.8,0.0,0.2,0.7,68.0,847.6,16.7,0,254,262
2025-12-11 19:38:49,22.2,56.5,0.0,0.3,1.0,49.0,847.7,16.5,0,254,260
2025-12-11 19:54:34,22.4,56.9,0.0,1.0,2.0,74.0,847.8,16.7,0,254,259
2025-12-11 20:09:39,20.4,73.1,0.4,0.2,0.7,87.0,848.0,17.0,0,253,261
2025-12-11 20:24:44,19.5,76.5,0.0,0.4,1.5,65.0,848.1,16.6,0,254,260
2025-12-11 20:40:06,19.7,72.7,0.19999999999999996,0.5,1.3,110.0,848.4,16.4,0,253,261
2025-12-11 20:55:18,19.9,70.9,0.0,0.4,1.5,99.0,848.5,16.3,0,252,261
2025-12-11 21:10:28,20.2,69.7,0.0,0.2,0.9,93.0,848.5,16.4,0,253,259
2025-12-11 21:26:19,20.5,69.4,0.0,0.2,0.4,83.0,848.6,16.7,0,254,260
2025-12-11 21:42:15,20.5,70.0,0.0,0.3,0.9,88.0,848.9,16.7,0,254,260
2025-12-11 21:57:55,20.5,69.4,0.0,0.4,1.7,62.0,849.1,16.7,0,253,261
2025-12-11 22:13:31,20.4,69.8,0.0,0.0,0.0,111.0,849.3,16.6,0,254,259
2025-12-11 22:29:26,20.3,70.7,0.0,0.1,0.4,61.0,849.4,16.6,0,254,259
2025-12-11 22:44:30,20.2,70.7,0.0,0.0,0.0,70.0,849.5,16.5,0,253,260
2025-12-11 22:59:34,20.0,71.9,0.0,0.0,0.0,36.0,849.6,16.5,0,254,259
2025-12-11 23:14:39,19.8,72.5,0.0,0.0,0.0,86.0,849.4,16.4,0,252,262
2025-12-11 23:29:57,19.6,73.8,0.0,0.0,0.4,86.0,849.5,16.4,0,253,260
2025-12-11 23:45:23,19.5,73.9,0.0,0.0,0.0,49.0,849.5,16.3,0,252,262
2025-12-12 00:01:03,19.7,74.0,0.0,0.0,0.2,49.0,849.5,16.5,0,253,261
2025-12-12 00:16:54,19.7,74.3,0.0,0.0,0.0,49.0,849.5,16.5,0,253,259
2025-12-12 00:32:25,19.7,74.8,0.0,0.0,0.0,49.0,849.3,16.6,0,253,260
2025-12-12 00:47:30,19.7,74.4,0.0,0.0,0.2,48.0,849.2,16.5,0,254,259
2025-12-12 01:02:39,19.6,75.4,0.0,0.0,0.2,61.0,849.0,16.6,0,253,259
2025-12-12 01:17:40,19.5,75.6,0.0,0.0,0.0,41.0,849.0,16.5,0,254,261
2025-12-12 01:32:45,19.4,75.9,0.0,0.4,0.9,85.0,848.7,16.4,0,254,259
2025-12-12 01:48:08,19.2,76.9,0.0,0.4,1.1,105.0,848.5,16.4,0,253,260
2025-12-12 02:03:21,18.8,78.1,0.0,0.0,0.0,136.0,848.5,16.1,0,254,260
2025-12-12 02:18:26,18.3,80.0,0.0,0.0,0.0,136.0,848.6,15.9,0,254,261
2025-12-12 02:33:31,18.0,81.2,0.0,0.0,0.0,136.0,848.5,15.8,0,255,261
2025-12-12 02:48:36,18.1,82.4,0.0,0.0,0.0,136.0,848.5,16.0,0,253,260
2025-12-12 03:00:40,17.9,82.1,0.0,0.0,0.0,136.0,848.4,15.7,0,252,261
2025-12-12 03:15:45,17.8,83.4,0.0,0.0,0.0,136.0,848.4,15.8,0,254,260
2025-12-12 03:30:50,17.5,84.7,0.0,0.0,0.0,136.0,848.3,15.7,0,254,261
2025-12-12 03:45:55,17.3,85.4,0.0,0.0,0.0,136.0,848.4,15.5,0,253,260
2025-12-12 04:00:59,17.4,85.2,0.0,0.0,0.0,136.0,848.6,15.7,0,254,261
2025-12-12 04:16:04,17.7,84.1,0.0,0.0,0.0,136.0,848.6,15.8,0,254,261
2025-12-12 04:31:27,17.9,83.2,0.0,0.0,0.0,136.0,848.7,15.9,0,253,259
2025-12-12 04:46:32,18.0,82.8,0.0,0.0,0.0,136.0,848.7,16.0,0,253,261
2025-12-12 05:01:37,18.2,81.9,0.0,0.3,1.1,136.0,848.8,16.0,0,253,262
2025-12-12 05:16:42,18.2,81.4,0.0,0.0,0.2,136.0,848.9,16.0,0,253,259
2025-12-12 05:31:47,17.9,82.0,0.0,0.0,0.0,136.0,849.0,15.8,0,254,261
2025-12-12 05:46:52,17.7,83.2,0.0,0.0,0.0,136.0,849.1,15.7,0,254,262
2025-12-12 06:01:56,17.7,83.7,0.0,0.2,0.4,136.0,849.4,15.7,0,256,260
2025-12-12 06:17:01,17.8,83.6,0.0,0.2,0.7,209.0,849.5,15.8,0,266,261
2025-12-12 06:32:49,17.8,83.6,0.0,0.0,0.0,208.0,849.5,15.8,0,339,270
2025-12-12 06:47:55,17.9,83.9,0.0,0.3,0.9,209.0,849.6,15.9,0,388,276
2025-12-12 07:03:00,18.0,84.6,0.0,0.2,0.4,209.0,849.8,16.2,0,600,295
2025-12-12 07:18:05,18.3,84.5,0.0,0.4,1.3,107.0,850.1,16.4,0,925,324
2025-12-12 07:33:10,18.7,83.2,0.0,0.3,0.7,58.0,850.2,16.7,0,747,312
2025-12-12 07:48:49,18.8,83.4,0.0,0.7,1.5,83.0,850.3,16.8,0,612,299
2025-12-12 08:03:55,19.1,83.3,0.0,0.4,1.1,105.0,850.5,17.1,0,1904,414
2025-12-12 08:19:51,19.9,79.9,0.0,0.7,1.3,58.0,850.6,17.4,0,1360,366
2025-12-12 08:34:52,20.4,76.6,0.0,0.1,0.7,95.0,850.4,17.4,0,1165,357
2025-12-12 08:49:57,21.0,74.9,0.0,0.3,0.7,133.0,850.5,17.8,0,4965,681
2025-12-12 09:05:01,21.9,69.5,0.0,0.0,0.2,134.0,850.4,18.0,0,1513,385
2025-12-12 09:20:06,22.8,66.3,0.0,0.5,1.1,54.0,850.4,18.4,0,5307,727
2025-12-12 09:35:56,22.6,64.8,0.0,0.2,0.4,54.0,850.5,18.0,0,2269,455
2025-12-12 09:51:01,21.9,66.0,0.0,0.0,0.4,82.0,850.5,17.5,0,1264,362
2025-12-12 10:06:06,22.6,66.6,0.0,0.3,0.9,58.0,850.3,18.2,0,2237,457
2025-12-12 10:21:11,24.5,59.0,0.0,0.2,0.7,137.0,850.1,18.9,0,7293,915
2025-12-12 10:36:39,25.3,54.2,0.0,0.6,1.6,33.0,849.8,18.9,0,6606,862
2025-12-12 10:51:44,25.5,52.3,0.0,2.0,3.3,83.0,849.7,18.8,0,2987,523
2025-12-12 11:06:48,25.6,52.2,0.0,0.5,1.3,74.0,849.5,18.9,0,2763,502
2025-12-12 11:21:53,26.5,49.2,0.0,1.2,2.6,64.0,849.4,19.1,0,5444,764
2025-12-12 11:37:07,26.6,47.0,0.0,0.7,2.4,136.0,849.2,18.9,0,9813,1154
2025-12-12 11:52:53,27.5,45.2,0.0,1.0,1.7,91.0,848.9,19.4,0,2501,492
2025-12-12 12:07:59,27.7,45.0,0.0,0.0,0.2,138.0,848.7,19.5,0,9071,1098
2025-12-12 12:23:01,28.3,43.7,0.0,0.1,0.4,195.0,848.5,19.8,0,10021,1174
2025-12-12 12:38:02,28.5,42.9,0.0,1.2,3.1,60.0,848.3,19.8,0,3031,549
2025-12-12 12:53:07,28.7,43.0,0.0,0.7,2.4,56.0,848.1,19.9,0,8665,1059
2025-12-12 13:09:03,28.9,42.5,0.0,0.7,1.3,71.0,847.7,20.0,0,3755,611
2025-12-12 13:24:08,27.5,44.7,0.0,1.3,2.8,61.0,847.7,19.3,0,8986,1072
2025-12-12 13:40:06,26.2,46.9,0.0,0.8,2.0,57.0,847.6,18.5,0,8635,1037
2025-12-12 13:55:11,29.0,42.5,0.0,0.0,0.4,132.0,847.2,20.1,0,8109,999
2025-12-12 14:10:12,28.2,42.8,0.0,0.1,0.7,106.0,847.1,19.5,0,8110,991
2025-12-12 14:25:59,28.1,42.5,0.0,0.2,1.1,88.0,846.9,19.4,0,7501,947
2025-12-12 14:41:03,28.4,39.8,0.0,0.1,0.4,105.0,846.6,19.1,0,1622,408
2025-12-12 14:56:11,30.2,36.2,0.0,0.7,1.7,36.0,846.5,19.9,0,1751,416
2025-12-12 15:11:17,27.8,41.6,0.0,1.8,4.1,60.0,846.3,19.0,0,1390,379
2025-12-12 15:27:04,26.6,47.6,0.0,1.5,3.6,49.0,846.5,19.0,0,3643,571
2025-12-12 15:42:09,23.8,53.6,0.0,0.9,1.9,40.0,846.5,17.5,0,1427,382
2025-12-12 15:57:14,27.4,48.2,0.0,0.6,1.3,17.0,846.3,19.8,0,4401,648
2025-12-12 16:13:02,28.9,44.5,0.0,0.5,1.1,36.0,846.2,20.4,0,2426,469
2025-12-12 16:28:07,28.0,45.9,0.0,1.0,2.4,85.0,846.1,19.9,0,2083,445
2025-12-12 16:43:12,27.3,46.5,0.0,1.8,3.9,49.0,846.2,19.4,0,2775,494
2025-12-12 16:58:17,27.4,45.6,0.0,1.0,2.4,96.0,846.3,19.3,0,2341,453
2025-12-12 17:13:22,26.8,46.2,0.0,0.4,1.3,48.0,846.4,18.9,0,1886,410
2025-12-12 17:29:01,25.6,48.9,0.0,1.5,4.6,95.0,846.6,18.4,0,1138,342
2025-12-12 17:44:07,23.9,53.9,0.0,0.5,1.5,107.0,846.9,17.6,0,618,298
2025-12-12 17:59:11,23.3,55.3,0.0,0.1,0.7,106.0,847.0,17.3,0,516,288
2025-12-12 18:14:16,22.9,55.3,0.0,0.2,1.3,108.0,847.1,17.0,0,385,275
2025-12-12 18:29:21,22.6,56.2,0.0,0.1,0.4,189.0,847.3,16.8,0,257,261
2025-12-12 18:44:26,22.1,58.6,0.0,0.3,0.9,104.0,847.6,16.8,0,255,261
2025-12-12 18:59:31,21.7,63.2,0.0,0.1,0.9,186.0,847.6,16.9,0,253,260
2025-12-12 19:14:36,21.4,64.3,0.0,0.5,1.5,128.0,847.6,16.9,0,254,260
2025-12-12 19:30:00,21.4,64.4,0.0,0.1,0.4,102.0,847.9,16.8,0,255,261
2025-12-12 19:45:04,21.2,65.6,0.0,0.1,0.7,102.0,848.0,16.8,0,253,260
2025-12-12 20:00:10,21.1,66.2,0.0,0.1,0.4,103.0,848.2,16.8,0,254,260
2025-12-12 20:15:15,21.2,65.7,0.0,0.4,1.1,110.0,848.5,16.9,0,253,260
2025-12-12 20:30:38,21.4,64.6,0.0,0.4,1.0,84.0,848.6,16.8,0,253,259
2025-12-12 20:46:02,21.3,65.1,0.0,0.8,2.2,90.0,848.8,16.8,0,254,260
2025-12-12 21:01:08,21.1,67.4,0.0,0.2,0.9,108.0,849.2,17.0,0,253,260
2025-12-12 21:16:12,21.0,68.5,0.0,0.8,2.0,203.0,849.5,17.0,0,254,261
2025-12-12 21:31:17,20.6,71.2,0.0,0.1,0.7,108.0,849.8,17.0,0,254,260
2025-12-12 21:47:11,20.0,71.7,0.0,0.7,1.5,107.0,850.0,16.4,0,253,261
2025-12-12 22:02:11,18.7,77.6,0.4,0.5,1.7,137.0,850.1,16.0,0,252,260
2025-12-12 22:17:16,17.6,85.8,0.6,0.4,1.5,154.0,850.4,15.9,0,254,261
2025-12-12 22:32:21,17.5,88.4,0.8,0.7,1.7,87.0,850.5,16.1,0,253,260
2025-12-12 22:47:26,17.0,89.2,1.2,0.5,1.1,108.0,850.3,15.8,0,253,261
2025-12-12 23:02:31,16.6,89.0,0.7999999999999998,0.6,1.3,130.0,850.2,15.3,0,254,260
2025-12-12 23:18:17,16.2,88.2,0.40000000000000036,0.1,0.4,13.0,850.3,14.8,0,254,260
2025-12-12 23:34:04,16.3,89.2,0.0,0.0,0.2,103.0,850.1,15.0,0,253,259
2025-12-12 23:49:34,16.0,89.6,0.20000000000000018,0.2,0.4,331.0,849.7,14.8,0,254,259
2025-12-13 00:04:40,16.0,90.2,0.0,0.1,0.7,316.0,849.8,14.9,0,254,260
2025-12-13 00:19:45,16.1,90.5,0.0,0.2,0.7,16.0,849.9,15.0,0,254,260
2025-12-13 00:34:56,16.1,90.8,0.0,0.2,0.4,22.0,849.8,15.1,0,253,260
2025-12-13 00:50:42,16.4,91.1,0.0,0.2,0.7,359.0,849.6,15.3,0,253,260
2025-12-13 01:05:56,16.4,90.6,0.0,0.2,0.7,113.0,849.7,15.3,0,255,260
2025-12-13 01:21:01,16.5,90.1,0.1999999999999993,0.3,0.7,24.0,849.5,15.3,0,254,259
2025-12-13 01:36:06,16.5,90.5,0.20000000000000018,0.1,0.4,18.0,849.2,15.3,0,253,259
2025-12-13 01:51:11,16.2,91.3,2.0,0.4,0.7,27.0,849.0,15.2,0,253,260
2025-12-13 02:06:36,16.0,91.7,0.40000000000000036,0.4,0.7,8.0,848.8,15.1,0,254,260
2025-12-13 02:21:41,16.0,91.7,0.0,0.3,0.7,8.0,848.8,15.0,0,254,260
2025-12-13 02:36:45,15.9,91.6,0.0,0.2,0.4,34.0,848.8,14.9,0,253,261
2025-12-13 02:51:51,15.8,91.6,0.0,0.0,0.0,25.0,848.7,14.8,0,254,260
2025-12-13 03:00:54,15.7,91.8,0.0,0.1,0.2,25.0,848.7,14.8,0,254,259
2025-12-13 03:15:58,15.7,92.0,0.20000000000000018,0.2,0.4,23.0,848.6,14.7,0,254,261
2025-12-13 03:31:03,15.6,91.9,0.0,0.1,0.6,15.0,848.6,14.6,0,253,261
2025-12-13 03:46:08,15.5,91.8,0.0,0.0,0.0,15.0,848.6,14.5,0,253,260
2025-12-13 04:01:13,15.3,91.8,0.0,0.0,0.0,15.0,848.5,14.3,0,252,261
2025-12-13 04:16:39,15.2,92.2,0.0,0.0,0.2,15.0,848.6,14.3,0,254,261
2025-12-13 04:31:44,15.1,92.4,0.0,0.0,0.2,15.0,848.6,14.3,0,253,260
2025-12-13 04:46:49,15.2,92.7,0.0,0.0,0.0,15.0,848.7,14.4,0,254,260
2025-12-13 05:01:54,15.4,92.8,0.0,0.0,0.0,15.0,848.9,14.5,0,254,260
2025-12-13 05:16:58,15.4,92.9,0.0,0.0,0.0,15.0,849.1,14.6,0,255,261
2025-12-13 05:32:03,15.3,92.9,0.0,0.0,0.2,15.0,849.3,14.5,0,254,260
2025-12-13 05:47:08,15.1,92.9,0.0,0.0,0.2,15.0,849.4,14.3,0,254,260
2025-12-13 06:02:13,15.0,92.9,0.0,0.0,0.0,15.0,849.6,14.2,0,254,260
2025-12-13 06:17:18,14.9,93.0,0.0,0.0,0.3,14.0,849.7,14.1,0,273,262
2025-12-13 06:32:23,15.1,93.1,0.0,0.0,0.0,15.0,849.9,14.3,0,309,269
2025-12-13 06:47:47,15.0,93.2,0.0,0.0,0.0,15.0,849.9,14.2,0,441,285
2025-12-13 07:02:52,15.3,93.3,0.0,0.0,0.0,15.0,850.2,14.5,0,556,296
2025-12-13 07:17:57,15.4,92.9,0.0,0.4,0.7,14.0,850.5,14.6,0,667,308
2025-12-13 07:33:02,15.8,92.2,0.0,0.0,0.0,287.0,850.6,14.9,0,672,308
2025-12-13 07:48:07,16.3,92.2,0.0,0.0,0.0,287.0,850.6,15.4,0,730,317
2025-12-13 08:04:05,16.7,91.6,0.0,0.0,0.0,287.0,850.8,15.7,0,1753,404
2025-12-13 08:19:26,17.9,88.3,0.0,0.0,0.0,287.0,850.7,16.5,0,2446,468
2025-12-13 08:35:26,19.4,83.1,0.0,0.0,0.0,287.0,850.6,17.3,0,3275,542
2025-12-13 08:51:10,21.4,77.7,0.0,0.1,0.4,289.0,850.8,18.6,0,3837,596
2025-12-13 09:06:15,23.3,69.8,0.0,0.1,0.2,106.0,850.7,19.3,0,4223,633
2025-12-13 09:21:20,23.1,69.0,0.0,0.1,0.2,138.0,850.6,19.0,0,3696,598
2025-12-13 09:36:24,24.4,62.4,0.0,0.9,2.4,85.0,850.6,19.3,0,6137,806
2025-12-13 09:51:29,25.6,59.5,0.0,0.5,1.3,165.0,850.5,19.9,0,6893,884
2025-12-13 10:06:35,24.1,62.6,0.0,0.2,0.9,93.0,850.4,19.1,0,6509,850
2025-12-13 10:22:30,24.8,61.5,0.0,0.4,1.1,102.0,850.4,19.5,0,4350,657
2025-12-13 10:38:10,23.4,66.6,0.0,0.3,0.9,102.0,850.3,19.0,0,2294,465
2025-12-13 10:53:34,25.0,60.7,0.0,0.4,1.1,101.0,850.1,19.6,0,8121,1007
2025-12-13 11:08:59,26.0,55.6,0.0,0.8,2.4,100.0,849.9,19.7,0,3572,585
2025-12-13 11:24:04,25.3,56.6,0.0,0.4,1.1,97.0,849.6,19.3,0,8429,1039
2025-12-13 11:39:29,26.5,51.6,0.0,0.6,2.2,96.0,849.3,19.6,0,9458,1132
2025-12-13 11:54:33,25.9,54.0,0.0,0.8,2.0,95.0,849.1,19.4,0,5113,739
2025-12-13 12:09:38,26.7,52.0,0.0,1.2,3.9,91.0,848.8,19.8,0,2928,524
2025-12-13 12:25:03,25.5,53.9,0.0,0.9,3.3,94.0,848.7,19.0,0,2264,467
2025-12-13 12:40:08,24.8,56.9,0.0,1.1,2.4,91.0,848.5,18.8,0,2702,499
2025-12-13 12:55:12,24.3,57.8,0.0,0.1,1.0,91.0,848.5,18.5,0,1981,431
2025-12-13 13:10:17,24.1,63.3,0.0,0.6,2.0,114.0,848.4,19.2,0,3904,613
2025-12-13 13:25:21,24.9,61.3,0.0,1.1,3.3,188.0,848.1,19.6,0,9139,1106
2025-12-13 13:40:24,26.2,58.4,0.0,0.8,2.4,97.0,847.9,20.3,0,4520,681
2025-12-13 13:55:29,25.6,56.5,0.0,1.2,3.0,168.0,847.6,19.6,0,3859,609
2025-12-13 14:10:30,25.0,59.5,0.0,0.8,3.3,97.0,847.6,19.5,0,3574,582
2025-12-13 14:25:34,23.9,64.0,0.0,1.2,3.5,87.0,847.5,19.1,0,2630,485
2025-12-13 14:40:39,23.7,62.7,0.0,1.2,2.0,75.0,847.1,18.7,0,3186,538
2025-12-13 14:55:44,24.1,62.4,0.0,0.4,1.2,108.0,847.0,19.0,0,2625,489
2025-12-13 15:11:10,24.0,61.2,0.0,0.4,1.1,77.0,846.9,18.7,0,2660,500
2025-12-13 15:26:25,24.7,59.7,0.0,0.9,2.4,95.0,846.8,19.2,0,4809,698
2025-12-13 15:42:12,27.1,48.5,0.0,1.1,2.4,157.0,846.5,19.5,0,4828,700
2025-12-13 15:57:17,27.9,45.0,0.0,2.0,2.8,88.0,846.4,19.6,0,3906,614
2025-12-13 16:12:18,27.0,48.0,0.0,0.3,1.0,123.0,846.2,19.4,0,3900,608
2025-12-13 16:27:39,27.7,47.4,0.0,0.3,0.9,200.0,846.2,19.9,0,3430,559
2025-12-13 16:42:41,25.7,53.4,0.0,1.1,3.5,142.0,846.4,19.1,0,1363,374
2025-12-13 16:58:20,24.1,58.1,0.0,0.0,0.2,151.0,846.7,18.5,0,964,337
2025-12-13 17:13:25,24.7,53.2,0.0,0.3,1.1,100.0,846.7,18.2,0,1826,406
2025-12-13 17:28:30,24.2,56.9,0.0,1.1,3.1,100.0,846.8,18.3,0,823,320
2025-12-13 17:44:26,23.1,59.7,0.0,0.4,1.4,202.0,847.2,17.8,0,583,299
2025-12-13 17:59:31,22.3,61.1,0.0,0.7,2.2,111.0,847.3,17.2,0,550,292
2025-12-13 18:14:36,21.9,64.4,0.0,0.0,0.2,127.0,847.6,17.3,0,403,276
2025-12-13 18:29:41,21.5,67.6,0.0,0.0,0.0,103.0,848.0,17.4,0,273,262
2025-12-13 18:44:46,21.1,68.6,0.0,0.1,0.9,62.0,848.2,17.2,0,253,261
2025-12-13 18:59:50,20.8,69.9,0.0,0.0,0.2,116.0,848.4,17.0,0,253,261
2025-12-13 19:14:55,20.4,71.6,0.0,0.2,0.7,76.0,848.7,16.8,0,253,260
2025-12-13 19:30:00,20.1,73.2,0.0,0.0,0.0,65.0,848.8,16.7,0,253,260
2025-12-13 19:45:23,19.8,76.4,0.0,0.0,0.0,65.0,849.1,16.9,0,253,260
2025-12-13 20:00:28,19.6,76.6,0.0,0.0,0.0,65.0,849.4,16.7,0,253,261
2025-12-13 20:15:33,19.5,77.5,0.0,0.0,0.0,65.0,849.7,16.8,0,254,259
2025-12-13 20:30:38,19.5,79.0,0.0,0.0,0.0,65.0,849.9,16.9,0,254,261
2025-12-13 20:45:43,19.4,79.1,0.0,0.0,0.0,65.0,850.1,16.9,0,254,261
2025-12-13 21:00:47,18.7,85.0,2.4,0.3,0.9,18.0,850.2,16.8,0,254,261
2025-12-13 21:15:53,17.9,88.9,0.6000000000000001,0.0,0.0,334.0,850.2,16.6,0,254,260
2025-12-13 21:30:58,17.8,89.8,1.5999999999999996,0.4,1.1,2.0,850.5,16.6,0,252,259
2025-12-13 21:46:03,17.6,90.9,2.4000000000000004,0.0,0.0,15.0,850.4,16.5,0,253,260
2025-12-13 22:01:08,17.7,91.5,0.20000000000000018,0.0,0.0,15.0,850.3,16.7,0,253,261
2025-12-13 22:16:36,17.8,91.9,0.0,0.0,0.0,15.0,850.4,16.8,0,253,259
2025-12-13 22:31:37,17.8,92.1,0.0,0.0,0.0,15.0,850.4,16.9,0,253,259
2025-12-13 22:47:31,17.9,92.3,0.0,0.0,0.0,15.0,850.2,17.0,0,254,260
2025-12-13 23:02:58,17.9,92.5,0.0,0.0,0.0,52.0,850.3,17.0,0,254,260
2025-12-13 23:18:02,17.9,92.5,0.0,0.8,2.0,63.0,850.3,17.0,0,253,260
2025-12-13 23:33:17,17.8,92.4,0.0,0.6,1.7,55.0,850.3,16.9,0,253,260
2025-12-13 23:48:37,17.6,92.2,0.0,0.6,2.0,8.0,850.3,16.7,0,253,259
2025-12-14 00:03:57,17.4,92.1,0.0,0.0,0.2,70.0,850.3,16.5,0,253,260
2025-12-14 00:19:03,17.3,92.2,0.20000000000000018,0.2,0.4,47.0,850.3,16.4,0,254,261
2025-12-14 00:34:07,17.2,92.3,0.1999999999999993,0.1,0.4,43.0,850.0,16.3,0,254,261
2025-12-14 00:49:12,17.0,92.2,0.0,0.2,0.7,32.0,849.9,16.1,0,252,261
2025-12-14 01:04:17,16.8,92.2,0.0,0.1,0.2,21.0,849.5,15.9,0,254,260
2025-12-14 01:19:22,16.7,92.2,0.20000000000000018,0.0,0.2,325.0,849.4,15.7,0,253,261
2025-12-14 01:34:27,16.7,92.3,0.0,0.0,0.0,327.0,849.5,15.8,0,254,261
2025-12-14 01:50:08,16.7,92.4,0.0,0.0,0.0,330.0,849.2,15.8,0,253,259
2025-12-14 02:05:13,16.6,92.4,0.0,0.1,0.2,332.0,849.1,15.7,0,252,259
2025-12-14 02:20:18,16.4,92.5,0.0,0.2,0.4,332.0,849.0,15.5,0,252,260
2025-12-14 02:35:23,16.4,92.5,0.0,0.2,0.7,18.0,849.0,15.5,0,253,261
2025-12-14 02:50:27,16.4,92.5,0.0,0.0,0.2,24.0,849.1,15.5,0,252,262
2025-12-14 03:00:31,16.5,92.6,0.0,0.1,0.2,62.0,849.1,15.6,0,254,261
2025-12-14 03:15:36,16.5,92.6,0.0,0.1,0.2,61.0,849.2,15.6,0,254,260
2025-12-14 03:30:41,16.5,92.6,0.0,0.1,0.4,48.0,849.2,15.7,0,253,260
2025-12-14 03:46:06,16.6,92.6,1.3999999999999995,0.0,0.0,55.0,849.2,15.8,0,254,260
2025-12-14 04:01:11,16.7,92.8,0.20000000000000107,0.0,0.0,55.0,849.4,15.9,0,253,261
2025-12-14 04:16:16,16.8,92.9,0.0,0.6,1.5,122.0,849.5,15.9,0,253,260
2025-12-14 04:31:21,16.3,91.0,0.0,0.9,2.6,183.0,849.7,15.3,0,253,259
2025-12-14 04:46:26,16.2,91.9,1.5999999999999996,0.8,1.7,184.0,849.8,15.3,0,254,260
2025-12-14 05:01:31,16.3,93.1,3.5999999999999996,0.3,0.7,186.0,849.8,15.5,0,253,260
2025-12-14 05:16:36,16.3,93.4,0.0,0.3,0.4,193.0,849.9,15.5,0,254,261
2025-12-14 05:32:28,16.0,93.5,0.20000000000000107,0.0,0.0,208.0,850.0,15.2,0,253,261
2025-12-14 05:47:34,15.8,93.3,0.0,0.5,1.1,247.0,850.1,15.0,0,253,261
2025-12-14 06:02:39,15.9,93.3,0.0,0.1,0.4,247.0,850.1,15.1,0,254,261
2025-12-14 06:17:44,16.0,93.4,0.1999999999999993,0.2,0.4,234.0,850.2,15.2,0,259,259
2025-12-14 06:32:49,16.0,93.3,0.0,0.6,1.1,249.0,850.4,15.2,0,280,263
2025-12-14 06:48:14,15.9,93.0,0.0,0.1,0.4,349.0,850.5,15.1,0,407,277
2025-12-14 07:03:19,15.9,93.0,0.0,0.6,0.9,349.0,850.6,15.0,0,618,297
2025-12-14 07:18:21,16.0,93.0,0.0,0.0,0.2,349.0,850.9,15.2,0,728,307
2025-12-14 07:34:21,16.2,92.9,0.0,0.2,0.4,349.0,851.2,15.3,0,645,298
2025-12-14 07:49:26,16.2,92.5,0.0,0.5,1.1,349.0,851.4,15.3,0,1009,334
2025-12-14 08:04:31,16.5,91.8,0.0,0.2,0.4,11.0,851.5,15.5,0,1283,358
2025-12-14 08:19:36,16.7,90.8,0.0,0.2,0.4,10.0,851.7,15.6,0,1093,340
2025-12-14 08:34:41,16.8,90.9,0.1999999999999993,0.2,0.4,349.0,851.7,15.7,0,1434,372
2025-12-14 08:49:46,17.0,91.5,0.20000000000000107,0.3,0.7,349.0,851.7,16.0,0,2217,448
2025-12-14 09:05:27,17.7,89.3,0.0,0.2,0.7,349.0,851.6,16.5,0,2862,511
2025-12-14 09:20:33,18.7,84.8,0.0,0.3,0.7,349.0,851.4,16.9,0,2838,512
2025-12-14 09:35:38,19.2,85.5,0.0,0.3,0.9,61.0,851.3,17.5,0,2864,514
2025-12-14 09:50:42,20.5,82.0,0.0,0.3,1.1,68.0,851.2,18.2,0,7044,903
2025-12-14 10:05:47,22.9,70.6,0.0,1.0,1.7,70.0,851.1,19.1,0,3480,574
2025-12-14 10:20:52,24.0,70.5,0.0,0.5,1.3,130.0,850.9,20.0,0,5967,811
2025-12-14 10:35:57,24.1,63.0,0.0,1.4,2.4,55.0,850.4,19.1,0,8749,1066
2025-12-14 10:51:33,23.2,66.0,0.0,0.8,1.5,95.0,850.4,18.7,0,5775,796
2025-12-14 11:07:31,22.8,68.7,0.0,0.4,2.6,84.0,850.2,18.7,0,6987,912
2025-12-14 11:22:36,25.4,60.2,0.0,0.2,1.1,69.0,849.9,19.9,0,5460,764
2025-12-14 11:38:29,24.8,57.2,0.0,1.6,3.3,82.0,849.9,18.9,0,8866,1084
2025-12-14 11:53:33,24.4,59.0,0.0,0.7,1.7,47.0,849.7,18.9,0,4271,652
2025-12-14 12:08:38,24.2,57.4,0.0,0.6,1.1,84.0,849.5,18.4,0,4905,711
2025-12-14 12:23:43,24.4,57.3,0.0,0.3,1.7,91.0,849.3,18.6,0,4742,694
2025-12-14 12:39:32,24.6,58.0,0.0,0.3,1.1,144.0,849.0,18.9,0,4277,656
2025-12-14 12:54:38,25.4,53.4,0.0,0.4,1.1,140.0,848.8,18.8,0,8574,1062
2025-12-14 13:09:43,26.9,48.4,0.0,1.3,2.6,86.0,848.5,19.4,0,8036,1015
2025-12-14 13:25:34,26.2,50.9,0.0,0.4,1.3,102.0,848.3,19.2,0,8810,1072
2025-12-14 13:40:38,26.9,49.0,0.0,0.4,1.3,90.0,848.0,19.5,0,7862,992
2025-12-14 13:55:43,27.4,48.9,0.0,0.6,1.3,58.0,847.8,19.9,0,7540,962
2025-12-14 14:10:48,27.9,45.9,0.0,0.9,2.0,74.0,847.4,19.8,0,7367,943
2025-12-14 14:25:52,27.6,46.2,0.0,1.0,1.7,145.0,847.2,19.6,0,7034,913
2025-12-14 14:40:57,28.9,45.8,0.0,0.2,0.9,73.0,847.0,20.6,0,6978,905
2025-12-14 14:56:02,27.4,48.0,0.0,0.5,1.1,73.0,846.8,19.7,0,6707,878
2025-12-14 15:11:40,28.0,47.2,0.2,0.1,0.4,99.0,846.6,20.1,0,6069,817
2025-12-14 15:27:28,29.2,44.5,0.0,0.5,1.7,63.0,846.6,20.6,0,6212,822
2025-12-14 15:42:33,27.4,47.2,0.0,0.6,1.7,81.0,846.7,19.6,0,2641,504
2025-12-14 15:57:40,27.8,46.7,0.0,0.6,1.7,107.0,846.7,19.9,0,4226,635
2025-12-14 16:12:45,27.0,49.0,0.0,0.1,0.4,151.0,846.8,19.6,0,1568,393
2025-12-14 16:27:50,25.5,52.0,0.0,0.5,1.5,139.0,846.6,18.7,0,729,317
2025-12-14 16:43:43,26.3,51.2,0.0,0.2,0.7,75.0,846.6,19.3,0,3664,570
2025-12-14 17:00:32,25.7,54.0,0.0,0.5,2.0,163.0,846.6,19.2,0,1213,357
2025-12-14 17:15:37,23.5,60.9,0.0,0.6,2.0,176.0,846.8,18.3,0,1062,340
2025-12-14 17:30:37,22.8,62.9,0.0,0.7,1.3,190.0,847.0,17.9,0,532,295
2025-12-14 17:45:43,22.6,63.5,0.0,0.2,0.7,100.0,847.0,17.8,0,566,298
2025-12-14 18:01:38,22.4,62.1,0.0,0.6,1.5,146.0,847.0,17.5,0,456,285
2025-12-14 18:16:39,22.1,63.5,0.0,0.2,1.3,138.0,847.1,17.4,0,366,273
2025-12-14 18:31:50,21.8,65.0,0.0,0.5,1.3,115.0,847.2,17.3,0,271,261
2025-12-14 18:47:04,21.5,65.8,0.0,0.5,1.1,67.0,847.4,17.1,0,254,260
2025-12-14 19:02:08,21.1,68.5,0.0,0.0,0.2,102.0,847.8,17.2,0,254,261
2025-12-14 19:17:43,20.8,70.8,0.0,0.0,0.0,96.0,847.8,17.2,0,253,261
2025-12-14 19:32:48,20.5,72.4,0.0,0.0,0.0,109.0,848.1,17.0,0,254,259
2025-12-14 19:48:24,20.4,73.2,0.0,0.0,0.0,54.0,848.2,17.0,0,253,259
2025-12-14 20:03:40,20.6,73.4,0.0,0.1,0.4,100.0,848.6,17.3,0,253,259
2025-12-14 20:18:48,20.3,76.4,0.0,0.7,2.2,78.0,848.7,17.4,0,253,260
2025-12-14 20:33:52,20.0,78.7,0.0,0.3,1.7,74.0,848.8,17.4,0,254,261
2025-12-14 20:48:58,19.7,79.4,0.0,0.5,1.1,113.0,848.9,17.2,0,254,259
2025-12-14 21:04:46,19.6,79.7,0.0,0.6,1.3,63.0,849.2,17.1,0,255,261
2025-12-14 21:19:50,19.7,79.8,0.0,0.1,0.4,109.0,849.2,17.2,0,253,260
2025-12-14 21:34:56,19.6,79.6,0.0,0.1,0.4,134.0,849.3,17.1,0,253,260
2025-12-14 21:50:01,19.6,79.7,0.0,0.0,0.0,99.0,849.5,17.1,0,253,259
2025-12-14 22:05:59,19.5,80.2,0.0,0.0,0.0,112.0,849.3,17.1,0,254,260
2025-12-14 22:21:24,19.5,80.2,0.0,0.1,0.2,112.0,849.2,17.1,0,254,262
2025-12-14 22:36:29,19.3,81.1,0.0,0.0,0.0,112.0,849.3,17.0,0,253,260
2025-12-14 22:51:34,19.2,82.4,0.0,0.0,0.0,112.0,849.1,17.1,0,253,260
2025-12-14 23:06:39,18.9,82.9,0.0,0.0,0.0,112.0,849.1,16.8,0,253,262
2025-12-14 23:21:44,18.5,84.5,0.0,0.0,0.0,112.0,849.1,16.6,0,253,261
2025-12-14 23:36:49,18.1,86.0,0.0,0.0,0.0,112.0,849.2,16.4,0,253,260
2025-12-14 23:51:54,17.9,86.8,0.0,0.0,0.2,112.0,849.1,16.4,0,253,259
2025-12-15 00:07:00,17.9,87.5,0.0,0.1,0.2,112.0,849.1,16.4,0,254,260
2025-12-15 00:22:05,17.9,87.8,0.0,0.0,0.2,112.0,848.9,16.5,0,253,260
2025-12-15 00:37:30,18.1,87.7,0.0,0.0,0.0,112.0,848.8,16.7,0,254,261
2025-12-15 00:52:34,18.2,86.9,0.0,0.1,0.2,112.0,848.5,16.6,0,253,257
2025-12-15 01:07:39,18.0,87.7,0.0,0.0,0.0,112.0,848.5,16.5,0,255,260
2025-12-15 01:22:44,17.9,87.9,0.0,0.1,0.4,112.0,848.2,16.4,0,253,260
2025-12-15 01:37:49,17.8,87.4,0.0,0.0,0.0,112.0,848.1,16.3,0,254,259
2025-12-15 01:52:54,17.6,87.8,0.0,0.1,0.4,112.0,848.2,16.2,0,252,258
2025-12-15 02:07:59,17.7,88.0,0.0,0.0,0.2,112.0,848.1,16.2,0,253,260
2025-12-15 02:23:04,17.8,87.8,0.0,0.0,0.0,112.0,847.9,16.3,0,252,260
2025-12-15 02:38:09,17.7,87.4,0.0,0.0,0.0,112.0,847.8,16.2,0,254,259
2025-12-15 02:53:39,17.6,88.5,0.0,0.0,0.0,112.0,847.9,16.2,0,253,261
2025-12-15 03:00:41,17.6,88.2,0.0,0.0,0.0,112.0,847.9,16.2,0,253,261
2025-12-15 03:15:46,17.6,87.9,0.0,0.1,0.4,112.0,847.9,16.2,0,253,260
2025-12-15 03:30:51,17.8,88.3,0.0,0.0,0.2,112.0,848.0,16.4,0,253,261
2025-12-15 03:46:46,17.7,89.1,0.2,0.0,0.2,112.0,848.0,16.4,0,253,260
2025-12-15 04:01:51,17.7,90.3,0.0,0.0,0.2,139.0,848.1,16.6,0,254,261
2025-12-15 04:16:56,17.5,90.3,0.0,0.0,0.0,139.0,848.2,16.4,0,252,260
2025-12-15 04:32:00,17.5,90.6,0.0,0.0,0.0,139.0,848.3,16.4,0,255,260
2025-12-15 04:47:49,17.5,91.0,0.0,0.3,0.7,138.0,848.4,16.5,0,254,260
2025-12-15 05:02:54,17.6,91.3,0.0,0.0,0.0,139.0,848.4,16.6,0,253,259
2025-12-15 05:17:59,17.5,91.3,0.0,0.2,1.1,139.0,848.6,16.5,0,253,260
2025-12-15 05:33:03,17.4,91.4,0.0,0.0,0.0,139.0,848.8,16.4,0,254,260
2025-12-15 05:48:08,17.4,91.5,0.0,0.0,0.0,139.0,848.8,16.4,0,254,259
2025-12-15 06:03:13,17.4,91.7,0.0,0.3,0.7,138.0,848.9,16.4,0,253,259
2025-12-15 06:18:53,17.5,91.7,0.0,0.0,0.0,138.0,848.9,16.5,0,261,260
2025-12-15 06:34:53,17.5,91.8,0.0,0.0,0.0,138.0,849.1,16.6,0,310,267
2025-12-15 06:49:58,17.5,91.7,0.0,0.2,0.6,138.0,849.2,16.6,0,325,269
2025-12-15 07:05:03,17.6,91.7,0.0,0.1,0.7,138.0,849.5,16.6,0,354,270
2025-12-15 07:20:08,17.8,91.8,0.19999999999999996,0.7,1.1,138.0,849.7,16.8,0,480,281
2025-12-15 07:35:13,17.8,92.1,1.0,0.0,0.0,138.0,849.9,16.9,0,608,293
2025-12-15 07:50:17,17.8,92.1,0.0,0.9,1.8,111.0,850.0,16.9,0,720,304
2025-12-15 08:05:22,17.8,92.0,0.0,0.4,0.9,110.0,850.1,16.9,0,823,314
2025-12-15 08:21:12,17.9,91.1,0.0,0.4,1.3,60.0,850.2,16.8,0,958,328
2025-12-15 08:36:17,17.9,89.0,0.0,0.4,0.9,79.0,850.4,16.6,0,838,318
2025-12-15 08:51:54,18.2,88.8,0.0,0.2,0.7,98.0,850.4,16.8,0,1269,356
2025-12-15 09:06:59,18.8,85.4,0.0,0.5,1.1,100.0,850.4,17.0,0,2183,449
2025-12-15 09:22:11,20.0,81.0,0.0,0.7,1.5,78.0,850.3,17.7,0,5817,768
2025-12-15 09:38:08,21.0,77.6,0.0,0.1,0.7,88.0,850.1,18.2,0,5835,772
2025-12-15 09:53:13,21.9,71.3,0.0,0.3,1.1,53.0,849.8,18.3,0,2471,471
2025-12-15 10:09:00,23.4,64.2,0.0,0.5,1.5,127.0,849.6,18.7,0,6714,861
2025-12-15 10:24:05,22.8,65.9,0.0,0.3,1.3,93.0,849.5,18.3,0,2825,503
2025-12-15 10:39:05,22.8,67.4,0.0,0.1,0.4,137.0,849.4,18.6,0,1988,430
2025-12-15 10:54:11,23.0,63.5,0.0,0.8,2.6,71.0,849.2,18.2,0,2843,517
2025-12-15 11:09:17,23.9,59.6,0.2,0.3,0.9,130.0,849.1,18.4,0,8226,1008
2025-12-15 11:24:22,24.6,57.4,0.0,0.4,2.0,103.0,848.9,18.8,0,9412,1117
2025-12-15 11:39:27,24.8,52.6,0.0,0.5,1.4,74.0,848.7,18.2,0,5936,809
2025-12-15 11:54:33,25.4,50.1,0.0,0.7,2.4,103.0,848.4,18.3,0,8077,1000
2025-12-15 12:10:09,26.1,50.1,0.0,0.5,1.3,132.0,848.2,19.0,0,1748,423
2025-12-15 12:25:15,25.6,48.7,0.0,0.4,1.7,77.0,848.1,18.3,0,1887,431
2025-12-15 12:40:25,25.8,48.8,0.0,0.7,2.0,79.0,847.9,18.5,0,7845,984
2025-12-15 12:56:07,27.2,45.9,0.0,1.2,1.7,37.0,847.6,19.2,0,3576,601
2025-12-15 13:11:13,26.8,46.6,0.0,0.1,0.4,124.0,847.3,19.0,0,9057,1095
2025-12-15 13:26:17,27.0,44.3,0.0,1.5,3.9,83.0,847.1,18.8,0,8650,1054
2025-12-15 13:41:43,27.2,48.7,0.0,0.6,2.6,120.0,847.0,19.7,0,8400,1032
2025-12-15 13:57:02,27.1,44.7,0.0,2.0,5.2,73.0,846.6,18.9,0,8262,1021
2025-12-15 14:12:07,27.2,44.4,0.0,0.5,1.7,96.0,846.5,18.9,0,8010,991
2025-12-15 14:27:15,28.1,43.8,0.0,1.4,3.1,99.0,846.4,19.6,0,2583,497
2025-12-15 14:43:10,27.3,44.4,0.0,0.8,2.2,144.0,846.1,19.0,0,7275,923
2025-12-15 14:58:15,27.8,42.6,0.0,1.7,3.5,59.0,846.0,19.1,0,1518,391
2025-12-15 15:13:20,27.3,44.7,0.0,1.0,2.6,80.0,845.9,19.1,0,6523,844
2025-12-15 15:29:16,27.0,44.0,0.0,0.8,1.7,62.0,845.9,18.7,0,5791,778
2025-12-15 15:44:20,28.3,41.7,0.0,0.8,3.1,102.0,845.8,19.4,0,4997,697
2025-12-15 15:59:25,28.6,42.6,0.0,0.9,2.0,60.0,845.7,19.8,0,5122,711
2025-12-15 16:15:14,28.4,42.5,0.0,0.3,0.7,121.0,845.7,19.6,0,3782,594
2025-12-15 16:30:14,29.2,41.7,0.0,0.2,0.7,61.0,845.6,20.1,0,3168,533
2025-12-15 16:45:19,28.1,41.6,0.0,1.3,2.8,74.0,845.7,19.2,0,2774,494
2025-12-15 17:00:24,27.9,44.0,0.0,0.6,2.0,64.0,845.7,19.5,0,2345,454
2025-12-15 17:16:17,26.4,46.1,0.0,1.2,2.8,83.0,845.8,18.6,0,1891,411
2025-12-15 17:31:47,25.1,48.6,0.0,0.6,2.6,99.0,845.9,17.9,0,635,308
2025-12-15 17:47:14,24.4,50.2,0.0,0.3,1.3,71.0,845.9,17.5,0,661,306
2025-12-15 18:02:19,24.1,51.5,0.0,0.0,0.2,93.0,846.0,17.4,0,607,295
2025-12-15 18:17:35,23.7,52.6,0.0,0.4,1.1,67.0,846.1,17.3,0,376,273
2025-12-15 18:32:39,23.2,53.7,0.0,0.2,0.7,68.0,846.2,17.0,0,272,262
2025-12-15 18:47:44,22.6,56.7,0.0,0.1,0.7,68.0,846.3,16.9,0,254,261
2025-12-15 19:02:49,22.1,59.2,0.0,0.0,0.0,68.0,846.4,16.7,0,254,260
2025-12-15 19:17:54,21.6,61.0,0.0,0.0,0.0,68.0,846.5,16.6,0,252,261
2025-12-15 19:33:17,21.1,63.7,0.0,0.0,0.0,68.0,846.7,16.5,0,253,262
2025-12-15 19:48:22,20.6,66.1,0.0,0.1,0.4,68.0,847.0,16.3,0,253,260
2025-12-15 20:03:27,20.4,67.0,0.0,0.0,0.0,68.0,847.2,16.2,0,254,260
2025-12-15 20:19:25,19.9,71.1,0.0,0.0,0.0,68.0,847.5,16.3,0,254,260
2025-12-15 20:34:30,19.3,73.2,0.0,0.0,0.0,68.0,847.6,16.1,0,254,260
2025-12-15 20:49:35,19.1,75.2,0.0,0.0,0.0,68.0,847.8,16.1,0,253,260
2025-12-15 21:04:40,19.1,74.9,0.0,0.0,0.0,68.0,848.0,16.0,0,254,260
2025-12-15 21:19:46,19.2,74.0,0.0,0.0,0.2,68.0,848.0,16.0,0,254,261
2025-12-15 21:35:13,19.3,73.9,0.0,0.1,0.4,68.0,847.9,16.1,0,253,261
2025-12-15 21:50:19,19.1,75.9,0.0,0.0,0.2,68.0,848.1,16.1,0,254,260
2025-12-15 22:05:20,19.0,77.1,0.0,0.1,0.2,68.0,848.2,16.2,0,254,260
2025-12-15 22:20:24,18.9,76.4,0.0,0.0,0.2,68.0,848.3,16.1,0,253,260
2025-12-15 22:35:26,18.9,78.5,0.0,0.0,0.0,68.0,848.3,16.3,0,254,262
2025-12-15 22:50:31,18.9,77.8,0.0,0.0,0.2,68.0,848.4,16.2,0,253,261
2025-12-15 23:06:02,18.7,78.8,0.0,0.0,0.2,68.0,848.4,16.1,0,253,260
2025-12-15 23:21:10,18.6,79.5,0.0,0.0,0.2,68.0,848.4,16.1,0,253,260
2025-12-15 23:36:16,18.2,81.3,0.0,0.0,0.0,68.0,848.4,15.9,0,253,260
2025-12-15 23:51:48,17.8,83.3,0.0,0.0,0.0,68.0,848.3,15.8,0,254,260
2025-12-16 00:06:54,17.6,84.3,0.0,0.0,0.2,68.0,848.1,15.7,0,253,259
2025-12-16 00:22:18,17.5,85.4,0.0,0.0,0.2,68.0,848.0,15.8,0,252,261
2025-12-16 00:37:57,17.2,86.1,0.0,0.0,0.0,68.0,848.0,15.5,0,254,260
2025-12-16 00:53:18,17.0,87.8,0.0,0.2,0.4,68.0,847.8,15.6,0,254,261
2025-12-16 01:08:28,17.0,87.6,0.0,0.2,0.7,68.0,847.7,15.5,0,254,260
2025-12-16 01:23:59,16.9,88.4,0.0,0.0,0.0,68.0,847.5,15.5,0,252,261
2025-12-16 01:39:29,16.7,88.8,0.0,0.1,0.4,68.0,847.3,15.4,0,253,261
2025-12-16 01:55:03,16.9,88.3,0.0,0.1,0.2,68.0,847.2,15.5,0,252,260
2025-12-16 02:10:23,17.0,88.2,0.0,0.0,0.0,68.0,847.1,15.6,0,253,261
2025-12-16 02:26:50,17.2,87.7,0.0,0.0,0.0,68.0,847.0,15.7,0,254,261
2025-12-16 02:41:55,17.4,87.1,0.0,0.0,0.0,68.0,847.0,15.9,0,253,260
2025-12-16 02:57:35,17.8,85.4,0.0,0.0,0.2,68.0,847.1,16.1,0,253,260
2025-12-16 03:00:36,17.9,85.1,0.0,0.0,0.4,68.0,847.1,16.1,0,253,259
2025-12-16 03:15:41,17.9,85.2,0.0,0.1,0.7,68.0,847.0,16.2,0,254,260
2025-12-16 03:30:46,17.8,85.9,0.0,0.0,0.2,68.0,847.1,16.1,0,254,260
2025-12-16 03:45:51,17.6,86.6,0.0,0.0,0.0,68.0,847.3,16.0,0,254,260
2025-12-16 04:00:56,17.5,87.3,0.0,0.0,0.0,68.0,847.2,16.0,0,253,262
2025-12-16 04:16:01,17.3,88.0,0.0,0.0,0.0,68.0,847.2,15.8,0,253,260
2025-12-16 04:31:06,17.3,89.1,0.0,0.0,0.0,68.0,847.5,16.0,0,254,261
2025-12-16 04:46:31,17.4,89.4,0.0,0.0,0.0,68.0,847.5,16.1,0,253,260
2025-12-16 05:01:34,17.5,89.1,0.0,0.2,0.7,68.0,847.4,16.2,0,253,259
2025-12-16 05:16:39,17.6,88.7,0.0,0.0,0.2,68.0,847.6,16.3,0,254,261
2025-12-16 05:32:04,17.6,88.9,0.0,0.0,0.0,68.0,847.5,16.3,0,254,260
2025-12-16 05:47:27,17.5,89.1,0.0,0.1,0.4,68.0,847.6,16.2,0,254,262
2025-12-16 06:04:01,17.5,89.9,0.0,0.0,0.2,68.0,847.7,16.3,0,253,259
2025-12-16 06:19:05,17.5,90.0,0.0,0.0,0.0,68.0,847.8,16.3,0,264,262
2025-12-16 06:34:47,17.5,90.3,0.0,0.0,0.0,68.0,847.9,16.4,0,334,269
2025-12-16 06:49:52,17.6,90.3,0.0,0.1,0.4,68.0,848.1,16.5,0,409,277
2025-12-16 07:04:57,17.8,89.9,0.0,0.0,0.2,68.0,848.2,16.6,0,491,284
2025-12-16 07:20:02,18.0,88.9,0.0,0.9,1.7,68.0,848.5,16.7,0,738,305
2025-12-16 07:35:07,18.3,87.6,0.0,0.2,0.4,68.0,848.6,16.8,0,1057,334
2025-12-16 07:50:52,18.6,85.8,0.0,0.9,1.3,68.0,848.7,16.9,0,821,325
2025-12-16 08:05:53,18.9,86.0,0.0,0.0,0.0,68.0,848.8,17.2,0,1467,386
2025-12-16 08:20:58,19.6,81.3,0.0,0.2,0.9,68.0,848.8,17.3,0,985,340
2025-12-16 08:36:02,20.1,80.1,0.0,0.0,0.2,68.0,848.8,17.7,0,1977,425
2025-12-16 08:51:45,22.2,72.6,0.0,0.4,0.9,67.0,848.9,18.7,0,2977,510
2025-12-16 09:06:50,24.0,65.1,0.0,0.1,0.4,68.0,848.7,19.3,0,4791,664
2025-12-16 09:21:55,22.7,64.9,0.0,0.6,0.9,67.0,848.7,18.1,0,1692,394
2025-12-16 09:37:00,22.3,64.8,0.0,0.1,0.4,68.0,848.5,17.7,0,1674,408
2025-12-16 09:52:04,24.0,59.5,0.0,0.2,1.0,68.0,848.4,18.6,0,6425,836
2025-12-16 10:07:09,25.0,55.9,0.0,0.5,1.1,67.0,848.3,18.9,0,6842,882
2025-12-16 10:22:49,25.3,55.1,0.0,0.3,1.3,68.0,848.2,19.0,0,7888,974
2025-12-16 10:37:54,24.7,55.3,0.0,0.2,1.3,69.0,848.3,18.5,0,3447,578
2025-12-16 10:52:59,23.2,58.9,0.0,1.1,1.7,69.0,848.1,17.7,0,1921,430
2025-12-16 11:08:04,23.9,57.8,0.0,0.4,0.9,69.0,847.9,18.2,0,8484,1029
2025-12-16 11:23:09,25.7,50.7,0.0,0.9,2.0,68.0,847.7,18.7,0,8833,1078
2025-12-16 11:38:14,26.5,51.3,0.0,0.7,2.2,158.0,847.5,19.5,0,2210,458
2025-12-16 11:53:18,25.6,52.2,0.0,0.5,1.1,70.0,847.4,18.9,0,2528,493
2025-12-16 12:08:24,25.0,50.9,0.0,0.8,1.5,57.0,847.1,18.1,0,8931,1065
2025-12-16 12:23:50,25.2,52.9,0.0,1.1,1.7,67.0,847.0,18.6,0,9184,1099
2025-12-16 12:38:56,26.4,50.7,0.0,0.2,0.7,98.0,846.9,19.3,0,9393,1117
2025-12-16 12:54:00,27.2,46.7,0.0,1.2,2.4,95.0,846.7,19.3,0,9728,1158
2025-12-16 13:09:09,26.6,47.9,0.0,0.7,2.0,144.0,846.5,19.0,0,1993,444
2025-12-16 13:25:08,27.9,45.6,0.0,1.3,3.3,63.0,846.1,19.8,0,8404,1040
2025-12-16 13:40:17,28.2,45.9,0.0,1.0,2.6,55.0,845.9,20.0,0,2971,534
2025-12-16 13:56:03,25.9,47.7,0.0,1.1,2.0,84.0,845.8,18.4,0,3182,544
2025-12-16 14:12:00,26.2,46.1,0.0,1.6,2.6,75.0,845.5,18.4,0,5655,787
2025-12-16 14:27:05,28.3,44.8,0.0,0.5,1.1,115.0,845.3,20.0,0,5198,740
2025-12-16 14:42:14,27.5,45.0,0.0,0.1,0.4,75.0,845.1,19.3,0,2880,514
2025-12-16 14:57:20,27.5,43.5,0.0,0.4,2.8,88.0,844.9,19.0,0,2222,447
2025-12-16 15:12:58,26.7,44.7,0.0,0.2,1.2,101.0,844.9,18.6,0,2635,487
2025-12-16 15:28:03,26.2,45.8,0.0,0.5,1.1,100.0,844.9,18.4,0,3604,584
2025-12-16 15:43:08,27.7,42.8,0.0,0.3,0.9,70.0,844.8,19.1,0,5760,776
2025-12-16 15:59:01,28.3,43.6,0.0,0.8,2.2,92.0,844.8,19.7,0,5547,752
2025-12-16 16:14:07,26.3,47.5,0.0,0.5,1.5,106.0,844.9,18.7,0,5164,706
2025-12-16 16:29:11,25.7,49.5,0.0,0.4,3.1,71.0,845.0,18.5,0,2117,439
2025-12-16 16:44:16,26.5,47.4,0.0,0.7,2.4,85.0,845.3,18.9,0,2156,442
2025-12-16 16:59:21,26.5,46.9,0.0,0.8,3.1,82.0,845.2,18.8,0,3422,542
2025-12-16 17:14:26,26.4,47.9,0.0,0.7,2.2,93.0,845.4,18.9,0,1502,374
2025-12-16 17:29:31,25.2,50.0,0.0,1.2,2.8,74.0,845.4,18.2,0,1101,341
2025-12-16 17:44:57,24.5,51.0,0.0,0.2,1.1,85.0,845.8,17.7,0,714,305
2025-12-16 18:00:02,23.9,51.4,0.0,0.3,0.7,88.0,845.8,17.2,0,471,284
2025-12-16 18:15:06,23.3,54.3,0.0,0.0,0.0,88.0,845.9,17.2,0,383,273
2025-12-16 18:30:11,22.8,55.5,0.0,0.0,0.0,88.0,846.1,16.9,0,280,264
2025-12-16 18:45:16,22.3,58.8,0.0,0.1,0.7,88.0,846.3,16.9,0,255,261
2025-12-16 19:01:05,21.8,61.1,0.0,0.0,0.0,88.0,846.5,16.8,0,253,260
2025-12-16 19:16:11,21.4,63.9,0.0,0.0,0.0,88.0,846.6,16.8,0,254,261
2025-12-16 19:32:09,20.9,65.4,0.0,0.0,0.0,88.0,846.7,16.5,0,252,259
2025-12-16 19:47:15,20.6,67.5,0.0,0.0,0.0,88.0,847.0,16.5,0,254,260
2025-12-16 20:02:20,20.5,67.8,0.0,0.1,0.4,88.0,847.1,16.4,0,253,260
2025-12-16 20:18:08,20.5,69.1,0.0,0.0,0.0,88.0,847.3,16.6,0,253,260
2025-12-16 20:33:13,20.4,69.6,0.0,0.0,0.2,88.0,847.4,16.6,0,254,260
2025-12-16 20:49:01,20.4,69.5,0.0,0.2,0.7,88.0,847.5,16.6,0,254,259
2025-12-16 21:04:26,20.2,71.1,0.0,0.3,1.1,88.0,847.5,16.6,0,252,260
2025-12-16 21:19:31,19.9,72.5,0.0,0.0,0.0,88.0,847.7,16.5,0,253,261
2025-12-16 21:34:36,19.6,74.0,0.0,0.0,0.0,88.0,847.6,16.4,0,253,261
2025-12-16 21:49:40,19.2,76.5,0.0,0.0,0.0,88.0,847.7,16.3,0,254,260
2025-12-16 22:04:45,18.7,79.1,0.0,0.0,0.0,88.0,847.8,16.2,0,253,259
2025-12-16 22:19:55,18.4,80.6,0.0,0.0,0.0,88.0,847.8,16.0,0,254,259
2025-12-16 22:35:32,18.3,80.7,0.0,0.0,0.0,88.0,847.9,16.0,0,254,260
2025-12-16 22:51:06,18.3,80.3,0.0,0.0,0.2,88.0,847.7,16.0,0,253,260
2025-12-16 23:06:30,18.1,82.3,0.0,0.0,0.0,88.0,847.7,15.9,0,253,259
2025-12-16 23:22:14,17.7,83.7,0.0,0.0,0.2,88.0,847.8,15.8,0,253,262
2025-12-16 23:38:10,17.7,83.8,0.0,0.1,0.4,88.0,847.8,15.8,0,253,260
2025-12-16 23:53:30,17.6,83.8,0.0,0.1,0.4,88.0,847.8,15.7,0,252,262
2025-12-17 00:08:36,17.5,83.9,0.0,0.3,0.7,88.0,847.8,15.6,0,253,261
2025-12-17 00:23:58,17.6,84.0,0.0,0.0,0.0,88.0,847.7,15.7,0,254,259
2025-12-17 00:39:54,17.7,83.9,0.0,0.0,0.0,88.0,847.6,15.8,0,254,260
2025-12-17 00:55:00,17.8,83.9,0.0,0.0,0.0,88.0,847.4,15.9,0,253,260
2025-12-17 01:10:05,18.0,83.4,0.0,0.0,0.0,88.0,847.2,16.0,0,253,261
2025-12-17 01:25:09,18.3,82.3,0.0,0.0,0.0,88.0,847.0,16.1,0,253,259
2025-12-17 01:40:14,18.4,81.7,0.0,0.1,0.4,88.0,846.8,16.2,0,253,260
2025-12-17 01:55:37,18.4,81.5,0.0,0.1,0.4,88.0,846.7,16.2,0,254,261
2025-12-17 02:10:42,18.2,82.4,0.0,0.0,0.0,88.0,846.6,16.1,0,253,260
2025-12-17 02:25:47,18.0,83.1,0.0,0.0,0.0,88.0,846.4,16.0,0,253,260
2025-12-17 02:40:51,17.7,84.8,0.0,0.0,0.0,88.0,846.3,15.9,0,254,260
2025-12-17 02:55:57,17.4,85.8,0.0,0.0,0.0,88.0,846.5,15.7,0,253,259
2025-12-17 03:00:58,17.4,86.1,0.0,0.0,0.0,88.0,846.5,15.7,0,253,260
2025-12-17 03:16:03,17.3,86.5,0.0,0.0,0.2,88.0,846.4,15.7,0,254,260
2025-12-17 03:31:08,17.3,87.1,0.0,0.0,0.2,88.0,846.5,15.8,0,253,259
2025-12-17 03:46:13,17.3,87.3,0.0,0.0,0.0,88.0,846.6,15.8,0,254,260
2025-12-17 04:01:18,17.4,87.5,0.0,0.0,0.2,88.0,846.6,15.9,0,254,260
2025-12-17 04:16:50,18.0,84.3,0.0,0.1,0.4,88.0,846.6,16.2,0,254,260
2025-12-17 04:31:55,18.4,82.7,0.0,0.1,0.4,88.0,846.6,16.3,0,253,262
2025-12-17 04:47:00,18.3,83.0,0.0,0.0,0.0,88.0,846.6,16.3,0,253,262
2025-12-17 05:02:05,18.2,83.4,0.0,0.1,0.4,88.0,846.9,16.2,0,254,260
2025-12-17 05:17:10,18.1,84.4,0.0,0.1,0.2,88.0,847.2,16.2,0,254,260
2025-12-17 05:32:15,18.0,85.2,0.0,0.3,1.3,88.0,847.4,16.3,0,253,260
2025-12-17 05:47:19,18.0,85.9,0.0,0.0,0.2,88.0,847.6,16.3,0,254,260
2025-12-17 06:02:43,18.0,87.2,0.0,0.0,0.2,88.0,847.7,16.4,0,255,260
2025-12-17 06:17:48,17.9,88.0,0.0,0.0,0.3,88.0,847.8,16.5,0,273,260
2025-12-17 06:32:53,17.9,88.2,0.0,0.2,0.4,88.0,847.9,16.5,0,304,266
2025-12-17 06:47:58,17.9,88.4,0.0,0.1,0.9,88.0,848.1,16.5,0,447,279
2025-12-17 07:03:03,17.9,88.6,0.0,0.0,0.0,88.0,848.4,16.5,0,456,281
2025-12-17 07:18:08,18.2,88.0,0.0,0.3,0.7,88.0,848.5,16.7,0,795,314
2025-12-17 07:33:13,18.5,86.3,0.0,0.3,1.1,88.0,848.8,16.9,0,635,298
2025-12-17 07:48:18,18.8,85.3,0.0,0.7,1.5,88.0,849.0,17.0,0,1271,357
2025-12-17 08:03:23,19.3,83.0,0.0,1.0,2.2,88.0,849.1,17.2,0,1227,356
2025-12-17 08:18:48,19.2,83.4,0.0,0.3,0.9,88.0,849.4,17.2,0,1085,341
2025-12-17 08:33:53,20.1,80.6,0.0,0.0,0.2,88.0,849.3,17.7,0,3134,528
2025-12-17 08:48:58,21.4,74.5,0.0,0.8,1.7,88.0,849.4,18.1,0,1640,398
2025-12-17 09:04:03,21.5,74.0,0.0,0.6,2.0,88.0,849.4,18.2,0,2067,434
2025-12-17 09:19:08,21.0,73.9,0.0,0.9,2.2,88.0,849.5,17.7,0,1467,385
2025-12-17 09:34:10,22.1,71.3,0.0,0.7,1.7,88.0,849.5,18.4,0,6781,852
2025-12-17 09:49:16,21.9,69.9,0.0,0.6,1.7,88.0,849.4,18.0,0,1590,389
2025-12-17 10:04:20,22.7,66.5,0.0,1.5,2.6,88.0,849.4,18.3,0,6724,871
2025-12-17 10:19:25,22.8,65.9,0.0,0.2,0.7,88.0,849.3,18.3,0,2669,496
2025-12-17 10:34:31,23.2,62.9,0.0,0.4,1.7,88.0,849.2,18.3,0,8156,997
2025-12-17 10:49:54,24.2,57.8,0.0,0.2,0.7,88.0,849.0,18.5,0,8367,1024
2025-12-17 11:04:59,25.9,53.4,0.0,0.1,0.9,92.0,848.9,19.3,0,8196,1019
2025-12-17 11:20:00,25.8,52.9,0.0,0.6,2.0,88.0,848.7,19.1,0,8398,1027
2025-12-17 11:35:05,25.7,52.7,0.0,1.1,2.2,86.0,848.7,19.0,0,5632,777
2025-12-17 11:50:43,25.8,52.3,0.0,0.9,2.0,87.0,848.5,19.0,0,8393,1036
2025-12-17 12:05:56,26.3,48.3,0.0,0.1,0.4,87.0,848.2,18.9,0,9019,1087
2025-12-17 12:21:01,27.6,47.0,0.0,0.6,1.7,87.0,847.9,19.7,0,9487,1135
2025-12-17 12:36:06,28.1,45.7,0.0,0.6,2.2,85.0,847.8,20.0,0,7366,948
2025-12-17 12:51:10,26.7,45.5,0.0,0.8,1.7,20.0,847.5,18.7,0,9241,1100
2025-12-17 13:06:50,26.8,46.9,0.0,1.1,2.6,70.0,847.3,19.0,0,1815,420
2025-12-17 13:22:05,27.9,44.3,0.0,0.1,0.4,80.0,847.0,19.5,0,2602,496
2025-12-17 13:37:39,28.3,43.0,0.0,0.4,1.3,43.0,846.9,19.6,0,8095,1010
2025-12-17 13:53:08,29.0,41.5,0.0,0.2,0.7,81.0,846.5,19.9,0,7956,996
2025-12-17 14:08:13,29.2,40.2,0.0,0.8,1.7,100.0,846.3,19.8,0,7689,972
2025-12-17 14:23:18,28.7,41.8,0.0,0.2,0.9,132.0,846.1,19.7,0,7723,962
2025-12-17 14:38:23,28.1,42.5,0.0,0.6,1.5,72.0,846.1,19.4,0,4767,701
2025-12-17 14:53:27,29.6,39.8,0.0,1.0,3.3,119.0,845.8,20.1,0,6445,851
2025-12-17 15:08:46,29.9,38.3,0.0,0.6,1.3,68.0,845.6,20.0,0,5819,793
2025-12-17 15:24:27,30.0,35.6,0.0,1.9,4.1,72.0,845.4,19.6,0,5455,757
2025-12-17 15:39:44,30.1,38.2,0.0,0.9,2.4,138.0,845.5,20.2,0,4941,709
2025-12-17 15:55:16,29.2,37.8,0.0,1.9,3.7,80.0,845.5,19.4,0,4584,675
2025-12-17 16:10:20,29.2,38.4,0.0,0.6,2.0,131.0,845.4,19.5,0,3817,601
2025-12-17 16:25:25,30.2,37.6,0.0,0.5,1.1,68.0,845.5,20.2,0,3315,551
2025-12-17 16:41:17,29.9,36.2,0.0,1.9,3.9,50.0,845.4,19.6,0,2958,517
2025-12-17 16:56:22,29.6,39.0,0.0,1.8,2.8,89.0,845.4,19.9,0,2400,463
2025-12-17 17:11:23,28.5,40.1,0.0,2.0,3.3,86.0,845.3,19.2,0,1843,412
2025-12-17 17:26:35,27.2,41.9,0.0,1.5,2.6,78.0,845.5,18.5,0,528,298
2025-12-17 17:42:00,25.6,45.7,0.0,1.2,3.7,76.0,845.7,17.8,0,433,288
2025-12-17 17:57:11,25.0,48.7,0.0,0.8,1.7,65.0,846.0,17.8,0,439,285
2025-12-17 18:12:16,24.6,50.3,0.0,0.8,2.6,62.0,846.1,17.7,0,359,275
2025-12-17 18:27:21,24.2,52.0,0.0,0.8,2.4,74.0,846.5,17.6,0,290,266
2025-12-17 18:42:26,23.8,52.9,0.0,0.5,1.1,82.0,846.7,17.4,0,257,261
2025-12-17 18:57:32,23.5,53.6,0.0,0.3,1.3,75.0,846.9,17.2,0,253,260
2025-12-17 19:12:33,23.2,55.0,0.0,0.3,0.7,104.0,847.2,17.1,0,254,261
2025-12-17 19:27:38,22.7,56.8,0.0,0.1,0.2,89.0,847.5,17.0,0,254,260
2025-12-17 19:42:43,22.3,58.8,0.0,0.3,0.9,116.0,847.8,16.9,0,254,260
2025-12-17 19:57:48,22.0,60.6,0.0,0.2,0.7,67.0,848.1,16.9,0,254,260
2025-12-17 20:13:40,21.9,61.3,0.0,0.2,0.4,58.0,848.4,16.9,0,253,259
2025-12-17 20:29:01,21.5,62.9,0.0,0.2,0.4,76.0,848.7,16.8,0,252,261
2025-12-17 20:44:09,21.1,63.2,0.0,0.3,0.9,83.0,848.9,16.4,0,253,262
2025-12-17 20:59:19,20.8,64.4,0.0,0.0,0.2,67.0,849.1,16.3,0,254,260
2025-12-17 21:14:24,20.7,63.9,0.0,0.0,0.2,68.0,849.0,16.1,0,253,260
2025-12-17 21:30:18,20.4,64.8,0.0,0.0,0.0,70.0,849.0,16.0,0,253,259
2025-12-17 21:45:23,20.0,66.1,0.0,0.1,0.4,81.0,849.2,15.8,0,254,259
2025-12-17 22:01:12,19.7,67.6,0.0,0.2,0.4,83.0,849.3,15.7,0,254,260
2025-12-17 22:16:17,19.5,68.0,0.0,0.1,0.4,62.0,849.4,15.6,0,253,259
2025-12-17 22:32:14,19.4,68.4,0.0,0.2,0.4,61.0,849.5,15.5,0,253,261
2025-12-17 22:47:20,19.1,70.0,0.0,0.1,0.7,61.0,849.4,15.4,0,253,260
2025-12-17 23:02:25,18.9,72.1,0.0,0.0,0.0,61.0,849.2,15.5,0,254,260
2025-12-17 23:18:02,18.7,73.0,0.0,0.0,0.0,61.0,849.3,15.4,0,254,259
2025-12-17 23:33:51,18.9,72.6,0.0,0.0,0.0,124.0,849.2,15.6,0,253,260
2025-12-17 23:50:17,19.7,72.4,0.0,0.2,2.4,126.0,849.1,16.3,0,254,260
2025-12-18 00:05:22,20.3,71.6,0.0,0.7,1.5,55.0,849.0,16.7,0,254,260
2025-12-18 00:20:27,20.4,71.5,0.0,0.7,1.5,83.0,849.2,16.8,0,254,260
2025-12-18 00:35:32,20.4,71.5,0.0,0.2,0.7,83.0,849.1,16.8,0,254,261
2025-12-18 00:50:55,20.1,72.2,0.0,0.1,0.4,97.0,848.9,16.7,0,254,261
2025-12-18 01:06:00,19.6,73.6,0.0,0.0,0.0,97.0,848.9,16.4,0,254,259
2025-12-18 01:21:05,19.5,74.7,0.0,0.3,1.1,91.0,848.9,16.4,0,253,262
2025-12-18 01:36:10,19.6,75.3,0.0,0.2,0.9,63.0,848.7,16.6,0,254,259
2025-12-18 01:51:14,19.5,76.2,0.0,0.0,0.2,63.0,848.5,16.6,0,254,260
2025-12-18 02:06:19,19.4,76.5,0.0,0.0,0.0,120.0,848.4,16.5,0,254,262
2025-12-18 02:21:24,19.3,77.9,0.0,0.0,0.0,120.0,848.3,16.6,0,253,260
2025-12-18 02:36:29,19.3,79.6,0.0,0.0,0.2,120.0,848.3,16.8,0,254,261
2025-12-18 02:51:34,19.3,82.3,0.0,0.3,1.3,146.0,848.4,17.1,0,254,260
2025-12-18 03:00:36,19.2,83.1,0.0,0.1,0.7,146.0,848.5,17.1,0,253,261
2025-12-18 03:15:41,19.0,84.4,0.0,0.1,0.9,146.0,848.6,17.1,0,252,260
2025-12-18 03:31:05,18.8,85.3,0.0,0.1,0.2,146.0,848.8,17.0,0,254,260
2025-12-18 03:46:10,18.7,86.0,0.0,0.0,0.0,146.0,848.9,17.0,0,253,261
2025-12-18 04:01:15,18.7,86.7,0.0,0.3,1.1,146.0,849.0,17.1,0,253,260
2025-12-18 04:16:19,18.6,87.3,0.0,0.0,0.2,146.0,849.0,17.1,0,252,261
2025-12-18 04:31:24,18.6,87.6,0.0,0.0,0.0,146.0,849.0,17.1,0,255,259
2025-12-18 04:46:29,18.4,88.3,0.0,0.3,0.7,146.0,849.1,16.9,0,253,260
2025-12-18 05:01:34,18.1,88.8,0.0,0.1,0.2,146.0,849.4,16.7,0,253,260
2025-12-18 05:17:24,17.8,89.3,0.0,0.0,0.0,146.0,849.6,16.5,0,253,261
2025-12-18 05:32:30,17.9,90.3,0.0,0.5,0.9,145.0,849.6,16.7,0,254,260
2025-12-18 05:47:35,17.9,90.4,0.0,0.1,0.4,146.0,849.7,16.7,0,254,261
2025-12-18 06:02:40,17.7,90.4,0.0,0.1,0.4,146.0,849.9,16.6,0,254,260
2025-12-18 06:17:49,17.7,90.6,0.0,0.0,0.2,146.0,849.9,16.6,0,263,261
2025-12-18 06:33:36,17.7,90.5,0.0,0.1,0.2,146.0,850.0,16.6,0,294,267
2025-12-18 06:48:42,17.8,90.4,0.0,0.7,1.7,146.0,850.2,16.6,0,322,271
2025-12-18 07:03:47,18.0,89.9,0.0,0.5,1.1,146.0,850.3,16.7,0,414,279
2025-12-18 07:18:52,18.1,89.1,0.0,0.9,1.7,146.0,850.5,16.8,0,746,309
2025-12-18 07:33:56,18.6,86.6,0.0,0.6,1.1,146.0,850.7,16.9,0,907,328
2025-12-18 07:49:01,19.1,85.1,0.0,0.1,0.4,146.0,850.7,17.3,0,1801,405
2025-12-18 08:04:25,20.0,80.3,0.0,0.8,1.5,80.0,850.8,17.6,0,2223,448
2025-12-18 08:19:29,21.0,77.0,0.0,0.0,0.2,113.0,850.9,18.1,0,3639,570
2025-12-18 08:34:34,22.7,71.0,0.0,0.2,0.9,138.0,850.8,18.9,0,4385,637
2025-12-18 08:49:39,21.8,70.8,0.0,0.8,1.5,145.0,850.9,18.1,0,1748,406
2025-12-18 09:04:43,20.9,75.0,0.0,0.6,1.3,86.0,851.0,17.8,0,2021,427
2025-12-18 09:19:48,21.8,70.3,0.0,0.7,1.3,65.0,850.9,18.0,0,6528,836
2025-12-18 09:34:53,25.1,58.7,0.0,0.3,1.1,127.0,850.9,19.4,0,2049,438
2025-12-18 09:49:58,24.8,60.7,0.0,0.1,0.4,202.0,850.9,19.4,0,7092,900
2025-12-18 10:05:04,23.1,64.5,0.0,0.9,2.0,63.0,850.8,18.4,0,6740,871
2025-12-18 10:20:29,23.9,60.7,0.0,1.1,3.5,95.0,850.6,18.6,0,2842,524
2025-12-18 10:35:34,24.8,58.1,0.0,0.7,2.0,92.0,850.5,19.0,0,3909,625
2025-12-18 10:50:51,23.7,61.4,0.0,0.9,2.6,37.0,850.3,18.6,0,1916,419
2025-12-18 11:05:56,23.9,62.0,0.0,0.3,0.7,50.0,850.2,18.7,0,2706,493
2025-12-18 11:21:01,25.8,56.0,0.0,0.4,2.2,74.0,850.1,19.6,0,9103,1105
2025-12-18 11:36:06,26.0,54.7,0.0,1.0,1.7,66.0,849.9,19.6,0,1601,383
2025-12-18 11:51:11,23.7,62.3,0.0,0.8,2.0,46.0,849.8,18.6,0,1453,385
2025-12-18 12:06:33,24.1,61.0,0.0,0.8,1.7,60.0,849.6,18.9,0,9020,1091
2025-12-18 12:21:38,24.2,60.6,0.0,0.4,0.9,108.0,849.5,18.8,0,9639,1142
2025-12-18 12:36:43,26.8,53.3,0.0,0.6,2.0,124.0,849.1,20.1,0,10300,1209
2025-12-18 12:51:48,25.5,55.2,0.0,1.3,3.7,72.0,849.1,19.2,0,9324,1109
2025-12-18 13:07:43,26.6,52.5,0.0,1.6,2.8,54.0,848.7,19.8,0,8742,1062
2025-12-18 13:22:51,27.0,50.0,0.0,0.5,1.3,101.0,848.5,19.7,0,8224,1025
2025-12-18 13:37:54,28.1,47.3,0.0,1.1,3.7,43.0,848.2,20.2,0,8274,1029
2025-12-18 13:53:52,27.6,46.1,0.0,0.9,2.0,46.0,848.0,19.6,0,6049,826
2025-12-18 14:08:57,28.1,43.9,0.0,1.5,2.8,77.0,847.7,19.6,0,7669,967
2025-12-18 14:24:46,28.1,44.5,0.0,1.5,3.9,76.0,847.5,19.7,0,2848,528
2025-12-18 14:39:52,28.4,44.8,0.0,1.1,2.4,60.0,847.3,20.0,0,6857,892
2025-12-18 14:54:57,28.8,42.3,0.0,1.7,2.8,83.0,847.0,19.9,0,6245,835
2025-12-18 15:10:01,28.9,43.6,0.0,2.3,4.4,81.0,846.8,20.3,0,5866,797
2025-12-18 15:25:45,28.9,43.0,0.0,1.1,2.6,70.0,846.8,20.1,0,5411,751
2025-12-18 15:40:48,29.1,42.5,0.0,1.0,3.1,62.0,846.6,20.2,0,5129,721
2025-12-18 15:55:54,29.0,41.8,0.0,1.2,3.5,79.0,846.5,20.0,0,4399,657
2025-12-18 16:10:59,29.1,41.1,0.0,0.2,0.9,135.0,846.7,20.0,0,3893,604
2025-12-18 16:26:54,28.1,43.8,0.0,1.0,2.2,86.0,846.8,19.6,0,3273,546
2025-12-18 16:42:05,28.4,42.6,0.0,0.3,1.5,111.0,846.9,19.6,0,2864,506
2025-12-18 16:57:53,27.7,44.2,0.0,1.8,4.4,59.0,846.9,19.4,0,2135,439
2025-12-18 17:13:50,27.1,45.8,0.0,0.3,1.5,152.0,846.8,19.1,0,801,328
2025-12-18 17:29:49,25.4,50.2,0.0,0.8,1.5,77.0,847.0,18.4,0,559,304
2025-12-18 17:44:53,24.6,51.7,0.0,1.5,4.4,78.0,847.1,17.9,0,492,296
2025-12-18 17:59:58,24.1,53.9,0.0,1.0,2.3,90.0,847.4,17.8,0,445,286
2025-12-18 18:15:03,23.6,55.4,0.0,0.6,1.7,63.0,847.4,17.6,0,373,277
2025-12-18 18:30:16,23.2,56.2,0.0,1.1,2.4,67.0,847.6,17.4,0,286,265
2025-12-18 18:45:22,22.9,57.2,0.0,0.4,0.9,88.0,847.8,17.2,0,255,260
2025-12-18 19:01:00,22.5,58.8,0.0,0.5,1.2,79.0,848.0,17.1,0,253,259
2025-12-18 19:16:05,22.3,60.3,0.0,0.7,2.6,85.0,848.2,17.1,0,254,260
2025-12-18 19:31:50,22.0,62.0,0.0,0.3,0.7,75.0,848.5,17.1,0,253,260
2025-12-18 19:47:14,21.8,63.8,0.0,0.7,1.3,79.0,848.9,17.1,0,253,260
2025-12-18 20:02:20,21.3,65.8,0.0,0.2,0.4,81.0,849.1,17.0,0,253,261
2025-12-18 20:17:25,21.0,67.5,0.0,0.4,1.1,86.0,849.5,16.9,0,253,261
2025-12-18 20:32:30,21.0,68.0,0.0,0.3,0.4,63.0,849.9,17.0,0,253,260
2025-12-18 20:47:35,20.9,69.2,0.0,0.2,0.4,67.0,850.1,17.0,0,254,261
2025-12-18 21:02:40,20.4,70.6,0.0,0.0,0.2,95.0,850.3,16.7,0,254,258
2025-12-18 21:17:45,20.0,72.3,0.0,0.0,0.0,81.0,850.5,16.6,0,253,260
2025-12-18 21:32:50,19.8,72.7,0.0,0.0,0.2,72.0,850.6,16.5,0,254,260
2025-12-18 21:47:55,20.0,72.5,0.0,0.3,1.1,68.0,850.8,16.6,0,254,260
2025-12-18 22:03:18,20.1,72.4,0.0,0.0,0.0,95.0,850.9,16.7,0,253,259
2025-12-18 22:18:23,20.2,72.3,0.0,0.0,0.0,95.0,850.9,16.7,0,253,261
2025-12-18 22:33:33,20.0,72.9,0.0,0.6,1.5,84.0,850.9,16.7,0,253,260
2025-12-18 22:48:38,20.1,73.0,0.0,0.3,1.3,99.0,850.7,16.8,0,253,260
2025-12-18 23:03:43,20.1,73.6,0.0,0.2,0.4,111.0,850.7,16.8,0,253,260
2025-12-18 23:18:48,20.3,72.8,0.0,1.5,3.5,83.0,850.7,16.9,0,253,260
2025-12-18 23:33:53,20.4,72.6,0.0,0.5,0.9,71.0,850.6,16.9,0,252,260
2025-12-18 23:48:58,20.1,73.7,0.0,0.2,0.9,131.0,850.6,16.9,0,254,260
2025-12-19 00:04:24,20.0,74.6,0.0,0.3,0.7,85.0,850.5,16.8,0,253,261
2025-12-19 00:19:28,20.0,74.8,0.0,0.0,0.2,92.0,850.4,16.9,0,254,259
2025-12-19 00:34:33,20.0,75.0,0.0,1.2,2.0,80.0,850.3,16.9,0,255,260
2025-12-19 00:49:38,20.0,75.2,0.0,0.0,0.2,113.0,850.2,16.9,0,253,260
2025-12-19 01:04:43,19.9,75.8,0.0,0.4,0.9,102.0,850.1,16.9,0,254,261
2025-12-19 01:19:48,19.9,76.0,0.0,0.7,1.5,94.0,849.9,16.9,0,254,260
2025-12-19 01:34:53,19.6,77.0,0.0,0.2,1.3,135.0,849.7,16.8,0,254,261
2025-12-19 01:49:57,19.4,78.1,0.0,0.0,0.2,97.0,849.5,16.8,0,254,261
2025-12-19 02:05:02,19.4,79.0,0.0,0.0,0.2,114.0,849.4,16.8,0,253,261
2025-12-19 02:20:07,19.3,79.5,0.0,0.1,0.4,114.0,849.4,16.8,0,254,261
2025-12-19 02:35:32,19.2,79.8,0.0,0.2,0.9,113.0,849.3,16.8,0,253,260
2025-12-19 02:50:36,19.2,80.3,0.0,0.3,1.1,156.0,849.1,16.8,0,253,261
2025-12-19 03:00:03,19.0,80.7,0.0,0.0,0.2,113.0,849.2,16.7,0,254,259
2025-12-19 03:15:08,18.8,82.2,0.0,0.1,0.2,113.0,849.0,16.6,0,254,259
2025-12-19 03:30:32,18.6,83.4,0.0,0.6,1.3,93.0,849.0,16.6,0,253,261
2025-12-19 03:45:47,18.4,84.3,0.0,0.0,0.2,104.0,849.1,16.5,0,253,261
2025-12-19 04:00:52,18.1,85.7,0.0,0.0,0.0,112.0,849.3,16.4,0,254,260
2025-12-19 04:15:57,18.1,86.5,0.0,0.2,0.7,112.0,849.3,16.5,0,253,260
2025-12-19 04:31:02,18.1,86.8,0.0,0.6,1.5,90.0,849.4,16.5,0,254,260
2025-12-19 04:46:07,18.1,87.3,0.0,0.0,0.2,111.0,849.6,16.6,0,253,260
2025-12-19 05:01:11,18.0,87.3,0.0,0.2,0.7,128.0,849.6,16.5,0,254,260
2025-12-19 05:16:37,17.8,88.1,0.0,0.0,0.2,101.0,849.6,16.4,0,254,261
2025-12-19 05:31:42,17.6,88.8,0.0,0.2,0.4,88.0,849.9,16.3,0,254,259
2025-12-19 05:46:46,17.8,89.4,0.0,0.6,1.1,78.0,850.1,16.5,0,255,259
2025-12-19 06:01:51,17.7,89.4,0.0,0.1,0.4,116.0,850.3,16.4,0,253,259
2025-12-19 06:16:56,17.8,89.3,0.0,0.0,0.2,116.0,850.3,16.5,0,297,262
2025-12-19 06:32:49,17.6,89.7,0.0,0.1,0.7,116.0,850.5,16.4,0,305,264
2025-12-19 06:48:48,17.8,90.0,0.0,0.1,0.2,115.0,850.7,16.6,0,399,273
2025-12-19 07:03:54,18.0,88.9,0.0,0.8,1.3,77.0,850.7,16.6,0,611,292
2025-12-19 07:18:59,18.4,87.7,0.0,0.0,0.4,71.0,850.7,16.9,0,1061,334
2025-12-19 07:34:03,18.8,85.3,0.0,0.2,0.7,97.0,850.9,17.1,0,723,306
2025-12-19 07:49:08,18.8,84.8,0.0,0.5,1.3,85.0,851.1,17.0,0,1048,338
2025-12-19 08:04:13,19.1,83.7,0.0,0.2,0.9,96.0,851.1,17.2,0,1460,379
2025-12-19 08:19:18,19.6,80.7,0.0,1.1,2.2,73.0,851.1,17.2,0,2318,454
2025-12-19 08:34:23,20.6,76.9,0.0,0.9,2.0,79.0,851.0,17.7,0,2428,473
2025-12-19 08:49:48,20.3,77.1,0.0,0.8,2.0,53.0,851.1,17.4,0,1369,378
2025-12-19 09:04:52,20.5,77.5,0.0,0.5,1.1,67.0,851.2,17.7,0,1578,388
2025-12-19 09:19:57,21.1,73.2,0.0,1.1,2.6,74.0,851.1,17.7,0,1472,378
2025-12-19 09:35:02,20.4,76.5,0.0,0.2,1.1,105.0,851.3,17.5,0,1014,332
2025-12-19 09:50:07,20.6,75.3,0.0,1.0,3.1,76.0,851.1,17.5,0,1687,400
2025-12-19 10:05:12,20.5,75.8,0.0,0.8,1.5,70.0,851.0,17.5,0,2161,448
2025-12-19 10:20:15,21.2,72.8,0.0,0.4,1.3,89.0,850.9,17.7,0,2275,454
2025-12-19 10:35:20,21.5,69.7,0.0,0.0,0.2,149.0,850.7,17.6,0,3142,538
2025-12-19 10:50:25,22.6,67.1,0.0,0.0,0.0,142.0,850.5,18.3,0,2155,441
2025-12-19 11:05:30,22.5,66.5,0.0,0.7,1.3,76.0,850.3,18.1,0,1983,422
2025-12-19 11:21:11,22.9,63.5,0.0,1.1,2.8,85.0,850.2,18.1,0,9291,1109
2025-12-19 11:36:16,24.0,62.0,0.0,1.0,2.2,73.0,849.9,18.9,0,3022,522
2025-12-19 11:51:21,24.6,57.0,0.0,1.0,2.4,91.0,849.6,18.7,0,9347,1109
2025-12-19 12:06:26,24.9,58.7,0.0,0.6,1.7,81.0,849.6,19.2,0,3346,576
2025-12-19 12:21:31,25.0,55.8,0.0,1.1,2.2,85.0,849.4,18.8,0,8333,1032
2025-12-19 12:37:21,25.6,54.3,0.0,0.6,1.3,33.0,849.1,19.2,0,3145,545
2025-12-19 12:53:15,26.4,51.7,0.0,1.0,2.4,84.0,848.6,19.5,0,9177,1097
2025-12-19 13:09:01,25.5,52.8,0.0,0.1,0.4,86.0,848.6,18.9,0,8816,1067
2025-12-19 13:24:30,27.0,48.9,0.0,0.6,2.2,35.0,848.3,19.5,0,8232,1015
2025-12-19 13:39:38,26.3,49.3,0.0,1.0,2.0,87.0,848.1,19.0,0,8414,1034
2025-12-19 13:55:13,27.9,47.4,0.0,1.0,2.4,82.0,847.9,20.0,0,7586,956
2025-12-19 14:10:15,27.2,47.0,0.0,2.2,4.8,74.0,847.6,19.4,0,2620,505
2025-12-19 14:25:20,27.4,48.5,0.0,1.5,3.1,62.0,847.4,19.8,0,6627,868
2025-12-19 14:40:25,27.5,47.7,0.0,1.4,3.5,90.0,847.4,19.7,0,6221,828
2025-12-19 14:55:30,27.4,44.7,0.0,2.4,4.6,87.0,847.0,19.1,0,5912,798
2025-12-19 15:11:04,27.9,45.7,0.0,1.7,3.5,86.0,846.9,19.7,0,5210,732
2025-12-19 15:27:24,26.4,49.8,0.0,0.6,1.3,77.0,846.7,19.2,0,4861,696
2025-12-19 15:42:29,27.0,47.8,0.0,0.4,1.0,124.0,846.5,19.4,0,3744,595
2025-12-19 15:57:34,26.9,48.3,0.0,0.8,2.2,120.0,846.4,19.4,0,2840,509
2025-12-19 16:13:06,26.6,50.8,0.0,0.1,0.4,124.0,846.4,19.5,0,3061,528
2025-12-19 16:29:05,26.9,48.4,0.0,0.7,2.4,107.0,846.4,19.4,0,3385,556
2025-12-19 16:44:09,27.2,48.3,0.0,1.6,3.5,74.0,846.5,19.6,0,2762,498
2025-12-19 16:59:14,26.6,50.7,0.0,1.3,2.2,67.0,846.4,19.5,0,3049,515
2025-12-19 17:14:19,27.4,50.4,0.0,0.5,2.0,118.0,846.7,20.1,0,1693,402
2025-12-19 17:30:08,24.8,55.9,0.0,1.3,3.3,77.0,846.8,18.7,0,935,330
2025-12-19 17:45:12,23.9,58.8,0.0,1.1,2.0,58.0,846.8,18.4,0,865,322
2025-12-19 18:00:16,23.3,60.1,0.0,0.5,1.1,112.0,846.7,18.0,0,620,300
2025-12-19 18:15:21,22.9,62.8,0.0,0.6,1.7,95.0,846.8,18.0,0,390,275
2025-12-19 18:30:27,22.3,63.0,0.0,0.2,1.1,134.0,847.1,17.5,0,288,265
2025-12-19 18:45:34,21.9,65.5,0.0,0.2,0.9,66.0,847.1,17.5,0,256,261
2025-12-19 19:01:34,21.7,67.5,0.0,1.7,2.8,75.0,847.6,17.6,0,253,260
2025-12-19 19:17:30,21.6,68.8,0.0,0.2,0.9,66.0,847.8,17.6,0,253,260
2025-12-19 19:32:57,21.3,69.7,0.0,0.5,1.0,81.0,848.0,17.4,0,253,260
2025-12-19 19:48:44,21.0,70.3,0.0,0.0,0.4,67.0,848.3,17.3,0,254,262
2025-12-19 20:04:26,20.8,71.3,0.0,0.1,0.4,78.0,848.3,17.2,0,253,259
2025-12-19 20:22:14,20.4,72.7,0.0,0.0,0.2,112.0,848.6,17.0,0,253,261
2025-12-19 20:38:04,20.1,73.6,0.0,0.1,0.4,109.0,848.8,16.8,0,254,260
2025-12-19 20:53:04,19.9,74.0,0.0,0.8,1.7,75.0,849.0,16.7,0,254,260
2025-12-19 21:08:12,20.1,73.1,0.0,0.1,0.2,93.0,849.1,16.8,0,252,261
2025-12-19 21:24:08,20.1,73.8,0.0,0.0,0.0,99.0,849.2,16.8,0,254,260
2025-12-19 21:39:10,19.6,75.5,0.0,0.1,0.4,92.0,849.2,16.6,0,254,260
2025-12-19 21:54:57,19.6,75.9,0.0,0.0,0.0,59.0,849.3,16.7,0,253,261
2025-12-19 22:10:14,19.5,78.0,0.0,0.0,0.0,59.0,849.4,16.8,0,253,261
2025-12-19 22:25:41,19.5,77.6,0.0,0.0,0.0,59.0,849.4,16.8,0,254,260
2025-12-19 22:41:17,19.6,77.3,0.0,0.1,0.7,59.0,849.5,16.8,0,254,260
2025-12-19 22:57:04,19.3,82.6,0.2,0.0,0.0,59.0,849.4,17.2,0,254,261
2025-12-19 23:12:05,18.7,85.5,0.6000000000000001,0.0,0.4,58.0,849.3,16.9,0,253,259
2025-12-19 23:27:47,18.4,87.7,0.0,0.0,0.0,53.0,849.3,16.9,0,253,261
2025-12-19 23:43:39,18.2,89.1,0.0,0.0,0.0,53.0,849.2,16.9,0,253,260
2025-12-19 23:59:33,17.8,89.3,0.0,0.0,0.0,53.0,849.1,16.6,0,255,260
2025-12-20 00:15:29,17.5,90.2,0.0,0.0,0.2,52.0,849.1,16.4,0,253,261
2025-12-20 00:30:31,17.4,90.3,0.0,0.0,0.0,53.0,849.1,16.2,0,253,261
2025-12-20 00:46:03,17.3,90.7,0.0,0.0,0.0,53.0,848.9,16.2,0,254,260
2025-12-20 01:01:16,17.2,90.9,0.0,0.0,0.0,53.0,848.5,16.2,0,255,259
2025-12-20 01:16:39,17.2,91.2,0.0,0.0,0.0,53.0,848.4,16.1,0,252,260
2025-12-20 01:31:39,17.1,91.2,0.0,0.0,0.0,53.0,848.3,16.1,0,253,260
2025-12-20 01:47:20,16.9,91.2,0.19999999999999996,0.0,0.0,53.0,848.2,15.9,0,253,262
2025-12-20 02:02:21,16.9,91.7,0.0,0.0,0.2,53.0,847.9,15.9,0,254,261
2025-12-20 02:17:26,16.7,91.7,0.0,0.0,0.0,53.0,847.6,15.7,0,254,260
2025-12-20 02:32:31,16.6,91.8,0.0,0.0,0.0,53.0,847.6,15.6,0,253,262
2025-12-20 02:47:36,16.5,91.9,0.0,0.0,0.0,53.0,847.5,15.5,0,254,261
2025-12-20 03:00:40,16.6,92.3,0.0,0.0,0.0,53.0,847.5,15.7,0,253,260
2025-12-20 03:15:45,16.6,92.5,0.0,0.0,0.0,53.0,847.2,15.7,0,254,259
2025-12-20 03:30:50,16.6,92.6,0.0,0.0,0.0,53.0,847.3,15.8,0,253,258
2025-12-20 03:45:55,16.6,92.7,0.0,0.0,0.0,53.0,847.1,15.7,0,253,259
2025-12-20 04:01:19,16.4,92.6,0.0,0.0,0.0,53.0,847.2,15.5,0,253,260
2025-12-20 04:16:24,16.2,92.6,0.0,0.0,0.0,53.0,847.4,15.3,0,253,260
2025-12-20 04:31:28,16.1,92.7,0.0,0.0,0.0,53.0,847.5,15.3,0,253,260
2025-12-20 04:46:33,16.1,92.9,0.0,0.0,0.0,53.0,847.7,15.2,0,254,261
2025-12-20 05:01:39,16.3,93.1,0.0,0.0,0.0,53.0,847.7,15.5,0,253,259
2025-12-20 05:16:44,16.5,93.2,0.0,0.0,0.2,52.0,847.6,15.7,0,252,259
2025-12-20 05:31:49,16.7,93.3,0.0,0.0,0.2,110.0,847.7,15.9,0,254,261
2025-12-20 05:46:54,16.7,93.3,0.0,0.1,0.4,135.0,847.7,15.9,0,253,260
2025-12-20 06:01:59,16.7,93.3,0.0,0.0,0.0,135.0,847.9,15.9,0,254,260
2025-12-20 06:17:24,16.9,93.4,0.0,0.1,0.7,135.0,848.2,16.1,0,264,261
2025-12-20 06:32:29,16.8,93.3,0.0,0.0,0.0,135.0,848.2,16.0,0,298,266
2025-12-20 06:47:35,16.9,93.2,0.0,0.0,0.0,135.0,848.3,16.1,0,473,280
2025-12-20 07:02:40,17.0,93.1,0.0,0.2,0.4,135.0,848.5,16.2,0,530,286
2025-12-20 07:17:45,17.2,93.1,0.0,0.8,1.1,135.0,848.8,16.3,0,652,299
2025-12-20 07:32:50,17.5,93.0,0.0,0.3,0.7,135.0,849.0,16.7,0,891,321
2025-12-20 07:47:55,17.5,92.4,0.0,0.0,0.0,135.0,849.0,16.6,0,1194,352
2025-12-20 08:03:00,17.6,91.3,0.0,0.3,0.9,70.0,849.1,16.5,0,835,317
2025-12-20 08:18:05,17.9,91.3,0.0,0.1,0.7,63.0,849.2,16.9,0,2407,461
2025-12-20 08:33:35,18.7,88.0,0.0,0.1,0.2,17.0,849.2,17.2,0,1286,358
2025-12-20 08:48:40,19.2,86.5,0.0,0.5,0.8,77.0,849.1,17.6,0,3449,558
2025-12-20 09:03:45,20.2,79.2,0.0,0.5,1.3,57.0,849.2,17.7,0,3453,551
2025-12-20 09:18:50,21.9,73.8,0.0,0.2,0.7,58.0,849.2,18.6,0,3038,529
2025-12-20 09:33:55,21.4,73.8,0.0,0.8,2.2,84.0,849.2,18.0,0,1657,391
2025-12-20 09:49:04,21.2,74.4,0.0,0.2,0.7,134.0,849.2,17.9,0,6098,790
2025-12-20 10:04:41,22.6,67.7,0.0,0.6,1.7,143.0,849.1,18.4,0,6398,830
2025-12-20 10:19:46,24.2,61.6,0.0,0.6,1.3,93.0,849.0,19.0,0,2316,454
2025-12-20 10:35:27,23.1,64.5,0.0,0.2,0.9,44.0,848.8,18.4,0,1749,402
2025-12-20 10:52:25,22.5,64.9,0.0,0.5,1.5,93.0,848.6,18.0,0,2115,438
2025-12-20 11:07:30,24.1,59.3,0.0,1.6,3.1,78.0,848.3,18.6,0,7884,982
2025-12-20 11:22:38,25.6,53.4,0.0,0.9,2.4,154.0,848.0,19.0,0,2559,509
2025-12-20 11:37:42,25.4,55.5,0.0,0.1,0.2,35.0,847.9,19.2,0,2913,525
2025-12-20 11:53:38,24.8,53.7,0.0,0.6,1.3,51.0,848.0,18.4,0,2396,478
2025-12-20 12:08:44,25.2,53.6,0.0,0.8,1.3,155.0,847.8,18.7,0,8511,1037
2025-12-20 12:23:49,26.2,50.5,0.0,1.3,3.3,61.0,847.7,19.1,0,9265,1115
2025-12-20 12:38:54,26.5,47.3,0.0,1.7,3.3,81.0,847.6,18.9,0,1970,434
2025-12-20 12:53:59,25.9,48.9,0.0,1.4,2.4,63.0,847.4,18.6,0,1887,426
2025-12-20 13:09:08,26.5,47.0,0.0,2.1,4.6,75.0,847.1,18.8,0,8745,1073
2025-12-20 13:25:05,27.5,47.2,0.0,0.7,1.3,50.0,846.7,19.6,0,8501,1042
2025-12-20 13:40:42,27.6,47.8,0.0,0.5,1.5,79.0,846.5,19.9,0,7930,988
2025-12-20 13:56:05,26.2,48.2,0.2,0.5,1.1,43.0,846.1,18.8,0,7870,975
2025-12-20 14:12:02,27.5,46.1,0.0,1.4,2.4,75.0,845.9,19.5,0,7075,908
2025-12-20 14:28:01,28.5,44.8,0.0,1.2,2.0,79.0,845.5,20.1,0,6657,870
2025-12-20 14:43:59,28.9,43.3,0.0,0.8,2.4,101.0,845.3,20.2,0,5604,767
2025-12-20 14:59:42,28.4,43.3,0.0,1.4,2.2,66.0,845.1,19.7,0,5948,800
2025-12-20 15:15:07,27.3,45.4,0.0,0.8,1.7,95.0,844.9,19.2,0,4102,629
2025-12-20 15:30:55,27.9,42.9,0.0,1.0,2.4,57.0,844.7,19.3,0,5303,742
2025-12-20 15:46:33,29.7,42.2,0.0,0.5,1.3,87.0,844.7,20.6,0,2618,495
2025-12-20 16:01:33,27.8,43.6,0.0,0.6,2.2,107.0,844.7,19.3,0,2838,513
2025-12-20 16:17:26,27.2,45.8,0.0,0.5,1.5,169.0,844.6,19.2,0,1616,392
2025-12-20 16:32:27,26.4,46.6,0.0,1.2,2.2,91.0,844.7,18.7,0,1219,357
2025-12-20 16:47:43,25.6,48.6,0.0,0.1,0.4,153.0,844.7,18.3,0,1021,338
2025-12-20 17:03:43,25.4,49.5,0.0,0.0,0.2,169.0,844.7,18.3,0,1263,361
2025-12-20 17:19:14,25.1,53.7,0.0,0.2,0.8,134.0,844.6,18.6,0,865,327
2025-12-20 17:34:48,24.4,55.8,0.0,0.2,0.7,162.0,844.6,18.4,0,555,300
2025-12-20 17:50:11,24.2,54.0,0.0,0.1,0.2,132.0,844.6,17.9,0,633,302
2025-12-20 18:08:17,24.3,53.0,0.0,0.4,1.7,50.0,845.0,17.8,0,455,283
2025-12-20 18:23:36,23.8,56.5,0.0,0.5,2.0,119.0,845.3,17.9,0,371,273
2025-12-20 18:38:52,22.6,63.7,0.0,0.2,1.1,141.0,845.6,17.9,0,265,260
2025-12-20 18:54:31,21.8,69.0,0.0,0.7,2.2,122.0,845.9,17.8,0,253,260
2025-12-20 19:09:39,21.5,69.6,0.0,0.3,1.0,123.0,846.1,17.6,0,254,259
2025-12-20 19:24:39,21.2,71.2,0.0,0.1,0.7,213.0,846.4,17.6,0,253,260
2025-12-20 19:40:32,21.0,71.2,0.0,0.4,1.3,261.0,846.8,17.3,0,254,262
2025-12-20 19:56:11,20.7,71.6,0.0,0.7,1.3,115.0,847.0,17.2,0,252,261
2025-12-20 20:11:56,20.5,72.8,0.0,0.1,0.4,46.0,847.3,17.1,0,253,261
2025-12-20 20:27:20,20.4,73.5,0.0,0.1,0.4,47.0,847.6,17.1,0,254,261
2025-12-20 20:42:47,20.1,74.3,0.0,0.5,1.5,81.0,847.6,17.0,0,253,261
2025-12-20 20:57:49,19.9,75.6,0.0,0.0,0.0,94.0,847.9,16.9,0,254,260
2025-12-20 21:13:11,19.7,77.0,0.0,0.0,0.0,94.0,848.0,16.9,0,253,261
2025-12-20 21:28:45,19.6,78.2,0.0,0.0,0.0,94.0,848.0,16.9,0,254,261
2025-12-20 21:43:57,19.4,78.8,0.0,0.0,0.0,94.0,848.0,16.8,0,253,260
2025-12-20 21:59:39,19.1,79.4,0.0,0.0,0.0,94.0,848.1,16.6,0,253,260
2025-12-20 22:14:58,19.1,79.6,0.0,0.0,0.0,94.0,848.2,16.7,0,253,261
2025-12-20 22:30:09,19.4,78.7,0.0,0.3,0.7,94.0,848.2,16.7,0,254,259
2025-12-20 22:45:32,19.2,79.0,0.0,0.0,0.0,94.0,848.2,16.7,0,254,260
2025-12-20 23:00:46,19.2,79.4,0.0,0.0,0.2,94.0,848.1,16.7,0,253,262
2025-12-20 23:16:11,19.0,80.2,0.0,0.0,0.0,94.0,848.0,16.6,0,255,260
2025-12-20 23:31:31,18.9,80.8,0.0,0.0,0.0,94.0,848.1,16.5,0,253,260
2025-12-20 23:46:41,18.9,80.8,0.0,0.1,0.4,83.0,848.1,16.6,0,252,260
2025-12-21 00:02:01,19.0,80.6,0.0,0.2,0.4,97.0,848.1,16.7,0,253,260
2025-12-21 00:17:26,19.0,80.7,0.0,0.3,0.9,96.0,848.1,16.6,0,254,261
2025-12-21 00:33:01,18.9,81.2,0.0,0.1,0.7,89.0,848.0,16.6,0,253,259
2025-12-21 00:48:18,18.8,81.8,0.0,0.0,0.2,96.0,847.7,16.6,0,253,261
2025-12-21 01:04:16,18.5,83.1,0.0,0.0,0.0,96.0,847.5,16.5,0,254,260
2025-12-21 01:19:44,18.3,84.4,0.0,0.2,1.1,96.0,847.5,16.4,0,253,261
2025-12-21 01:34:49,18.3,84.6,0.0,0.1,0.4,96.0,847.3,16.5,0,253,259
2025-12-21 01:49:59,18.4,84.4,0.0,0.0,0.0,96.0,847.2,16.5,0,254,260
2025-12-21 02:05:58,18.2,84.6,0.0,0.0,0.0,48.0,847.1,16.4,0,252,259
2025-12-21 02:21:18,18.0,85.7,0.0,0.0,0.2,48.0,847.0,16.3,0,253,259
2025-12-21 02:37:16,18.0,85.7,0.0,0.0,0.0,48.0,847.0,16.3,0,253,260
2025-12-21 02:53:17,18.0,86.0,0.0,0.0,0.2,48.0,847.1,16.3,0,253,260
2025-12-21 03:00:19,18.0,86.1,0.0,0.0,0.2,48.0,847.0,16.3,0,252,260
2025-12-21 03:15:24,17.9,86.3,0.0,0.0,0.0,48.0,847.1,16.3,0,253,261
2025-12-21 03:30:29,18.1,85.2,0.0,0.3,0.7,48.0,847.1,16.4,0,254,261
2025-12-21 03:45:34,18.4,84.0,0.0,0.1,0.4,48.0,847.2,16.5,0,254,259
2025-12-21 04:01:00,18.6,83.0,0.0,0.3,1.3,72.0,847.3,16.6,0,253,260
2025-12-21 04:16:05,18.6,83.4,0.0,0.3,0.9,45.0,847.4,16.6,0,254,259
2025-12-21 04:31:10,18.4,84.7,0.0,0.2,0.7,45.0,847.4,16.6,0,253,260
2025-12-21 04:46:15,18.2,86.3,0.0,0.5,1.1,96.0,847.6,16.6,0,253,260
2025-12-21 05:01:20,18.1,87.9,0.0,0.2,0.4,97.0,847.7,16.7,0,254,260
2025-12-21 05:16:25,18.1,88.5,0.0,0.1,0.2,97.0,847.9,16.7,0,253,260
2025-12-21 05:31:31,18.1,88.5,0.0,0.4,0.9,92.0,847.9,16.7,0,254,262
2025-12-21 05:46:36,18.0,88.4,0.0,0.2,1.1,84.0,848.0,16.7,0,253,260
2025-12-21 06:02:21,18.0,88.5,0.0,0.1,0.2,50.0,847.9,16.6,0,255,259
2025-12-21 06:17:37,18.0,88.8,0.0,0.1,0.4,71.0,848.0,16.6,0,259,260
2025-12-21 06:32:42,18.0,88.9,0.0,0.2,0.7,49.0,848.1,16.6,0,279,263
2025-12-21 06:48:06,18.0,88.8,0.0,0.0,0.4,120.0,848.3,16.7,0,365,269
2025-12-21 07:03:13,17.9,89.8,0.6000000000000001,0.4,0.8,104.0,848.5,16.7,0,604,289
2025-12-21 07:18:18,18.1,90.3,0.0,1.2,2.8,95.0,848.6,17.0,0,641,296
2025-12-21 07:33:23,18.3,90.2,0.0,0.7,2.0,78.0,848.7,17.1,0,1505,375
2025-12-21 07:48:29,18.7,88.5,0.0,0.3,0.7,103.0,848.9,17.3,0,1030,333
2025-12-21 08:03:33,18.8,85.9,0.0,0.6,2.4,76.0,848.9,17.1,0,772,319
2025-12-21 08:18:39,18.6,86.9,0.0,0.2,1.1,116.0,849.0,17.0,0,1435,378
2025-12-21 08:33:44,19.2,85.0,0.0,1.1,2.0,39.0,849.0,17.4,0,5623,736
2025-12-21 08:48:49,20.3,79.0,0.0,0.7,2.2,109.0,849.1,17.7,0,1088,348
2025-12-21 09:04:12,19.4,82.1,0.0,0.0,0.4,107.0,849.2,17.2,0,1037,345
2025-12-21 09:19:17,19.2,84.3,0.0,0.2,0.7,125.0,849.3,17.3,0,6884,861
2025-12-21 09:34:22,20.6,79.0,0.0,0.2,0.7,77.0,849.2,18.0,0,1814,410
2025-12-21 09:49:28,20.5,80.1,0.0,0.2,0.7,54.0,849.2,18.1,0,814,313
2025-12-21 10:04:33,19.8,82.2,0.0,0.3,0.7,61.0,849.3,17.6,0,1139,343
2025-12-21 10:19:39,18.5,84.3,0.0,0.0,0.2,48.0,849.4,16.6,0,1904,423
2025-12-21 10:35:22,17.9,86.5,0.2,0.3,1.1,48.0,849.4,16.2,0,900,328
2025-12-21 10:50:33,18.0,88.9,0.0,0.6,1.5,48.0,849.3,16.7,0,1402,384
2025-12-21 11:05:38,18.6,87.6,0.0,0.4,0.9,48.0,849.2,17.1,0,770,313
2025-12-21 11:20:57,18.8,87.9,0.39999999999999997,0.5,1.7,38.0,849.0,17.3,0,1623,393
2025-12-21 11:36:15,19.3,84.2,0.0,0.6,2.2,78.0,848.9,17.4,0,1202,350
2025-12-21 11:51:20,20.1,80.9,0.0,0.0,0.0,32.0,848.6,17.7,0,1258,368
2025-12-21 12:06:25,21.9,72.4,0.0,1.0,2.2,80.0,848.3,18.4,0,2256,458
2025-12-21 12:21:45,23.1,65.6,0.0,0.9,2.0,36.0,847.9,18.6,0,9195,1093
2025-12-21 12:36:50,24.9,62.7,0.0,0.6,1.3,126.0,847.6,19.8,0,4094,636
2025-12-21 12:52:14,23.3,64.2,0.0,1.0,1.5,101.0,847.5,18.6,0,9903,1164
2025-12-21 13:07:19,23.5,64.9,0.0,0.1,0.5,11.0,847.3,18.8,0,3034,532
2025-12-21 13:23:52,22.8,72.0,0.20000000000000007,0.3,1.3,65.0,847.2,19.1,0,1117,344
2025-12-21 13:39:43,21.1,82.1,0.5999999999999999,0.0,0.2,118.0,847.1,18.8,0,2523,476
2025-12-21 13:55:34,19.1,85.4,2.4,0.1,0.7,198.0,847.2,17.4,0,953,332
2025-12-21 14:11:13,18.5,88.1,2.8,0.6,1.5,83.0,847.2,17.1,0,1765,412
2025-12-21 14:26:16,18.9,88.3,0.8000000000000007,0.0,0.4,131.0,846.9,17.5,0,1940,426
2025-12-21 14:41:41,20.4,88.8,0.1999999999999993,0.1,0.4,131.0,846.5,19.0,0,8345,1014
2025-12-21 14:57:00,22.9,72.8,0.0,0.2,1.5,182.0,846.3,19.4,0,1892,422
2025-12-21 15:13:00,19.7,88.1,4.0,0.0,0.0,136.0,846.3,18.3,0,4134,635
2025-12-21 15:28:10,22.8,75.4,0.0,0.4,1.1,136.0,846.1,19.6,0,6197,819
2025-12-21 15:43:56,26.9,63.3,0.0,0.2,0.7,136.0,845.6,21.7,0,3637,587
2025-12-21 15:59:28,26.3,60.4,0.0,0.3,0.9,45.0,845.6,20.7,0,1466,392
2025-12-21 16:15:05,27.2,55.1,0.0,1.1,3.1,115.0,845.5,20.7,0,2129,441
2025-12-21 16:30:40,23.8,63.7,0.0,0.5,2.2,109.0,845.5,18.9,0,974,342
2025-12-21 16:46:10,23.3,67.0,0.0,0.8,1.5,70.0,845.6,18.9,0,647,312
2025-12-21 17:01:42,22.3,69.7,0.0,1.4,2.8,83.0,845.7,18.4,0,2375,456
2025-12-21 17:17:29,21.8,68.6,0.0,1.0,2.8,89.0,845.9,17.8,0,556,302
2025-12-21 17:33:08,21.0,68.8,0.0,0.8,2.8,74.0,846.0,17.1,0,578,300
2025-12-21 17:48:40,20.9,68.4,0.0,0.3,0.7,66.0,846.3,17.0,0,445,287
2025-12-21 18:04:18,20.5,69.2,0.0,0.9,2.6,80.0,846.6,16.6,0,387,279
2025-12-21 18:19:46,20.1,73.0,0.0,0.3,0.9,135.0,846.8,16.7,0,325,271
2025-12-21 18:35:33,19.7,75.3,0.0,0.2,0.7,86.0,847.0,16.7,0,268,261
2025-12-21 18:50:54,19.5,76.8,0.0,0.2,1.1,163.0,847.2,16.7,0,255,261
2025-12-21 19:06:05,19.4,78.5,0.0,0.1,0.7,161.0,847.4,16.8,0,254,261
2025-12-21 19:21:24,19.3,79.2,0.0,0.5,2.2,117.0,847.6,16.7,0,254,261
2025-12-21 19:36:39,19.1,80.3,0.0,0.2,1.5,88.0,847.7,16.7,0,253,261
2025-12-21 19:52:01,19.0,80.8,0.0,0.0,0.0,113.0,847.9,16.7,0,253,261
2025-12-21 20:07:04,18.7,83.5,0.0,0.0,0.0,113.0,848.0,16.7,0,253,260
2025-12-21 20:23:00,18.3,85.3,0.0,0.0,0.0,113.0,848.2,16.5,0,254,261
2025-12-21 20:38:08,18.0,87.4,0.0,0.0,0.0,113.0,848.4,16.5,0,253,260
2025-12-21 20:53:57,17.6,88.4,0.0,0.0,0.0,113.0,848.6,16.2,0,253,261
2025-12-21 21:09:44,17.3,89.9,0.0,0.0,0.0,113.0,848.8,16.1,0,253,260
2025-12-21 21:25:23,17.0,90.2,0.0,0.0,0.0,113.0,848.6,15.8,0,253,260
2025-12-21 21:40:51,17.0,90.9,0.0,0.0,0.0,113.0,848.7,15.9,0,252,261
2025-12-21 21:56:49,16.9,91.3,0.0,0.0,0.0,113.0,848.7,15.9,0,253,260
2025-12-21 22:12:02,16.9,91.7,0.0,0.0,0.0,113.0,848.7,16.0,0,254,260
2025-12-21 22:27:41,16.8,91.8,0.0,0.0,0.0,113.0,848.9,15.8,0,254,260
2025-12-21 22:43:18,16.6,92.1,0.0,0.0,0.0,113.0,848.6,15.7,0,254,260
2025-12-21 22:58:23,16.5,92.2,0.0,0.0,0.0,113.0,848.6,15.5,0,253,260
2025-12-21 23:13:33,16.3,92.3,0.0,0.0,0.0,113.0,848.6,15.4,0,255,261
2025-12-21 23:28:41,16.3,92.4,0.0,0.0,0.0,113.0,848.6,15.4,0,253,259
2025-12-21 23:43:50,16.2,92.6,0.0,0.0,0.0,113.0,848.6,15.4,0,254,260
2025-12-21 23:59:27,16.1,92.8,0.0,0.0,0.0,113.0,848.5,15.2,0,254,260
2025-12-22 00:16:23,16.0,92.9,0.0,0.0,0.0,113.0,848.4,15.1,0,253,259
2025-12-22 00:32:21,15.9,93.1,0.0,0.0,0.0,113.0,848.3,15.1,0,253,259
2025-12-22 00:47:58,15.8,93.2,0.0,0.0,0.0,113.0,848.2,15.0,0,255,259
2025-12-22 01:03:20,15.7,93.2,0.0,0.0,0.0,113.0,848.0,14.9,0,254,259
2025-12-22 01:19:05,15.6,93.4,0.0,0.0,0.0,113.0,847.8,14.8,0,255,258
2025-12-22 01:34:36,15.5,93.4,0.0,0.0,0.0,113.0,847.6,14.8,0,252,260
2025-12-22 01:50:14,15.4,93.5,0.0,0.0,0.0,113.0,847.5,14.6,0,253,261
2025-12-22 02:06:09,15.3,93.6,0.0,0.0,0.0,113.0,847.4,14.5,0,253,259
2025-12-22 02:22:01,15.2,93.7,0.0,0.1,0.4,113.0,847.3,14.5,0,253,259
2025-12-22 02:37:06,15.3,93.8,0.0,0.1,0.2,113.0,847.3,14.5,0,254,260
2025-12-22 02:52:24,15.3,93.8,0.0,0.2,0.4,113.0,847.2,14.6,0,253,261
2025-12-22 03:00:27,15.3,93.9,0.0,0.3,0.5,113.0,847.2,14.6,0,254,260
2025-12-22 03:15:32,15.2,93.9,0.0,0.2,0.5,113.0,847.3,14.5,0,253,261
2025-12-22 03:30:37,15.1,93.9,0.0,0.1,0.3,113.0,847.3,14.4,0,253,260
2025-12-22 03:45:59,15.1,94.0,0.0,0.0,0.0,113.0,847.4,14.4,0,253,260
2025-12-22 04:01:04,15.0,94.1,0.0,0.2,0.4,113.0,847.4,14.3,0,254,260
2025-12-22 04:16:09,14.7,94.1,0.0,0.0,0.0,113.0,847.5,14.0,0,253,261
2025-12-22 04:31:15,14.8,94.2,0.0,0.0,0.0,113.0,847.5,14.1,0,252,260
2025-12-22 04:46:20,14.9,94.3,0.0,0.0,0.0,113.0,847.4,14.2,0,254,259
2025-12-22 05:01:25,15.1,94.3,0.0,0.1,0.4,113.0,847.5,14.4,0,254,261
2025-12-22 05:16:30,15.2,94.4,0.0,0.0,0.0,113.0,847.7,14.5,0,253,259
2025-12-22 05:31:35,15.3,94.4,0.0,0.0,0.0,113.0,847.7,14.6,0,253,260
2025-12-22 05:46:40,15.2,94.4,0.0,0.0,0.0,113.0,847.8,14.5,0,253,260
2025-12-22 06:02:04,15.1,94.5,0.0,0.0,0.0,113.0,848.1,14.5,0,254,262
2025-12-22 06:17:11,15.3,94.5,0.0,0.0,0.0,113.0,848.2,14.6,0,267,261
2025-12-22 06:32:21,15.3,94.6,0.0,0.3,1.1,114.0,848.5,14.7,0,296,265
2025-12-22 06:47:26,15.4,94.5,0.0,0.0,0.0,134.0,848.6,14.7,0,561,286
2025-12-22 07:02:32,15.7,94.5,0.0,0.1,0.4,134.0,848.6,15.0,0,832,311
2025-12-22 07:17:37,16.0,94.4,0.0,0.0,0.4,134.0,848.9,15.3,0,500,290
2025-12-22 07:32:42,16.1,94.4,0.0,0.0,0.0,134.0,849.0,15.5,0,481,287
2025-12-22 07:47:47,16.4,94.3,0.0,0.1,0.4,134.0,849.2,15.7,0,1110,342
2025-12-22 08:03:10,16.8,94.2,0.0,0.0,0.0,134.0,849.2,16.1,0,993,334
2025-12-22 08:18:15,17.1,93.9,0.0,0.5,1.1,133.0,849.3,16.4,0,899,323
2025-12-22 08:33:20,17.4,93.3,0.0,0.4,0.7,134.0,849.3,16.6,0,809,314
2025-12-22 08:48:38,17.7,92.2,0.0,0.5,1.3,133.0,849.5,16.8,0,1245,357
2025-12-22 09:03:43,17.9,91.0,0.0,0.1,0.2,134.0,849.5,16.8,0,691,302
2025-12-22 09:18:49,17.8,91.2,1.0,0.0,0.2,134.0,849.5,16.7,0,1227,350
2025-12-22 09:34:14,18.5,90.7,0.0,0.5,1.1,133.0,849.6,17.3,0,2139,438
2025-12-22 09:49:19,19.9,84.4,0.0,0.7,1.3,133.0,849.5,18.0,0,1713,411
2025-12-22 10:04:24,19.6,82.7,0.0,0.9,1.7,99.0,849.3,17.5,0,2616,484
2025-12-22 10:19:29,20.8,80.0,0.0,0.5,1.5,122.0,849.2,18.3,0,7391,917
2025-12-22 10:34:34,22.3,72.0,0.0,0.2,0.9,119.0,849.1,18.7,0,3545,589
2025-12-22 10:49:39,21.8,68.0,0.0,2.1,4.1,76.0,848.8,17.7,0,2502,479
2025-12-22 11:05:24,22.0,69.9,0.0,0.5,1.3,57.0,848.7,18.1,0,1377,381
2025-12-22 11:21:22,22.9,62.9,0.20000000000000107,1.0,1.7,72.0,848.7,18.0,0,10056,1163
2025-12-22 11:36:22,22.8,66.6,0.0,0.7,1.7,135.0,848.5,18.5,0,2821,527
2025-12-22 11:51:27,24.6,59.5,0.0,0.6,1.1,132.0,848.6,19.1,0,9182,1097
2025-12-22 12:06:32,24.9,58.9,0.0,1.4,2.8,92.0,848.3,19.2,0,8864,1079
2025-12-22 12:21:37,24.1,57.8,0.0,1.3,2.4,70.0,848.3,18.4,0,4438,678
2025-12-22 12:36:42,24.5,56.3,0.0,2.1,4.1,68.0,848.0,18.5,0,2177,450
2025-12-22 12:51:47,23.9,59.5,0.0,1.3,3.7,85.0,847.8,18.4,0,8824,1068
2025-12-22 13:07:22,24.0,55.7,0.0,1.0,2.0,86.0,847.7,18.0,0,8789,1063
2025-12-22 13:22:23,25.2,52.2,0.0,1.3,3.3,82.0,847.4,18.5,0,8879,1072
2025-12-22 13:37:31,26.1,48.6,0.0,0.7,2.0,85.0,847.2,18.7,0,9200,1102
2025-12-22 13:53:28,25.3,54.0,0.0,0.3,1.2,33.0,846.9,18.9,0,2485,480
2025-12-22 14:08:29,25.4,51.0,0.0,1.5,3.5,82.0,846.7,18.5,0,3348,565
2025-12-22 14:23:35,25.3,50.7,0.0,1.3,2.4,84.0,846.6,18.4,0,7400,935
2025-12-22 14:38:36,26.1,48.9,0.0,0.7,1.5,108.0,846.3,18.8,0,2050,455
2025-12-22 14:53:41,26.3,47.2,0.0,0.8,2.2,96.0,846.3,18.7,0,6966,893
2025-12-22 15:08:46,27.1,44.2,0.0,2.1,3.9,70.0,846.1,18.9,0,5806,787
2025-12-22 15:24:35,28.2,43.7,0.0,1.4,3.2,62.0,845.9,19.7,0,6026,803
2025-12-22 15:40:31,27.6,44.0,0.0,1.2,3.1,77.0,845.9,19.2,0,5184,728
2025-12-22 15:55:34,26.6,47.0,0.0,0.8,2.6,65.0,845.9,18.9,0,949,345
2025-12-22 16:10:37,28.0,45.5,0.0,0.1,0.4,105.0,845.9,19.8,0,4464,655
2025-12-22 16:25:53,28.2,42.9,0.0,1.0,2.4,62.0,845.9,19.6,0,3678,582
2025-12-22 16:41:44,27.6,41.9,0.0,2.5,3.5,87.0,845.8,18.8,0,3247,539
2025-12-22 16:56:49,27.6,44.7,0.0,0.3,0.7,75.0,845.8,19.3,0,2644,481
2025-12-22 17:12:08,26.7,44.5,0.0,0.9,2.0,71.0,846.0,18.5,0,1967,418
2025-12-22 17:28:00,25.0,47.5,0.0,1.0,2.4,76.0,846.0,17.6,0,773,322
2025-12-22 17:43:20,23.9,53.3,0.0,0.8,3.7,72.0,846.3,17.5,0,791,317
2025-12-22 17:59:01,23.2,56.5,0.0,1.4,3.5,85.0,846.4,17.4,0,582,297
2025-12-22 18:14:27,22.5,59.7,0.0,0.4,2.0,70.0,846.5,17.2,0,402,278
2025-12-22 18:29:40,22.0,61.6,0.0,0.0,0.2,85.0,846.6,17.0,0,301,268
2025-12-22 18:46:09,21.3,65.2,0.0,0.3,2.0,103.0,846.8,16.9,0,257,260
2025-12-22 19:02:09,20.8,68.3,0.0,0.1,2.0,89.0,847.1,16.8,0,253,261
2025-12-22 19:17:17,20.5,70.1,0.0,0.0,0.2,81.0,847.3,16.7,0,253,259
2025-12-22 19:32:45,20.1,71.8,0.0,0.4,1.3,71.0,847.5,16.6,0,254,260
2025-12-22 19:48:37,19.9,72.8,0.0,0.1,0.4,62.0,847.6,16.5,0,253,261
2025-12-22 20:04:03,19.6,74.1,0.0,0.3,0.7,65.0,847.8,16.4,0,254,258
2025-12-22 20:19:06,19.3,75.0,0.0,0.0,0.0,52.0,848.0,16.3,0,253,260
2025-12-22 20:35:23,19.0,76.6,0.0,0.1,0.4,85.0,848.2,16.2,0,254,260
2025-12-22 20:51:00,18.8,77.8,0.0,0.0,0.4,43.0,848.4,16.1,0,254,261
2025-12-22 21:06:23,18.6,78.8,0.0,0.1,0.2,48.0,848.6,16.1,0,253,260
2025-12-22 21:22:11,18.4,79.9,0.0,0.0,0.0,50.0,848.9,15.9,0,253,261
2025-12-22 21:37:43,17.7,82.1,0.0,0.0,0.0,50.0,848.9,15.6,0,253,259
2025-12-22 21:53:02,17.3,84.3,0.0,0.0,0.0,50.0,849.1,15.5,0,252,261
2025-12-22 22:08:02,17.1,85.6,0.0,0.0,0.0,50.0,849.1,15.4,0,254,260
2025-12-22 22:24:00,16.8,86.3,0.0,0.0,0.0,50.0,849.2,15.2,0,253,260
2025-12-22 22:39:17,16.6,87.4,0.0,0.0,0.0,50.0,849.2,15.1,0,254,259
2025-12-22 22:54:40,16.4,87.9,0.0,0.0,0.0,50.0,849.0,15.0,0,253,260
2025-12-22 23:10:08,16.2,88.7,0.0,0.0,0.0,50.0,849.0,14.9,0,254,260
2025-12-22 23:25:36,16.3,89.6,0.0,0.0,0.0,50.0,849.1,15.0,0,253,261
2025-12-22 23:40:40,16.2,89.5,0.0,0.0,0.0,50.0,848.9,15.0,0,253,261
2025-12-22 23:56:17,16.0,89.6,0.0,0.0,0.0,50.0,848.8,14.8,0,253,260
2025-12-23 00:11:41,15.9,90.3,0.0,0.0,0.0,50.0,848.9,14.8,0,254,260
2025-12-23 00:26:41,15.9,90.7,0.0,0.0,0.0,50.0,848.7,14.8,0,253,262
2025-12-23 00:41:45,15.6,90.8,0.0,0.0,0.0,50.0,848.7,14.6,0,253,259
2025-12-23 00:57:25,15.6,91.0,0.0,0.0,0.0,49.0,848.6,14.5,0,253,260
2025-12-23 01:12:49,15.4,91.0,0.0,0.0,0.0,49.0,848.6,14.4,0,254,260
2025-12-23 01:28:29,15.4,91.4,0.0,0.0,0.0,49.0,848.4,14.4,0,254,261
2025-12-23 01:44:18,15.1,91.2,0.0,0.0,0.0,49.0,848.2,14.1,0,254,259
2025-12-23 01:59:54,14.9,91.4,0.0,0.0,0.0,49.0,848.1,13.9,0,254,261
2025-12-23 02:15:53,14.8,91.8,0.0,0.0,0.0,49.0,848.1,13.8,0,254,260
2025-12-23 02:30:59,14.9,92.2,0.0,0.0,0.0,49.0,848.0,14.0,0,253,259
2025-12-23 02:46:03,15.0,92.5,0.0,0.0,0.0,49.0,848.0,14.1,0,253,261
2025-12-23 03:00:08,15.1,92.7,0.0,0.0,0.0,49.0,847.9,14.2,0,253,261
2025-12-23 03:15:13,14.9,92.8,0.0,0.0,0.0,49.0,847.9,14.0,0,253,259
2025-12-23 03:30:18,14.8,92.8,0.0,0.0,0.0,49.0,847.8,13.9,0,252,260
2025-12-23 03:45:23,14.6,92.8,0.0,0.0,0.0,49.0,847.7,13.8,0,254,262
2025-12-23 04:00:46,14.4,92.9,0.0,0.0,0.0,49.0,847.9,13.6,0,254,260
2025-12-23 04:15:51,14.4,93.0,0.0,0.0,0.0,49.0,847.8,13.6,0,253,260
2025-12-23 04:30:56,14.3,93.1,0.0,0.0,0.0,49.0,847.9,13.5,0,253,262
2025-12-23 04:46:01,14.2,93.2,0.0,0.0,0.0,49.0,848.1,13.4,0,253,261
2025-12-23 05:01:06,14.1,93.2,0.0,0.0,0.0,49.0,848.3,13.3,0,254,260
2025-12-23 05:16:11,14.0,93.3,0.0,0.0,0.0,49.0,848.3,13.2,0,254,260
2025-12-23 05:31:16,13.9,93.4,0.0,0.0,0.0,49.0,848.3,13.1,0,253,259
2025-12-23 05:46:21,13.7,93.4,0.0,0.0,0.0,49.0,848.4,12.9,0,253,259
2025-12-23 06:01:26,13.8,93.6,0.0,0.0,0.0,49.0,848.4,13.0,0,254,260
2025-12-23 06:16:52,14.2,93.8,0.0,0.0,0.0,49.0,848.4,13.5,0,271,261
2025-12-23 06:31:57,14.2,93.8,0.0,0.0,0.0,49.0,848.6,13.5,0,314,266
2025-12-23 06:47:02,14.5,93.9,0.0,0.1,1.1,104.0,849.0,13.8,0,456,279
2025-12-23 07:02:03,14.7,93.9,0.0,0.0,0.0,104.0,849.2,14.0,0,555,294
2025-12-23 07:17:08,15.4,93.9,0.0,0.7,2.4,122.0,849.2,14.7,0,758,314
2025-12-23 07:32:13,16.1,93.6,0.0,0.1,0.4,160.0,849.5,15.3,0,784,322
2025-12-23 07:47:18,16.6,92.7,0.0,0.3,0.7,108.0,849.7,15.7,0,1352,368
2025-12-23 08:02:23,17.3,91.3,0.0,0.8,2.0,77.0,849.8,16.3,0,1342,373
2025-12-23 08:17:28,18.2,89.5,0.0,0.8,1.3,92.0,850.1,17.0,0,2215,437
2025-12-23 08:33:23,18.5,85.8,0.0,0.3,0.9,22.0,850.0,16.8,0,1296,360
2025-12-23 08:48:28,17.5,88.8,0.0,0.3,0.9,54.0,850.4,16.2,0,1616,390
2025-12-23 09:03:33,18.3,86.0,0.0,0.6,1.3,6.0,850.5,16.6,0,1561,385
2025-12-23 09:18:56,19.0,84.7,0.0,0.4,1.1,112.0,850.5,17.2,0,3260,544
2025-12-23 09:35:21,20.5,75.7,0.0,1.5,3.5,87.0,850.4,17.5,0,6030,787
2025-12-23 09:51:03,21.9,69.8,0.0,0.4,0.9,141.0,850.2,18.1,0,6466,838
2025-12-23 10:06:09,23.9,64.3,0.0,0.2,0.4,102.0,850.2,19.1,0,6088,804
2025-12-23 10:21:14,23.8,60.5,0.0,1.0,2.2,207.0,850.1,18.5,0,2652,507
2025-12-23 10:36:19,23.3,63.8,0.0,0.3,1.1,48.0,850.0,18.5,0,2580,504
2025-12-23 10:51:30,23.6,61.8,0.0,0.4,1.2,53.0,849.9,18.5,0,7793,970
2025-12-23 11:06:35,24.9,53.4,0.0,1.6,3.3,77.0,849.6,18.4,0,5109,735
2025-12-23 11:21:40,24.0,55.7,0.0,1.8,2.6,68.0,849.4,18.0,0,8929,1073
2025-12-23 11:37:07,25.1,53.5,0.0,0.2,0.4,113.0,849.2,18.7,0,8856,1072
2025-12-23 11:52:14,26.2,50.0,0.0,0.9,1.7,83.0,849.0,19.0,0,9653,1141
2025-12-23 12:07:20,25.0,51.9,0.0,0.8,2.6,72.0,848.8,18.3,0,9319,1110
2025-12-23 12:22:25,24.8,50.4,0.0,1.8,3.5,97.0,848.6,17.9,0,9572,1140
2025-12-23 12:38:16,25.6,52.0,0.0,0.7,1.8,82.0,848.3,18.9,0,8741,1069
2025-12-23 12:54:06,26.1,47.2,0.0,1.3,2.6,77.0,848.0,18.5,0,8355,1031
2025-12-23 13:09:11,26.0,48.5,0.0,0.5,1.1,100.0,847.9,18.6,0,5662,792
2025-12-23 13:25:10,26.2,47.0,0.0,1.6,4.4,92.0,847.5,18.5,0,8523,1044
2025-12-23 13:40:15,26.5,48.4,0.0,1.2,4.4,76.0,847.3,19.0,0,7922,991
2025-12-23 13:55:20,26.8,47.1,0.0,0.1,0.4,108.0,847.0,19.1,0,8002,997
2025-12-23 14:10:25,26.7,46.0,0.0,1.8,4.6,70.0,846.9,18.8,0,7306,935
2025-12-23 14:25:35,28.0,44.9,0.0,0.5,1.6,78.0,846.6,19.7,0,7412,945
2025-12-23 14:41:29,27.1,47.3,0.0,0.7,2.0,80.0,846.4,19.3,0,7094,912
2025-12-23 14:56:37,28.3,44.6,0.2,1.2,2.8,89.0,846.3,19.9,0,6637,870
2025-12-23 15:12:15,28.0,45.0,0.0,1.2,3.5,73.0,846.2,19.7,0,5726,783
2025-12-23 15:27:21,27.8,44.4,0.0,1.7,3.9,48.0,846.1,19.5,0,5460,757
2025-12-23 15:42:27,28.3,43.2,0.0,1.2,2.4,39.0,846.0,19.6,0,4982,714
2025-12-23 15:57:43,28.1,44.0,0.0,1.1,3.9,89.0,846.0,19.7,0,4432,660
2025-12-23 16:13:35,27.1,46.8,0.0,1.8,4.6,80.0,846.1,19.3,0,4212,633
2025-12-23 16:28:46,26.9,46.5,0.0,2.3,4.6,83.0,846.0,19.1,0,1673,409
2025-12-23 16:44:22,27.7,44.6,0.0,1.0,2.4,101.0,846.1,19.4,0,2863,506
2025-12-23 16:59:37,27.1,46.1,0.0,0.6,2.2,78.0,846.2,19.2,0,2349,458
2025-12-23 17:14:53,26.3,49.6,0.0,0.3,1.1,109.0,846.1,19.0,0,2122,435
2025-12-23 17:30:19,24.6,52.0,0.0,1.5,3.7,86.0,846.3,17.9,0,595,305
2025-12-23 17:45:47,23.8,54.7,0.0,0.9,2.6,83.0,846.6,17.6,0,602,302
2025-12-23 18:01:07,23.5,55.7,0.0,1.0,2.4,69.0,846.8,17.5,0,481,289
2025-12-23 18:16:18,23.1,58.0,0.0,0.1,0.4,107.0,846.9,17.5,0,399,277
2025-12-23 18:31:29,22.5,60.5,0.0,0.6,0.9,128.0,846.9,17.4,0,308,266
2025-12-23 18:47:04,22.1,62.2,0.0,0.7,1.7,74.0,847.2,17.2,0,261,261
2025-12-23 19:02:17,21.8,64.2,0.0,0.6,2.6,80.0,847.3,17.2,0,253,260
2025-12-23 19:18:08,21.4,66.0,0.0,0.4,1.5,114.0,847.4,17.1,0,253,260
2025-12-23 19:33:18,21.2,66.8,0.0,0.2,0.7,63.0,847.6,17.0,0,253,260
2025-12-23 19:51:03,20.8,68.5,0.0,0.4,0.9,79.0,847.7,16.8,0,253,261
2025-12-23 20:06:15,20.5,70.0,0.0,0.5,1.7,72.0,848.0,16.8,0,254,262
2025-12-23 20:22:07,20.5,70.3,0.0,0.2,0.4,103.0,848.1,16.8,0,254,261
2025-12-23 20:37:26,20.1,71.6,0.0,0.3,0.9,70.0,848.1,16.6,0,253,260
2025-12-23 20:52:46,19.9,72.2,0.0,0.1,0.7,79.0,848.3,16.5,0,254,259
2025-12-23 21:08:16,19.6,74.0,0.0,0.0,0.2,57.0,848.5,16.4,0,253,260
2025-12-23 21:23:26,19.1,75.8,0.0,0.1,0.2,45.0,848.4,16.2,0,253,261
2025-12-23 21:39:22,18.5,78.5,0.0,0.0,0.0,45.0,848.4,15.9,0,252,260
2025-12-23 21:54:34,17.9,80.5,0.0,0.0,0.2,45.0,848.5,15.6,0,253,260
2025-12-23 22:09:59,17.6,81.9,0.0,0.0,0.0,45.0,848.5,15.4,0,254,260
2025-12-23 22:25:41,17.3,83.1,0.0,0.0,0.0,45.0,848.5,15.3,0,254,260
2025-12-23 22:40:49,17.0,84.2,0.0,0.0,0.0,45.0,848.6,15.2,0,252,260
2025-12-23 22:56:43,17.0,85.3,0.0,0.0,0.0,45.0,848.7,15.2,0,253,261
2025-12-23 23:12:02,16.8,86.1,0.0,0.0,0.0,45.0,848.9,15.1,0,253,260
2025-12-23 23:27:30,16.6,86.6,0.0,0.0,0.0,45.0,848.9,15.0,0,254,260
2025-12-23 23:45:06,16.4,87.7,0.0,0.0,0.0,45.0,848.8,14.9,0,254,260
2025-12-24 00:00:22,16.3,88.5,0.0,0.0,0.0,45.0,849.0,15.0,0,254,260
2025-12-24 00:15:40,16.4,88.5,0.0,0.0,0.0,45.0,849.0,15.0,0,252,259
2025-12-24 00:31:20,16.5,88.4,0.0,0.0,0.0,45.0,849.0,15.1,0,254,261
2025-12-24 00:46:50,16.5,88.3,0.0,0.0,0.0,45.0,849.0,15.1,0,253,260
2025-12-24 01:01:56,16.8,88.1,0.0,0.0,0.0,45.0,848.9,15.4,0,254,260
2025-12-24 01:17:17,17.1,86.0,0.0,0.0,0.0,45.0,848.6,15.5,0,253,261
2025-12-24 01:32:17,17.2,85.4,0.0,0.0,0.0,45.0,848.6,15.5,0,254,262
2025-12-24 01:47:20,17.1,85.3,0.0,0.0,0.0,45.0,848.6,15.3,0,254,262
2025-12-24 02:02:23,16.9,85.3,0.0,0.0,0.0,45.0,848.5,15.2,0,253,261
2025-12-24 02:17:56,16.8,87.0,0.0,0.0,0.0,45.0,848.4,15.3,0,254,261
2025-12-24 02:33:25,16.9,86.9,0.0,0.0,0.0,45.0,848.4,15.4,0,253,261
2025-12-24 02:48:31,16.9,86.4,0.0,0.0,0.0,45.0,848.4,15.3,0,254,260
2025-12-24 03:00:35,16.7,87.1,0.0,0.0,0.0,45.0,848.2,15.2,0,253,260
2025-12-24 03:15:40,16.4,88.2,0.0,0.0,0.0,45.0,848.2,15.0,0,254,259
2025-12-24 03:30:45,16.3,89.2,0.0,0.0,0.0,45.0,848.1,15.0,0,254,261
2025-12-24 03:45:50,16.5,89.5,0.0,0.0,0.0,45.0,848.2,15.3,0,255,260
2025-12-24 04:01:13,16.8,88.8,0.0,0.0,0.0,45.0,848.3,15.5,0,252,260
2025-12-24 04:16:18,17.1,88.2,0.0,0.0,0.0,45.0,848.4,15.7,0,253,260
2025-12-24 04:31:23,17.3,87.2,0.0,0.0,0.0,45.0,848.6,15.8,0,253,260
2025-12-24 04:46:29,17.3,86.6,0.0,0.0,0.0,45.0,848.7,15.8,0,253,261
2025-12-24 05:01:34,17.3,86.5,0.0,0.0,0.0,45.0,848.8,15.7,0,253,260
2025-12-24 05:16:39,17.2,87.3,0.0,0.0,0.2,45.0,849.1,15.7,0,253,260
2025-12-24 05:31:44,17.2,87.3,0.0,0.1,0.4,45.0,849.1,15.7,0,254,259
2025-12-24 05:46:49,17.0,88.4,0.0,0.2,0.4,46.0,849.2,15.7,0,253,259
2025-12-24 06:01:54,16.8,89.2,0.0,0.0,0.0,46.0,849.4,15.6,0,254,260
2025-12-24 06:17:15,16.8,90.0,0.0,0.0,0.0,46.0,849.5,15.6,0,260,259
2025-12-24 06:32:48,17.0,90.7,0.0,0.2,0.4,83.0,849.7,15.9,0,287,265
2025-12-24 06:48:26,17.1,90.8,0.0,0.1,0.2,105.0,849.7,16.0,0,392,275
2025-12-24 07:03:32,17.1,90.7,0.0,0.0,0.0,103.0,849.6,16.0,0,459,288
2025-12-24 07:18:37,17.0,90.5,0.0,0.0,0.0,103.0,850.0,15.9,0,645,302
2025-12-24 07:33:42,17.3,90.1,0.0,0.4,0.9,103.0,850.2,16.1,0,891,318
2025-12-24 07:48:47,17.9,87.8,0.0,0.6,1.1,96.0,850.3,16.5,0,1065,341
2025-12-24 08:04:42,18.2,86.0,0.0,0.1,0.4,91.0,850.4,16.6,0,1370,367
2025-12-24 08:19:47,19.1,82.9,0.0,0.4,1.1,78.0,850.1,17.0,0,2815,500
2025-12-24 08:34:52,20.5,77.0,0.0,0.6,1.1,96.0,850.2,17.6,0,961,338
2025-12-24 08:49:57,20.2,76.7,0.0,0.3,0.7,115.0,850.2,17.3,0,1386,376
2025-12-24 09:05:47,20.8,75.2,0.0,0.3,0.7,115.0,850.3,17.7,0,1593,387
2025-12-24 09:20:48,20.5,74.4,0.0,0.7,1.7,78.0,850.4,17.3,0,1196,348
2025-12-24 09:35:53,20.8,72.9,0.0,0.9,1.5,78.0,850.3,17.4,0,2294,455
2025-12-24 09:50:58,21.1,71.6,0.0,0.5,1.5,57.0,850.3,17.5,0,1856,413
2025-12-24 10:06:03,22.9,64.1,0.0,1.5,2.6,82.0,850.0,18.2,0,3410,576
2025-12-24 10:21:27,23.3,60.5,0.0,1.2,2.2,98.0,849.7,18.1,0,2450,470
2025-12-24 10:36:32,22.9,63.5,0.0,1.3,2.6,93.0,849.7,18.1,0,5629,774
2025-12-24 10:51:36,24.8,57.4,0.0,0.7,1.3,123.0,849.5,18.9,0,9022,1080
2025-12-24 11:06:41,24.1,58.9,0.0,1.2,2.2,67.0,849.4,18.5,0,2788,516
2025-12-24 11:21:47,23.6,58.4,0.0,1.1,2.4,111.0,849.3,18.0,0,2073,444
2025-12-24 11:37:45,24.8,54.3,0.0,1.2,3.1,83.0,849.2,18.5,0,3736,612
2025-12-24 11:52:50,25.6,53.1,0.0,1.1,2.0,120.0,848.9,19.0,0,3093,537
2025-12-24 12:07:55,25.2,51.6,0.0,1.8,3.3,72.0,848.7,18.4,0,9695,1144
2025-12-24 12:22:55,26.5,48.9,0.0,1.2,2.6,77.0,848.4,19.1,0,8902,1086
2025-12-24 12:38:39,26.0,48.5,0.0,1.1,3.1,73.0,848.1,18.6,0,3753,612
2025-12-24 12:53:45,26.3,50.1,0.0,0.5,1.5,85.0,847.9,19.1,0,9811,1164
2025-12-24 13:08:54,26.2,49.0,0.0,1.0,2.0,79.0,847.6,18.8,0,8386,1023
2025-12-24 13:24:01,26.4,49.8,0.0,1.1,2.8,54.0,847.4,19.1,0,9472,1132
2025-12-24 13:39:54,27.0,47.5,0.0,1.8,3.7,93.0,847.1,19.3,0,8309,1023
2025-12-24 13:55:40,27.5,46.9,0.0,0.3,1.0,144.0,847.0,19.6,0,7978,1000
2025-12-24 14:10:45,28.1,45.1,0.0,1.1,1.7,53.0,846.8,19.8,0,7298,936
2025-12-24 14:26:43,28.4,45.1,0.0,0.6,2.0,73.0,846.6,20.0,0,7166,922
2025-12-24 14:42:00,29.0,42.7,0.0,0.7,2.6,125.0,846.5,20.2,0,3472,587
2025-12-24 14:57:52,28.5,43.5,0.2,0.3,1.2,28.0,846.2,19.9,0,6270,839
2025-12-24 15:13:04,29.2,41.6,0.0,0.3,1.3,108.0,846.0,20.1,0,5742,787
2025-12-24 15:29:49,28.5,41.0,0.0,1.8,13.9,74.0,845.9,19.4,0,5301,744
2025-12-24 15:45:30,29.5,40.2,0.0,0.9,2.8,65.0,845.9,20.0,0,4739,691
2025-12-24 16:01:27,28.8,42.0,0.0,0.8,1.5,149.0,845.9,19.8,0,4784,686
2025-12-24 16:17:10,27.5,45.9,0.0,1.6,4.6,93.0,846.0,19.4,0,3950,607
2025-12-24 16:33:05,28.8,43.5,0.0,0.1,0.4,125.0,846.0,20.1,0,3485,563
2025-12-24 16:48:19,27.9,45.1,0.0,0.5,1.8,152.0,846.0,19.6,0,3075,525
2025-12-24 17:03:33,27.0,47.3,0.0,0.3,0.4,70.0,846.2,19.3,0,2395,458
2025-12-24 17:18:57,26.8,47.5,0.0,1.1,2.4,77.0,846.3,19.2,0,1930,411
2025-12-24 17:34:27,25.1,50.2,0.0,1.4,3.1,50.0,846.5,18.1,0,854,325
2025-12-24 17:50:01,24.7,52.2,0.0,1.3,2.6,58.0,846.6,18.1,0,747,311
2025-12-24 18:05:54,24.2,54.4,0.0,0.2,1.1,77.0,846.7,18.0,0,537,292
2025-12-24 18:21:33,23.6,55.7,0.0,1.1,2.8,68.0,847.2,17.6,0,387,275
2025-12-24 18:36:44,23.1,57.0,0.0,0.6,2.2,75.0,847.4,17.3,0,296,264
2025-12-24 18:52:02,22.6,59.3,0.0,0.0,0.2,86.0,847.5,17.2,0,254,261
2025-12-24 19:07:46,22.1,61.5,0.0,0.4,1.1,143.0,847.6,17.1,0,253,261
2025-12-24 19:23:14,21.9,62.8,0.0,0.1,0.2,139.0,847.8,17.1,0,253,260
2025-12-24 19:39:06,21.6,64.1,0.0,0.8,1.5,89.0,848.0,17.0,0,255,260
2025-12-24 19:55:02,21.4,65.2,0.0,0.3,0.9,54.0,848.1,16.9,0,254,262
2025-12-24 20:10:07,21.1,66.7,0.0,0.1,0.4,77.0,848.3,16.9,0,254,259
2025-12-24 20:25:48,20.9,68.2,0.0,0.3,1.3,121.0,848.5,16.9,0,255,260
2025-12-24 20:41:38,20.8,69.3,0.0,0.1,0.4,92.0,848.7,16.9,0,253,261
2025-12-24 20:56:44,20.5,70.8,0.0,0.0,0.2,93.0,848.9,16.8,0,253,261
2025-12-24 21:12:00,20.1,72.5,0.0,0.2,0.7,88.0,849.0,16.7,0,254,261
2025-12-24 21:27:08,19.8,73.7,0.0,0.0,0.0,88.0,849.1,16.6,0,254,260
2025-12-24 21:42:38,19.5,75.2,0.0,0.1,0.2,89.0,849.1,16.5,0,253,261
2025-12-24 21:57:44,19.3,76.3,0.0,0.0,0.2,89.0,849.3,16.4,0,253,260
2025-12-24 22:13:43,19.5,76.3,0.0,0.3,1.1,84.0,849.0,16.6,0,252,260
2025-12-24 22:28:48,19.7,76.1,0.0,0.1,0.2,71.0,849.1,16.7,0,252,260
2025-12-24 22:44:42,19.6,76.5,0.0,0.0,0.2,75.0,849.3,16.7,0,253,261
2025-12-24 22:59:48,19.5,77.4,0.0,0.0,0.0,75.0,849.2,16.7,0,253,259
2025-12-24 23:14:53,19.3,77.4,0.0,0.0,0.0,76.0,849.3,16.5,0,254,259
2025-12-24 23:29:58,19.1,78.8,0.0,0.0,0.2,76.0,849.2,16.5,0,253,261
2025-12-24 23:45:03,18.8,79.7,0.0,0.0,0.0,76.0,849.2,16.3,0,255,261
2025-12-25 00:00:47,18.7,80.2,0.0,0.0,0.0,76.0,849.0,16.3,0,254,260
2025-12-25 00:15:53,18.5,80.3,0.0,0.0,0.0,76.0,849.0,16.2,0,253,260
2025-12-25 00:31:53,18.4,81.1,0.0,0.2,0.4,73.0,848.8,16.1,0,253,259
2025-12-25 00:47:48,18.2,81.4,0.0,0.0,0.2,73.0,848.6,16.0,0,254,260
2025-12-25 01:03:47,18.0,82.2,0.0,0.0,0.0,73.0,848.5,15.9,0,253,261
2025-12-25 01:18:47,17.7,83.1,0.0,0.0,0.2,73.0,848.4,15.7,0,254,260
2025-12-25 01:34:16,17.3,84.9,0.0,0.0,0.0,74.0,848.3,15.5,0,253,261
2025-12-25 01:49:56,17.0,86.3,0.0,0.0,0.0,74.0,848.3,15.4,0,253,261
2025-12-25 02:05:00,16.8,86.9,0.0,0.0,0.0,73.0,848.4,15.2,0,253,261
2025-12-25 02:20:05,16.6,87.2,0.0,0.0,0.0,73.0,848.5,15.1,0,253,260
2025-12-25 02:35:10,16.7,88.6,0.0,0.0,0.0,73.0,848.5,15.4,0,254,259
2025-12-25 02:50:15,16.8,88.2,0.0,0.0,0.0,73.0,848.3,15.4,0,254,259
2025-12-25 03:00:19,16.7,88.3,0.0,0.0,0.0,73.0,848.3,15.3,0,253,260
2025-12-25 03:15:55,16.4,88.6,0.0,0.0,0.0,73.0,848.3,15.1,0,254,260
2025-12-25 03:31:00,16.3,89.1,0.0,0.0,0.0,73.0,848.4,15.0,0,252,258
2025-12-25 03:46:08,16.1,89.6,0.0,0.0,0.0,73.0,848.5,14.9,0,254,262
2025-12-25 04:01:54,15.9,89.6,0.0,0.0,0.0,73.0,848.6,14.7,0,254,260
2025-12-25 04:17:00,15.8,90.0,0.0,0.0,0.0,73.0,848.7,14.6,0,253,261
2025-12-25 04:32:05,15.9,90.5,0.0,0.0,0.0,73.0,848.9,14.8,0,253,261
2025-12-25 04:47:10,15.7,90.5,0.0,0.0,0.0,73.0,849.1,14.5,0,253,261
2025-12-25 05:03:00,15.5,90.8,0.0,0.0,0.0,73.0,849.2,14.4,0,253,261
2025-12-25 05:18:05,15.7,91.4,0.0,0.0,0.0,73.0,849.5,14.7,0,253,261
2025-12-25 05:33:10,15.8,91.5,0.0,0.0,0.0,73.0,849.6,14.8,0,253,259
2025-12-25 05:49:06,16.1,91.3,0.0,0.0,0.0,73.0,849.6,15.1,0,254,260
2025-12-25 06:04:57,16.4,90.4,0.0,0.0,0.0,73.0,849.7,15.3,0,254,260
2025-12-25 06:20:02,16.4,89.7,0.0,0.1,0.4,73.0,849.8,15.2,0,267,262
2025-12-25 06:35:08,16.2,89.8,0.0,0.0,0.0,73.0,849.9,15.0,0,320,268
2025-12-25 06:50:13,16.2,90.6,0.0,0.1,0.2,73.0,849.8,15.1,0,432,281
2025-12-25 07:05:18,16.2,90.6,0.0,0.0,0.0,73.0,849.9,15.1,0,514,292
2025-12-25 07:20:23,16.6,90.8,0.0,0.3,1.1,74.0,850.1,15.5,0,747,315
2025-12-25 07:35:27,17.1,89.4,0.0,0.3,0.9,88.0,850.1,15.8,0,813,324
2025-12-25 07:50:33,17.6,87.4,0.0,0.3,0.6,84.0,850.2,16.1,0,953,339
2025-12-25 08:05:54,18.1,85.8,0.0,0.8,1.3,86.0,850.2,16.4,0,2790,485
2025-12-25 08:20:59,18.9,82.8,0.0,0.5,1.3,91.0,850.3,16.8,0,2500,465
2025-12-25 08:36:04,20.8,74.6,0.0,0.9,1.7,56.0,850.4,17.6,0,3351,547
2025-12-25 08:51:09,21.5,74.1,0.0,0.1,0.4,121.0,850.3,18.2,0,3945,604
2025-12-25 09:06:14,24.3,63.0,0.0,0.5,2.0,98.0,850.1,19.3,0,4743,673
2025-12-25 09:21:19,24.5,60.1,0.0,1.1,2.4,70.0,850.1,19.1,0,5501,748
2025-12-25 09:37:03,23.3,64.0,0.0,0.6,2.0,68.0,850.1,18.6,0,4139,630
2025-12-25 09:52:08,24.9,60.4,0.0,0.4,2.0,162.0,850.0,19.4,0,7798,952
2025-12-25 10:07:13,24.8,60.3,0.0,0.7,2.0,117.0,850.1,19.3,0,5050,716
2025-12-25 10:22:18,25.3,57.3,0.0,0.8,2.6,154.0,850.0,19.4,0,7741,959
2025-12-25 10:37:24,25.7,54.4,0.0,1.7,2.8,65.0,849.7,19.3,0,6641,865
2025-12-25 10:52:28,25.1,58.1,0.0,0.1,0.4,59.0,849.6,19.3,0,8996,1072
2025-12-25 11:07:33,25.7,54.7,0.0,0.3,1.1,47.0,849.4,19.3,0,1829,423
2025-12-25 11:22:38,25.4,51.9,0.0,2.1,3.3,86.0,849.2,18.7,0,7862,980
2025-12-25 11:38:04,26.3,50.8,0.0,1.4,2.2,68.0,849.0,19.2,0,8945,1079
2025-12-25 11:53:08,26.5,51.2,0.0,0.2,0.7,48.0,849.0,19.5,0,8454,1035
2025-12-25 12:08:16,26.4,49.1,0.0,1.1,2.4,79.0,848.7,19.1,0,8701,1058
2025-12-25 12:23:22,26.1,49.4,0.0,1.8,3.7,73.0,848.4,18.8,0,8309,1023
2025-12-25 12:38:27,26.6,48.1,0.0,1.0,1.7,65.0,848.2,19.1,0,8336,1028
2025-12-25 12:54:15,26.5,46.5,0.0,0.4,1.1,71.0,848.0,18.7,0,8188,1014
2025-12-25 13:09:20,27.8,45.1,0.0,1.8,3.3,81.0,847.6,19.6,0,8008,997
2025-12-25 13:25:11,27.6,45.4,0.0,0.9,1.7,83.0,847.5,19.5,0,7828,982
2025-12-25 13:40:17,28.4,43.2,0.0,1.8,3.5,99.0,847.1,19.7,0,7668,965
2025-12-25 13:55:22,28.5,43.9,0.0,0.5,2.0,142.0,847.0,19.9,0,7427,943
2025-12-25 14:10:27,29.5,42.0,0.0,0.6,1.3,71.0,846.6,20.4,0,7135,916
2025-12-25 14:25:32,28.7,43.6,0.0,1.2,2.6,124.0,846.3,20.1,0,6837,886
2025-12-25 14:40:37,29.5,42.5,0.0,1.3,2.0,63.0,846.2,20.5,0,6601,864
2025-12-25 14:55:42,29.9,43.9,0.0,0.5,2.2,89.0,846.0,21.1,0,6160,821
2025-12-25 15:11:39,29.9,42.1,0.0,1.2,2.6,76.0,845.9,20.7,0,5692,776
2025-12-25 15:27:31,30.0,41.8,0.0,0.5,1.7,94.0,845.7,20.8,0,5241,734
2025-12-25 15:42:37,30.7,41.8,0.0,0.6,1.7,47.0,845.6,21.4,0,4835,697
2025-12-25 15:57:42,29.6,42.1,0.0,0.9,2.4,97.0,845.5,20.5,0,4078,626
2025-12-25 16:12:46,30.2,41.3,0.0,0.1,0.4,119.0,845.6,20.9,0,3628,582
2025-12-25 16:27:51,29.9,40.3,0.0,0.9,1.6,76.0,845.6,20.4,0,3175,539
2025-12-25 16:43:17,29.4,42.7,0.0,0.9,2.0,105.0,845.8,20.5,0,2615,485
2025-12-25 16:58:22,28.2,44.7,0.0,0.1,0.4,100.0,846.0,19.9,0,2077,433
2025-12-25 17:13:24,27.7,45.8,0.0,1.1,2.4,47.0,846.1,19.6,0,1558,386
2025-12-25 17:28:34,26.5,49.1,0.0,0.9,1.3,65.0,846.4,19.1,0,804,319
2025-12-25 17:43:39,25.4,52.0,0.0,0.0,0.2,104.0,846.6,18.6,0,678,307
2025-12-25 17:58:44,24.8,53.4,0.0,0.8,1.5,81.0,846.6,18.3,0,522,290
2025-12-25 18:13:44,24.1,56.9,0.0,1.2,3.1,87.0,846.8,18.3,0,428,279
2025-12-25 18:28:47,23.5,59.6,0.0,0.5,1.1,109.0,847.0,18.1,0,312,267
2025-12-25 18:44:41,23.0,61.3,0.0,0.8,2.0,85.0,847.1,17.8,0,259,261
2025-12-25 18:59:46,22.6,62.8,0.0,0.7,1.3,47.0,847.3,17.7,0,254,261
2025-12-25 19:14:46,22.4,63.8,0.0,0.0,0.2,101.0,847.4,17.7,0,255,260
2025-12-25 19:29:52,22.1,64.6,0.0,0.1,0.4,82.0,847.9,17.6,0,253,261
2025-12-25 19:44:57,22.0,65.7,0.0,0.0,0.2,97.0,848.0,17.5,0,254,261
2025-12-25 20:00:02,21.8,66.4,0.0,0.0,0.2,100.0,848.3,17.5,0,253,260
2025-12-25 20:15:26,21.6,67.6,0.0,0.0,0.0,96.0,848.5,17.4,0,254,260
2025-12-25 20:30:31,21.4,68.5,0.0,0.6,1.3,93.0,848.7,17.4,0,253,261
2025-12-25 20:46:23,21.3,68.9,0.0,0.3,0.9,38.0,848.8,17.4,0,254,261
2025-12-25 21:01:48,21.4,68.7,0.0,0.4,1.3,90.0,848.9,17.4,0,255,260
2025-12-25 21:16:53,21.5,68.5,0.0,0.4,0.9,113.0,849.0,17.5,0,254,261
2025-12-25 21:31:58,21.4,69.2,0.0,0.0,0.2,112.0,849.1,17.5,0,253,259
2025-12-25 21:47:04,21.3,70.0,0.0,0.2,1.1,64.0,849.0,17.5,0,254,261
2025-12-25 22:02:09,21.2,70.7,0.0,0.1,0.4,31.0,849.1,17.5,0,254,259
2025-12-25 22:17:15,21.1,70.8,0.0,0.7,2.2,58.0,849.2,17.4,0,253,260
2025-12-25 22:32:19,20.9,70.8,0.0,0.5,1.1,73.0,849.1,17.2,0,253,259
2025-12-25 22:47:24,20.5,71.9,0.0,0.1,0.7,120.0,849.1,17.0,0,252,260
2025-12-25 23:02:29,20.2,73.7,0.0,0.0,0.0,120.0,849.4,16.9,0,254,263
2025-12-25 23:17:52,20.2,73.8,0.0,0.0,0.0,76.0,849.3,17.0,0,254,261
2025-12-25 23:32:57,20.2,74.2,0.0,0.0,0.0,76.0,849.3,17.0,0,254,260
2025-12-25 23:48:03,20.1,75.3,0.0,0.0,0.0,76.0,849.2,17.0,0,254,260
2025-12-26 00:03:08,19.8,76.9,0.0,0.0,0.0,76.0,849.0,16.9,0,254,260
2025-12-26 00:18:13,19.2,79.1,0.0,0.0,0.0,76.0,848.9,16.7,0,253,261
2025-12-26 00:33:18,18.7,80.8,0.0,0.0,0.0,76.0,848.7,16.4,0,253,261
2025-12-26 00:48:23,18.4,82.5,0.0,0.0,0.2,76.0,848.7,16.3,0,255,260
2025-12-26 01:03:29,18.3,82.9,0.0,0.0,0.0,76.0,848.7,16.2,0,254,260
2025-12-26 01:18:34,18.2,83.9,0.0,0.0,0.0,76.0,848.7,16.3,0,253,258
2025-12-26 01:33:56,18.4,83.1,0.0,0.1,0.4,76.0,848.5,16.4,0,253,260
2025-12-26 01:49:02,18.4,82.7,0.0,0.0,0.0,76.0,848.2,16.3,0,253,261
2025-12-26 02:04:07,18.0,84.0,0.0,0.0,0.2,76.0,848.3,16.1,0,254,262
2025-12-26 02:19:12,17.8,84.2,0.0,0.0,0.0,76.0,848.1,16.0,0,253,260
2025-12-26 02:34:17,17.9,84.5,0.0,0.0,0.0,76.0,848.3,16.1,0,254,258
2025-12-26 02:49:23,18.3,83.7,0.0,0.0,0.0,34.0,848.4,16.4,0,254,259
2025-12-26 03:00:27,18.6,82.1,0.0,0.2,0.7,33.0,848.3,16.4,0,253,260
2025-12-26 03:15:32,18.4,82.4,0.0,0.1,0.2,33.0,848.0,16.2,0,253,259
2025-12-26 03:30:58,17.9,83.6,0.0,0.0,0.0,33.0,848.1,15.9,0,254,260
2025-12-26 03:46:03,17.6,84.5,0.0,0.1,0.4,32.0,848.2,15.8,0,254,260
2025-12-26 04:01:08,17.5,85.2,0.0,0.0,0.0,33.0,848.3,15.7,0,254,260
2025-12-26 04:16:13,17.4,85.8,0.0,0.0,0.2,33.0,848.4,15.7,0,254,259
2025-12-26 04:31:19,17.2,86.2,0.0,0.0,0.0,33.0,848.3,15.5,0,254,261
2025-12-26 04:46:24,17.1,86.2,0.0,0.0,0.0,33.0,848.4,15.5,0,254,258
2025-12-26 05:01:29,16.7,86.9,0.0,0.0,0.0,33.0,848.4,15.2,0,253,260
2025-12-26 05:16:34,16.4,87.9,0.0,0.0,0.0,33.0,848.5,15.0,0,253,259
2025-12-26 05:31:40,16.3,88.9,0.0,0.0,0.0,33.0,848.6,15.0,0,253,260
2025-12-26 05:47:02,16.1,89.2,0.0,0.0,0.0,33.0,848.7,14.9,0,254,261
2025-12-26 06:02:07,16.0,89.6,0.0,0.0,0.0,33.0,848.7,14.8,0,254,261
2025-12-26 06:17:11,15.9,89.8,0.0,0.0,0.0,33.0,848.9,14.7,0,268,261
2025-12-26 06:32:17,15.8,90.2,0.0,0.0,0.0,33.0,848.9,14.6,0,326,267
2025-12-26 06:47:22,16.0,90.7,0.0,0.1,0.7,32.0,849.0,14.9,0,467,282
2025-12-26 07:02:27,16.3,89.1,0.0,0.2,0.7,33.0,849.3,15.1,0,584,296
2025-12-26 07:17:32,16.8,87.0,0.0,0.1,0.4,33.0,849.5,15.2,0,764,314
2025-12-26 07:32:38,17.5,84.3,0.0,0.1,0.2,21.0,849.6,15.6,0,780,318
2025-12-26 07:47:43,18.4,81.2,0.0,0.5,0.9,20.0,849.6,16.1,0,1056,343
2025-12-26 08:03:07,19.3,78.5,0.0,0.3,1.0,16.0,849.6,16.7,0,2161,438
2025-12-26 08:18:12,20.6,74.2,0.0,0.4,0.9,15.0,849.7,17.4,0,2759,495
2025-12-26 08:33:25,22.7,66.3,0.0,0.2,0.7,16.0,849.6,18.3,0,3184,536
2025-12-26 08:48:31,24.3,59.0,0.0,0.7,1.5,76.0,849.6,18.7,0,3669,583
2025-12-26 09:03:36,25.0,55.8,0.0,0.9,1.7,60.0,849.5,18.9,0,4124,627
2025-12-26 09:18:41,25.4,55.2,0.0,0.4,0.9,30.0,849.5,19.1,0,4618,674
2025-12-26 09:33:46,25.7,53.7,0.0,0.2,1.3,139.0,849.3,19.2,0,5111,723
2025-12-26 09:49:28,25.2,55.5,0.0,0.4,0.9,158.0,849.3,19.0,0,5542,760
2025-12-26 10:04:32,26.9,50.8,0.0,0.8,1.5,82.0,849.1,19.7,0,5924,799
2025-12-26 10:20:11,27.5,49.7,0.0,0.1,0.7,49.0,849.0,20.1,0,6605,865
2025-12-26 10:35:17,27.7,49.2,0.0,0.4,1.1,172.0,848.8,20.2,0,6924,895
2025-12-26 10:50:22,27.6,50.0,0.0,0.4,1.3,189.0,848.7,20.3,0,7352,934
2025-12-26 11:05:27,27.1,50.4,0.0,1.4,3.4,87.0,848.5,19.9,0,7545,954
2025-12-26 11:20:32,28.1,47.3,0.0,0.7,3.1,72.0,848.3,20.2,0,6574,869
2025-12-26 11:35:37,27.6,49.8,0.0,0.3,1.1,101.0,848.1,20.2,0,8176,1014
2025-12-26 11:50:42,28.2,48.2,0.0,0.5,1.3,120.0,847.8,20.4,0,8133,1013
2025-12-26 12:05:47,28.5,46.4,0.0,0.9,2.0,49.0,847.7,20.3,0,8161,1015
2025-12-26 12:20:52,28.7,45.5,0.0,1.1,2.6,152.0,847.6,20.4,0,8161,1019
2025-12-26 12:36:16,28.9,45.5,0.0,1.0,3.5,124.0,847.4,20.5,0,8182,1020
2025-12-26 12:51:20,28.9,44.8,0.0,1.0,2.8,89.0,847.1,20.4,0,8433,1040
2025-12-26 13:06:49,29.5,42.6,0.0,1.4,2.8,84.0,846.8,20.5,0,8195,1021
2025-12-26 13:22:38,29.2,42.6,0.0,0.5,1.3,183.0,846.4,20.3,0,8864,1078
2025-12-26 13:37:43,29.1,42.6,0.0,1.8,3.6,89.0,846.3,20.2,0,2213,468
2025-12-26 13:52:48,30.0,41.1,0.0,0.4,1.3,109.0,846.1,20.7,0,7576,961
2025-12-26 14:07:53,28.9,42.7,0.0,1.3,2.6,65.0,845.8,20.0,0,7364,937
2025-12-26 14:23:16,30.1,41.0,0.0,0.6,1.3,175.0,845.6,20.7,0,6717,883
2025-12-26 14:38:21,30.6,40.3,0.0,0.9,3.7,102.0,845.2,21.0,0,6602,868
2025-12-26 14:53:35,30.6,39.3,0.2,1.0,3.1,93.0,845.2,20.8,0,6313,839
2025-12-26 15:08:40,31.8,40.2,0.0,0.4,1.6,82.0,845.0,21.9,0,5776,789
2025-12-26 15:23:45,30.8,38.6,0.0,0.6,2.0,101.0,845.0,20.8,0,5469,759
2025-12-26 15:39:26,30.6,39.5,0.0,1.1,3.1,72.0,844.9,20.8,0,5074,718
2025-12-26 15:54:31,31.4,38.6,0.0,0.9,2.0,56.0,844.7,21.3,0,4494,664
2025-12-26 16:09:52,31.2,38.8,0.0,0.5,1.5,120.0,844.6,21.1,0,4073,624
2025-12-26 16:25:23,30.5,37.8,0.0,1.1,2.6,74.0,844.6,20.4,0,3453,567
2025-12-26 16:40:25,30.3,39.0,0.0,1.0,2.6,88.0,844.7,20.5,0,3071,527
2025-12-26 16:55:46,30.9,37.5,0.0,1.1,2.2,65.0,844.6,20.6,0,2534,475
2025-12-26 17:11:31,29.6,40.1,0.0,0.2,0.9,156.0,844.8,20.1,0,2027,427
2025-12-26 17:26:39,28.8,41.9,0.0,1.4,3.3,93.0,844.9,19.8,0,1465,377
2025-12-26 17:41:47,26.9,45.9,0.0,1.4,2.8,86.0,845.0,18.9,0,769,317
2025-12-26 17:56:52,26.1,48.2,0.0,0.7,3.1,155.0,845.2,18.7,0,628,301
2025-12-26 18:12:33,25.5,49.5,0.0,1.5,2.8,85.0,845.6,18.3,0,421,277
2025-12-26 18:27:36,24.9,51.5,0.0,1.3,3.5,81.0,845.9,18.1,0,341,269
2025-12-26 18:42:41,24.3,53.1,0.0,1.0,2.2,72.0,846.1,17.9,0,262,261
2025-12-26 18:57:46,23.9,54.7,0.0,0.7,2.2,105.0,846.2,17.7,0,253,261
2025-12-26 19:12:46,23.4,56.0,0.0,0.3,0.7,91.0,846.6,17.5,0,253,261
2025-12-26 19:27:57,23.2,57.0,0.0,0.4,1.3,95.0,846.8,17.5,0,254,260
2025-12-26 19:43:10,22.8,58.4,0.0,0.7,1.5,81.0,847.1,17.3,0,253,260
2025-12-26 19:58:50,22.5,60.1,0.0,0.3,1.7,92.0,847.2,17.2,0,254,260
2025-12-26 20:14:39,22.0,61.6,0.0,0.0,0.0,67.0,847.5,17.1,0,254,262
2025-12-26 20:29:44,21.7,63.0,0.0,0.2,0.9,63.0,847.7,17.0,0,253,260
2025-12-26 20:44:56,21.4,64.7,0.0,0.0,0.0,106.0,848.1,16.9,0,254,260
2025-12-26 21:00:53,21.7,65.3,0.0,0.2,0.4,92.0,848.2,17.2,0,253,260
2025-12-26 21:16:29,21.8,65.8,0.0,0.2,0.7,108.0,848.4,17.4,0,255,260
2025-12-26 21:31:50,21.7,66.3,0.0,0.1,0.2,94.0,848.7,17.4,0,253,261
2025-12-26 21:47:50,21.6,67.7,0.0,0.0,0.0,84.0,848.8,17.4,0,254,260
2025-12-26 22:03:33,21.2,69.9,0.0,0.2,0.7,57.0,848.6,17.4,0,253,259
2025-12-26 22:18:49,20.8,71.6,0.0,0.0,0.2,96.0,848.6,17.3,0,254,260
2025-12-26 22:33:50,20.6,73.2,0.0,0.0,0.2,110.0,848.6,17.2,0,252,261
2025-12-26 22:49:37,20.3,74.4,0.0,0.0,0.0,81.0,848.7,17.1,0,254,259
2025-12-26 23:04:38,20.0,77.0,0.0,0.4,0.7,84.0,848.8,17.2,0,254,262
2025-12-26 23:20:34,19.8,78.2,0.0,0.1,0.4,86.0,849.0,17.1,0,253,261
2025-12-26 23:35:50,20.0,77.7,0.0,0.0,0.0,86.0,849.0,17.3,0,253,261
2025-12-26 23:53:05,20.1,77.2,0.0,0.1,0.4,62.0,849.0,17.3,0,254,261
2025-12-27 00:08:24,20.1,79.8,0.0,0.9,1.3,89.0,848.8,17.6,0,254,262
2025-12-27 00:24:18,20.1,80.8,0.0,0.2,0.8,76.0,848.5,17.7,0,252,260
2025-12-27 00:39:59,19.8,82.0,0.0,0.0,0.0,77.0,848.6,17.6,0,254,259
2025-12-27 00:55:22,19.5,83.1,0.0,0.0,0.0,80.0,848.5,17.5,0,252,261
2025-12-27 01:10:45,19.4,83.9,0.0,0.0,0.2,80.0,848.3,17.4,0,252,259
2025-12-27 01:25:50,19.5,83.7,0.0,0.0,0.0,79.0,848.2,17.5,0,253,260
2025-12-27 01:41:37,19.4,83.3,0.0,0.0,0.2,75.0,848.0,17.3,0,255,260
2025-12-27 01:56:43,19.2,83.7,0.0,0.0,0.2,112.0,847.8,17.2,0,254,261
2025-12-27 02:11:48,19.1,84.5,0.0,0.0,0.0,112.0,847.6,17.2,0,252,260
2025-12-27 02:26:53,18.9,85.2,0.0,0.1,0.4,112.0,847.7,17.1,0,254,259
2025-12-27 02:41:59,18.9,85.5,0.0,0.1,0.2,341.0,847.7,17.2,0,253,261
2025-12-27 02:57:04,18.9,85.6,0.0,0.0,0.0,335.0,847.7,17.2,0,253,261
2025-12-27 03:00:05,18.9,85.7,0.0,0.0,0.2,336.0,847.7,17.2,0,253,260
2025-12-27 03:15:30,19.0,85.7,0.0,0.0,0.0,335.0,847.6,17.3,0,253,262
2025-12-27 03:30:35,19.1,85.8,0.0,0.0,0.2,107.0,847.5,17.4,0,252,261
2025-12-27 03:45:40,19.1,85.9,0.0,0.0,0.0,107.0,847.4,17.4,0,254,259
2025-12-27 04:00:45,19.0,86.1,0.0,0.0,0.0,107.0,847.5,17.3,0,252,260
2025-12-27 04:15:50,18.9,86.6,0.0,0.0,0.0,107.0,847.7,17.3,0,253,260
2025-12-27 04:30:55,18.9,86.2,0.0,0.2,0.6,107.0,847.7,17.2,0,253,261
2025-12-27 04:46:00,18.8,86.6,0.0,0.0,0.2,107.0,847.7,17.2,0,253,260
2025-12-27 05:01:05,18.7,87.1,0.0,0.1,0.2,107.0,847.9,17.2,0,253,259
2025-12-27 05:16:10,18.9,86.8,0.0,0.0,0.2,107.0,847.8,17.3,0,254,260
2025-12-27 05:31:56,18.9,86.6,0.0,0.0,0.2,107.0,848.0,17.3,0,253,261
2025-12-27 05:47:01,18.8,86.9,0.0,0.0,0.2,107.0,848.0,17.2,0,254,261
2025-12-27 06:02:07,18.7,87.3,0.0,0.0,0.0,107.0,848.2,17.1,0,253,261
2025-12-27 06:17:11,18.5,87.9,0.0,0.0,0.0,107.0,848.2,17.1,0,267,260
2025-12-27 06:32:16,18.3,88.5,0.0,0.0,0.0,107.0,848.4,16.9,0,298,265
2025-12-27 06:47:40,18.2,89.4,0.0,0.0,0.0,107.0,848.6,16.9,0,454,279
2025-12-27 07:02:44,18.5,89.4,0.0,0.0,0.2,107.0,848.8,17.2,0,575,290
2025-12-27 07:17:49,18.8,87.9,0.0,0.1,0.7,107.0,848.9,17.4,0,652,299
2025-12-27 07:32:58,19.2,86.6,0.0,0.0,0.0,107.0,849.0,17.6,0,900,322
2025-12-27 07:48:03,19.7,83.8,0.0,0.4,0.7,26.0,849.0,17.7,0,1304,359
2025-12-27 08:03:08,20.4,80.5,0.0,0.3,0.7,85.0,849.0,18.0,0,1759,403
2025-12-27 08:18:49,21.9,74.1,0.0,0.6,0.9,92.0,848.9,18.6,0,2894,504
2025-12-27 08:33:54,22.6,70.6,0.0,0.5,0.9,57.0,848.6,18.8,0,2232,451
2025-12-27 08:48:59,22.2,72.3,0.0,0.3,0.4,87.0,848.4,18.6,0,2277,457
2025-12-27 09:04:04,24.1,67.7,0.0,0.1,0.2,30.0,848.2,19.8,0,5546,751
2025-12-27 09:19:24,25.4,60.3,0.0,1.3,2.0,91.0,847.9,19.9,0,4806,694
2025-12-27 09:34:48,26.4,58.5,0.0,0.3,1.1,30.0,847.7,20.5,0,3723,605
2025-12-27 09:49:53,26.6,55.8,0.0,0.9,1.7,76.0,847.6,20.3,0,2547,500
2025-12-27 10:04:59,25.5,57.5,0.0,0.8,1.1,148.0,847.6,19.6,0,6280,829
2025-12-27 10:20:04,25.9,58.2,0.0,0.1,0.7,101.0,847.5,20.1,0,6613,864
2025-12-27 10:35:06,26.1,55.4,0.0,0.4,0.9,202.0,847.4,19.8,0,2143,460
2025-12-27 10:50:12,26.0,54.9,0.0,0.4,0.7,202.0,847.3,19.7,0,3315,567
2025-12-27 11:05:17,27.9,51.5,0.0,1.0,1.7,202.0,847.1,20.7,0,7729,975
2025-12-27 11:20:22,28.7,49.9,0.0,0.2,0.7,111.0,847.0,21.1,0,7640,964
2025-12-27 11:35:27,27.8,50.0,0.0,0.7,1.3,129.0,846.9,20.4,0,7659,964
2025-12-27 11:50:32,27.6,51.1,0.0,0.5,1.3,133.0,846.6,20.4,0,3284,573
2025-12-27 12:05:55,28.4,48.7,0.0,0.8,2.2,116.0,846.3,20.7,0,8051,1007
2025-12-27 12:21:02,28.5,49.2,0.0,0.6,1.3,68.0,846.2,20.9,0,8040,1003
2025-12-27 12:36:08,28.2,47.7,0.0,0.7,1.3,111.0,846.0,20.4,0,8502,1047
2025-12-27 12:51:13,28.3,46.6,0.0,0.7,1.3,89.0,845.7,20.3,0,8038,992
2025-12-27 13:06:17,29.5,44.3,0.0,1.0,1.5,100.0,845.5,20.9,0,7785,984
2025-12-27 13:21:22,29.0,45.5,0.0,1.0,1.5,287.0,845.2,20.6,0,2929,534
2025-12-27 13:36:27,30.0,43.9,0.0,1.2,2.4,26.0,845.0,21.2,0,4994,732
2025-12-27 13:51:32,29.7,44.2,0.0,1.6,2.6,86.0,844.9,21.0,0,7355,938
2025-12-27 14:06:56,29.6,44.0,0.0,1.3,2.4,70.0,844.6,20.9,0,6990,906
2025-12-27 14:23:27,29.7,46.0,0.0,0.1,0.4,50.0,844.2,21.3,0,2963,532
2025-12-27 14:38:32,28.8,42.7,0.0,1.2,3.0,46.0,844.2,20.0,0,4510,675
2025-12-27 14:53:37,28.5,43.9,0.0,1.2,3.3,28.0,843.8,19.9,0,5278,747
2025-12-27 15:08:59,28.5,48.5,0.0,1.2,3.7,66.0,843.8,20.8,0,4915,705
2025-12-27 15:24:04,28.8,48.9,0.0,1.8,3.9,70.0,843.6,21.0,0,4415,659
2025-12-27 15:39:07,28.8,47.7,0.0,0.7,1.4,79.0,843.3,20.9,0,4242,640
2025-12-27 15:54:12,28.9,48.1,0.0,0.8,2.4,66.0,843.2,21.0,0,4206,636
2025-12-27 16:09:17,29.3,46.1,0.0,1.1,3.5,77.0,843.1,21.0,0,3441,565
2025-12-27 16:24:26,28.6,47.0,0.0,1.6,2.8,98.0,843.3,20.6,0,2864,511
2025-12-27 16:39:31,27.0,50.1,0.0,0.5,1.7,78.0,843.6,19.7,0,1647,396
2025-12-27 16:54:41,26.5,50.8,0.0,0.5,3.5,72.0,843.8,19.4,0,1299,363
2025-12-27 17:10:26,26.1,51.4,0.0,0.7,1.3,83.0,843.9,19.2,0,949,330
2025-12-27 17:26:21,25.5,51.8,0.0,0.6,1.3,96.0,844.0,18.7,0,773,314
2025-12-27 17:41:29,25.3,52.5,0.0,0.6,1.3,89.0,844.3,18.6,0,614,297
2025-12-27 17:56:42,25.0,53.3,0.0,0.6,2.0,98.0,844.4,18.5,0,558,289
2025-12-27 18:12:20,24.8,54.3,0.0,0.9,2.2,98.0,844.5,18.4,0,428,278
2025-12-27 18:28:19,24.5,55.3,0.0,0.3,1.5,91.0,844.6,18.3,0,309,267
2025-12-27 18:43:35,24.2,56.7,0.0,0.1,0.4,209.0,845.0,18.3,0,257,262
2025-12-27 18:58:39,24.0,58.1,0.0,0.0,0.0,93.0,845.3,18.4,0,254,260
2025-12-27 19:14:17,23.8,59.1,0.0,0.0,0.0,86.0,845.5,18.3,0,253,261
2025-12-27 19:29:30,23.6,60.1,0.0,1.4,2.6,77.0,845.4,18.2,0,254,262
2025-12-27 19:44:56,23.3,61.3,0.0,0.5,1.3,92.0,846.0,18.2,0,253,260
2025-12-27 20:00:33,23.3,61.3,0.0,0.6,1.3,70.0,846.3,18.2,0,253,260
2025-12-27 20:15:39,23.3,61.6,0.0,1.1,2.0,75.0,846.5,18.2,0,254,261
2025-12-27 20:30:44,23.0,63.1,0.0,0.1,0.7,87.0,846.7,18.1,0,253,260
2025-12-27 20:46:34,22.8,64.2,0.0,0.1,0.4,87.0,846.9,18.1,0,254,261
2025-12-27 21:01:49,22.8,64.4,0.0,0.4,0.8,91.0,847.1,18.2,0,254,261
2025-12-27 21:17:27,22.9,65.3,0.0,0.7,2.2,59.0,847.1,18.3,0,254,261
2025-12-27 21:32:47,22.7,66.2,0.0,0.2,0.4,87.0,847.4,18.3,0,253,260
2025-12-27 21:47:56,22.6,66.8,0.0,0.3,0.9,91.0,847.3,18.3,0,253,261
2025-12-27 22:03:00,22.5,66.7,0.0,0.0,0.2,79.0,847.3,18.2,0,252,261
2025-12-27 22:18:29,22.6,65.2,0.0,0.0,0.2,91.0,847.5,18.1,0,253,260
2025-12-27 22:33:51,22.6,64.5,0.0,1.2,2.4,64.0,847.5,17.9,0,253,260
2025-12-27 22:49:24,22.4,65.5,0.0,0.1,0.5,96.0,847.5,17.9,0,252,260
2025-12-27 23:05:53,21.4,65.2,0.0,0.2,1.5,65.0,847.7,17.0,0,253,260
2025-12-27 23:21:26,19.4,79.9,0.6,0.4,0.9,316.0,847.8,16.9,0,254,260
2025-12-27 23:36:38,18.2,86.0,0.4,0.3,0.9,262.0,847.8,16.6,0,254,260
2025-12-27 23:52:35,17.8,87.3,0.6000000000000001,0.7,1.3,13.0,847.7,16.3,0,254,261
2025-12-28 00:08:32,17.4,89.7,2.4,0.3,0.7,4.0,847.8,16.2,0,253,260
2025-12-28 00:24:30,17.5,90.6,0.40000000000000036,0.3,0.7,327.0,847.6,16.4,0,254,261
2025-12-28 00:40:01,17.7,91.3,1.1999999999999993,0.3,0.7,331.0,847.5,16.6,0,253,260
2025-12-28 00:55:24,17.7,91.5,1.2000000000000002,0.0,0.2,1.0,847.5,16.7,0,254,260
2025-12-28 01:10:29,17.8,91.8,1.6000000000000005,0.0,0.0,1.0,847.2,16.8,0,253,260
2025-12-28 01:25:30,17.9,92.1,0.1999999999999993,0.2,1.1,357.0,847.2,16.9,0,254,259
2025-12-28 01:40:35,17.9,92.2,0.0,0.1,0.4,358.0,847.0,16.9,0,253,262
2025-12-28 01:55:40,18.0,92.4,0.0,0.0,0.0,357.0,846.9,17.0,0,252,260
2025-12-28 02:10:45,18.0,92.5,0.20000000000000107,0.0,0.0,356.0,846.8,17.1,0,253,260
2025-12-28 02:25:50,18.0,92.5,0.0,0.0,0.2,357.0,846.8,17.1,0,253,259
2025-12-28 02:40:55,18.0,92.5,0.0,0.2,0.4,298.0,846.7,17.1,0,253,261
2025-12-28 02:56:00,18.0,92.3,0.0,0.1,0.4,278.0,846.8,17.0,0,253,259
2025-12-28 03:00:02,18.0,92.2,0.0,0.1,0.4,278.0,846.7,17.0,0,254,260
2025-12-28 03:15:27,18.0,92.3,0.0,0.1,0.4,278.0,846.9,17.1,0,253,260
2025-12-28 03:30:32,18.1,92.2,0.0,0.3,0.9,278.0,846.9,17.2,0,254,259
2025-12-28 03:45:37,18.1,92.1,0.0,0.7,1.1,275.0,846.9,17.2,0,253,261
2025-12-28 04:00:42,18.3,91.9,0.0,0.2,1.3,229.0,847.1,17.3,0,253,262
2025-12-28 04:16:39,18.3,91.8,0.0,0.0,0.2,229.0,847.1,17.3,0,254,259
2025-12-28 04:31:45,18.4,91.8,0.0,0.4,1.1,229.0,847.2,17.4,0,254,260
2025-12-28 04:46:50,18.2,91.7,0.0,0.1,0.4,229.0,847.2,17.2,0,253,260
2025-12-28 05:01:55,18.0,91.4,0.0,0.0,0.0,228.0,847.4,17.0,0,255,260
2025-12-28 05:17:00,18.1,91.8,0.0,0.2,0.7,229.0,847.3,17.1,0,252,261
2025-12-28 05:32:05,17.8,90.9,0.0,0.3,0.7,229.0,847.5,16.7,0,252,261
2025-12-28 05:47:10,17.4,91.4,2.0,0.0,0.0,228.0,847.7,16.3,0,253,260
2025-12-28 06:02:15,17.4,92.0,0.0,0.0,0.0,228.0,848.0,16.4,0,254,260
2025-12-28 06:17:37,17.4,92.4,0.0,0.0,0.0,228.0,848.0,16.5,0,258,261
2025-12-28 06:32:42,17.3,92.6,0.0,0.0,0.0,228.0,848.2,16.4,0,269,262
2025-12-28 06:47:48,17.5,92.7,0.0,0.0,0.0,228.0,848.2,16.6,0,370,272
2025-12-28 07:02:53,17.6,92.9,0.1999999999999993,0.0,0.0,228.0,848.2,16.8,0,510,286
2025-12-28 07:17:58,17.9,93.1,0.0,0.0,0.0,228.0,848.5,17.0,0,715,305
2025-12-28 07:33:03,18.1,93.1,0.0,0.0,0.0,228.0,848.7,17.3,0,1321,361
2025-12-28 07:48:08,18.3,92.7,0.0,0.0,0.0,228.0,848.8,17.5,0,1072,336
2025-12-28 08:03:14,18.6,91.7,0.0,0.2,0.4,229.0,849.0,17.6,0,1190,352
2025-12-28 08:18:19,19.2,90.6,0.0,0.0,0.0,228.0,849.0,18.1,0,2463,463
2025-12-28 08:33:41,20.0,86.7,0.0,0.1,0.4,229.0,849.2,18.4,0,1227,356
2025-12-28 08:48:46,20.0,87.5,0.0,0.0,0.2,229.0,849.3,18.4,0,1455,380
2025-12-28 09:03:52,20.2,86.6,0.0,0.1,0.4,229.0,849.3,18.5,0,1864,417
2025-12-28 09:18:57,20.6,86.1,0.0,0.0,0.0,228.0,849.4,18.8,0,1647,398
2025-12-28 09:34:01,20.9,83.7,0.0,0.0,0.0,228.0,849.3,18.8,0,1544,388
2025-12-28 09:49:53,20.8,82.3,0.0,0.4,0.8,229.0,849.3,18.5,0,2007,432
2025-12-28 10:04:58,21.3,82.5,0.0,0.2,1.1,229.0,849.3,19.1,0,3251,551
2025-12-28 10:20:03,21.8,82.2,0.4,0.4,0.9,229.0,849.1,19.6,0,2145,442
2025-12-28 10:35:08,21.7,80.0,0.6,0.2,0.4,229.0,848.8,19.2,0,6258,834
2025-12-28 10:50:13,22.8,75.7,0.0,0.4,0.9,213.0,848.7,19.6,0,2309,459
2025-12-28 11:05:19,22.2,77.3,0.0,0.6,1.4,213.0,848.5,19.3,0,1517,382
2025-12-28 11:20:43,22.0,78.8,0.0,0.0,0.0,212.0,848.4,19.2,0,4835,702
2025-12-28 11:35:49,23.0,73.5,0.0,0.8,2.0,213.0,848.3,19.5,0,2732,501
2025-12-28 11:50:55,23.6,69.8,0.0,0.5,1.3,192.0,848.2,19.6,0,2675,492
2025-12-28 12:06:00,23.7,70.1,0.0,0.0,0.2,187.0,848.0,19.8,0,5878,809
2025-12-28 12:21:05,25.4,63.8,0.0,0.5,1.4,59.0,847.8,20.4,0,7984,1001
2025-12-28 12:36:10,24.5,64.8,0.0,0.3,1.5,96.0,847.8,19.8,0,2922,523
2025-12-28 12:51:15,23.6,70.1,0.0,0.1,0.4,186.0,847.6,19.7,0,3586,584
2025-12-28 13:06:20,24.3,67.4,0.0,0.0,0.2,186.0,847.4,20.0,0,3196,551
2025-12-28 13:21:51,23.1,68.7,0.0,0.8,1.3,186.0,847.8,19.0,0,1053,338
2025-12-28 13:36:57,19.5,78.7,0.0,2.4,5.0,263.0,847.9,16.9,0,642,300
2025-12-28 13:52:02,18.6,80.9,0.0,4.2,7.2,248.0,847.9,16.3,0,1364,373
2025-12-28 14:07:53,18.7,81.8,0.0,2.2,4.4,252.0,847.5,16.5,0,2791,514
2025-12-28 14:22:59,18.7,82.6,0.0,0.6,1.4,225.0,847.6,16.6,0,2539,489
2025-12-28 14:38:04,18.6,81.4,0.0,2.0,3.3,245.0,847.4,16.3,0,1537,389
2025-12-28 14:54:03,17.9,85.1,0.19999999999999996,1.2,2.8,268.0,847.5,16.1,0,1193,354
2025-12-28 15:09:09,17.7,87.1,0.40000000000000013,0.9,1.7,242.0,847.3,16.2,0,1308,362
2025-12-28 15:24:20,18.0,88.5,0.0,0.3,0.7,245.0,847.2,16.6,0,2071,439
2025-12-28 15:39:26,18.9,83.7,0.0,2.1,3.1,255.0,847.1,16.9,0,3259,548
2025-12-28 15:55:00,19.0,82.8,0.0,0.8,1.3,257.0,847.1,16.9,0,1683,397
2025-12-28 16:10:59,19.4,82.7,0.0,0.4,0.9,216.0,847.2,17.3,0,1422,372
2025-12-28 16:26:01,19.6,80.7,0.0,1.3,2.0,261.0,847.2,17.2,0,1702,397
2025-12-28 16:41:06,19.9,81.6,0.0,0.2,0.4,217.0,847.3,17.6,0,1649,394
2025-12-28 16:56:08,20.0,80.7,0.0,0.0,0.2,217.0,847.7,17.7,0,980,328
2025-12-28 17:11:14,19.6,78.0,0.0,1.1,1.7,226.0,847.7,16.9,0,751,307
2025-12-28 17:26:50,19.6,80.2,0.0,0.0,0.2,246.0,847.8,17.2,0,940,325
2025-12-28 17:42:01,19.6,80.8,0.0,0.4,1.1,217.0,848.0,17.3,0,506,283
2025-12-28 17:57:34,19.5,79.9,0.0,0.1,0.6,165.0,848.4,17.1,0,367,271
2025-12-28 18:13:22,19.5,80.5,0.0,0.1,0.4,165.0,848.5,17.1,0,311,266
2025-12-28 18:29:07,19.3,77.4,0.0,0.1,0.4,202.0,848.5,16.5,0,277,263
2025-12-28 18:44:59,19.1,77.3,0.0,0.4,1.1,255.0,848.5,16.4,0,258,261
2025-12-28 19:00:19,18.9,78.2,0.0,0.4,0.7,249.0,848.4,16.3,0,252,260
2025-12-28 19:16:19,18.9,76.2,0.0,1.1,2.4,230.0,848.6,16.0,0,252,260
2025-12-28 19:32:11,18.7,77.8,0.0,0.6,1.1,221.0,848.8,16.0,0,253,260
2025-12-28 19:47:55,18.7,76.7,0.0,0.9,2.4,246.0,848.9,15.8,0,253,260
2025-12-28 20:03:11,18.7,77.1,0.0,0.6,1.7,226.0,849.2,15.9,0,253,260
2025-12-28 20:18:37,18.5,77.5,0.0,0.8,2.0,226.0,849.2,15.8,0,254,261
2025-12-28 20:34:00,18.4,78.9,0.0,0.0,0.2,219.0,849.4,15.9,0,254,259
2025-12-28 20:49:37,18.2,80.3,0.0,0.0,0.0,218.0,849.7,15.8,0,252,261
2025-12-28 21:05:15,18.2,80.3,0.0,0.4,1.1,219.0,849.7,15.8,0,253,260
2025-12-28 21:20:49,18.1,81.2,0.0,0.0,0.4,219.0,849.6,15.9,0,253,261
2025-12-28 21:36:27,18.0,81.3,0.0,0.0,0.0,218.0,849.8,15.8,0,254,260
2025-12-28 21:52:17,17.9,82.0,0.0,0.0,0.0,218.0,849.8,15.7,0,252,262
2025-12-28 22:07:36,17.7,83.7,0.0,0.0,0.0,218.0,849.8,15.7,0,255,260
2025-12-28 22:23:23,17.6,83.6,0.0,0.0,0.0,218.0,849.8,15.7,0,253,260
2025-12-28 22:38:50,17.5,85.0,0.0,0.1,0.4,219.0,849.8,15.7,0,253,260
2025-12-28 22:54:10,17.3,85.8,0.0,0.0,0.0,218.0,849.9,15.6,0,254,260
2025-12-28 23:09:17,17.1,86.5,0.0,0.0,0.0,218.0,849.8,15.5,0,253,260
2025-12-28 23:25:04,16.8,87.7,0.0,0.0,0.0,218.0,849.9,15.3,0,253,259
2025-12-28 23:40:07,16.6,89.0,0.0,0.1,0.2,219.0,850.0,15.3,0,254,260
2025-12-28 23:55:24,16.5,90.1,0.0,0.0,0.0,213.0,850.1,15.4,0,252,261
2025-12-29 00:11:15,16.4,90.3,0.0,0.0,0.0,213.0,850.0,15.2,0,253,262
2025-12-29 00:26:15,16.4,90.6,0.0,0.1,0.4,214.0,849.9,15.3,0,254,260
2025-12-29 00:41:18,16.3,90.7,0.0,0.0,0.4,214.0,849.8,15.2,0,254,259
2025-12-29 00:56:24,16.3,90.8,0.0,0.0,0.0,213.0,849.7,15.2,0,253,261
2025-12-29 01:11:30,16.2,91.1,0.0,0.0,0.0,213.0,849.7,15.2,0,254,261
2025-12-29 01:26:35,16.1,91.2,0.0,0.0,0.0,213.0,849.7,15.1,0,253,260
2025-12-29 01:42:00,16.1,91.4,0.0,0.0,0.2,214.0,849.6,15.1,0,253,261
2025-12-29 01:57:56,16.0,91.6,0.0,0.0,0.0,213.0,849.4,15.0,0,253,260
2025-12-29 02:13:01,16.0,91.7,0.0,0.0,0.2,214.0,849.4,15.0,0,252,259
2025-12-29 02:28:07,16.0,91.8,0.0,0.0,0.0,213.0,849.3,15.1,0,254,260
2025-12-29 02:43:47,16.1,91.9,0.0,0.0,0.0,213.0,849.2,15.1,0,254,260
2025-12-29 03:00:02,16.1,92.1,0.0,0.0,0.0,213.0,849.3,15.2,0,255,260
2025-12-29 03:16:03,16.2,92.3,0.0,0.1,0.7,214.0,849.1,15.3,0,255,261
2025-12-29 03:32:32,16.2,92.2,0.0,0.0,0.2,214.0,849.0,15.3,0,253,260
2025-12-29 03:47:38,16.3,92.1,0.0,0.0,0.0,283.0,849.0,15.3,0,254,261
2025-12-29 04:03:00,16.3,91.7,0.0,0.0,0.0,279.0,849.2,15.3,0,255,262
2025-12-29 04:18:09,16.5,91.4,0.0,0.0,0.0,270.0,849.2,15.4,0,253,259
2025-12-29 04:33:35,16.6,91.2,0.0,0.0,0.2,260.0,849.2,15.6,0,253,261
2025-12-29 04:49:25,16.8,90.7,0.0,0.2,1.3,4.0,849.4,15.7,0,253,260
2025-12-29 05:04:31,17.0,89.7,0.0,0.2,0.7,279.0,849.6,15.8,0,252,260
2025-12-29 05:19:36,17.0,89.1,0.0,0.2,0.4,252.0,849.8,15.7,0,254,260
2025-12-29 05:34:41,17.0,88.9,0.0,0.4,1.1,174.0,850.1,15.7,0,254,259
2025-12-29 05:50:04,17.0,89.3,0.0,0.0,0.2,174.0,850.4,15.8,0,253,259
2025-12-29 06:05:09,17.0,89.8,0.0,0.1,0.4,174.0,850.4,15.8,0,254,261
2025-12-29 06:20:14,17.0,89.8,0.0,0.0,0.0,174.0,850.6,15.8,0,262,261
2025-12-29 06:35:19,16.9,90.2,0.0,0.0,0.0,174.0,850.6,15.7,0,301,264
2025-12-29 06:50:24,16.9,90.7,0.0,0.0,0.0,174.0,850.7,15.8,0,402,274
2025-12-29 07:05:29,17.1,90.8,0.0,0.0,0.0,174.0,850.8,16.0,0,543,288
2025-12-29 07:20:34,17.3,90.0,0.0,0.1,0.2,174.0,850.8,16.1,0,741,305
2025-12-29 07:35:39,17.7,88.9,0.0,0.0,0.4,174.0,851.0,16.4,0,854,317
2025-12-29 07:50:44,18.1,87.5,0.0,0.1,0.7,174.0,851.1,16.6,0,1050,335
2025-12-29 08:06:09,18.6,84.8,0.0,0.0,0.0,174.0,851.2,16.8,0,1180,349
2025-12-29 08:21:14,19.1,81.9,0.0,0.0,0.0,174.0,851.4,16.9,0,1416,369
2025-12-29 08:36:17,19.3,80.3,0.0,0.5,0.9,174.0,851.4,16.9,0,1596,387
2025-12-29 08:51:23,19.6,79.5,0.0,0.5,1.1,174.0,851.4,17.1,0,1964,422
2025-12-29 09:06:27,19.6,77.8,0.0,0.6,1.1,174.0,851.5,16.9,0,2088,435
2025-12-29 09:21:32,20.7,76.6,0.0,0.0,0.0,174.0,851.5,17.8,0,2067,434
2025-12-29 09:36:37,21.8,71.3,0.0,0.0,0.0,174.0,851.4,18.1,0,2588,484
2025-12-29 09:51:42,21.7,71.6,0.0,0.3,0.4,174.0,851.5,18.0,0,2235,449
2025-12-29 10:07:21,21.5,72.9,0.0,0.0,0.0,174.0,851.3,18.1,0,2172,442
2025-12-29 10:22:26,22.5,72.7,0.0,0.0,0.0,148.0,851.3,18.9,0,2917,515
2025-12-29 10:37:31,22.8,67.2,0.0,0.6,1.1,148.0,851.1,18.5,0,3240,545
2025-12-29 10:52:36,23.4,64.0,0.0,0.4,0.7,148.0,851.0,18.6,0,3408,561
2025-12-29 11:07:42,24.3,63.8,0.0,0.3,0.9,148.0,850.8,19.4,0,3210,540
2025-12-29 11:23:21,24.6,59.6,0.0,0.5,0.9,139.0,850.7,19.1,0,3703,590
2025-12-29 11:38:27,24.9,60.3,0.0,0.0,0.2,29.0,850.6,19.4,0,4618,678
2025-12-29 11:53:32,26.0,52.6,0.0,0.9,2.0,81.0,850.3,19.3,0,5762,791
2025-12-29 12:08:37,27.6,50.8,0.0,0.5,1.5,11.0,850.0,20.4,0,8728,1073
2025-12-29 12:24:20,28.2,46.5,0.0,0.3,0.7,129.0,849.8,20.2,0,9734,1168
2025-12-29 12:39:25,27.7,45.3,0.0,2.0,3.9,71.0,849.4,19.5,0,6496,862
2025-12-29 12:54:30,27.8,45.3,0.0,0.1,0.4,110.0,849.2,19.6,0,5381,762
2025-12-29 13:09:34,28.7,44.8,0.0,0.6,1.3,66.0,849.1,20.2,0,5970,818
2025-12-29 13:24:39,28.5,45.4,0.0,1.2,2.2,86.0,848.8,20.2,0,7918,999
2025-12-29 13:39:44,28.5,42.5,0.0,1.4,5.2,84.0,848.6,19.7,0,3331,562
2025-12-29 13:54:49,27.5,43.8,0.0,1.2,2.6,91.0,848.3,19.1,0,3207,547
2025-12-29 14:09:54,29.5,42.7,0.0,0.5,1.3,67.0,848.1,20.6,0,4444,661
2025-12-29 14:24:59,28.3,44.5,0.0,1.2,2.2,51.0,848.0,19.9,0,3505,570
2025-12-29 14:40:24,27.5,47.4,0.0,1.1,2.0,55.0,847.8,19.7,0,3816,603
2025-12-29 14:56:05,27.7,44.2,0.0,1.3,2.6,83.0,847.6,19.3,0,3916,615
2025-12-29 15:11:28,28.3,43.7,0.0,1.9,3.7,55.0,847.4,19.7,0,4312,651
2025-12-29 15:26:33,28.8,43.2,0.0,1.1,2.4,49.0,847.4,20.1,0,3121,536
2025-12-29 15:42:30,26.9,48.1,0.0,2.0,4.1,75.0,847.3,19.3,0,2980,527
2025-12-29 15:57:35,26.1,53.1,0.0,1.2,2.4,64.0,847.7,19.4,0,2094,440
2025-12-29 16:12:40,25.2,56.6,0.0,1.6,4.8,66.0,847.9,19.2,0,2263,454
2025-12-29 16:27:45,24.3,61.0,0.0,1.2,2.8,49.0,847.9,19.0,0,1894,420
2025-12-29 16:43:37,24.2,60.1,0.0,0.4,1.5,73.0,847.9,18.8,0,1160,349
2025-12-29 16:59:32,24.0,62.7,0.0,0.4,1.1,292.0,848.1,19.0,0,903,327
2025-12-29 17:14:36,23.5,62.4,0.0,0.2,0.4,16.0,848.3,18.5,0,661,303
2025-12-29 17:29:42,23.1,65.3,0.0,0.0,0.0,17.0,848.6,18.6,0,403,279
2025-12-29 17:44:47,22.6,68.7,0.0,0.0,0.0,17.0,849.0,18.6,0,315,268
2025-12-29 17:59:52,21.9,66.5,0.0,1.3,2.2,220.0,849.4,17.6,0,308,266
2025-12-29 18:14:57,20.8,68.3,0.0,0.3,1.1,223.0,849.6,16.8,0,363,272
2025-12-29 18:30:02,20.7,67.4,0.0,1.4,3.1,262.0,849.6,16.6,0,309,267
2025-12-29 18:45:07,20.1,70.6,0.0,0.8,2.0,261.0,849.9,16.5,0,261,260
2025-12-29 19:00:51,19.5,74.5,0.0,0.9,2.0,297.0,850.0,16.4,0,253,260
2025-12-29 19:16:23,19.3,74.8,0.0,0.7,1.3,268.0,850.1,16.3,0,253,260
2025-12-29 19:31:28,19.3,75.3,0.0,0.7,1.3,241.0,850.3,16.3,0,254,262
2025-12-29 19:47:22,19.2,75.7,0.0,0.9,1.8,261.0,850.5,16.2,0,253,262
2025-12-29 20:02:24,19.1,75.4,0.0,0.0,0.0,221.0,850.7,16.1,0,255,261
2025-12-29 20:18:01,19.1,75.8,0.0,0.0,0.0,221.0,850.9,16.2,0,253,259
2025-12-29 20:33:23,19.0,76.8,0.0,0.1,0.4,222.0,851.0,16.2,0,253,260
2025-12-29 20:48:26,19.0,78.9,0.0,0.1,0.7,221.0,851.1,16.4,0,254,260
2025-12-29 21:03:42,18.6,78.8,0.0,0.7,1.8,202.0,851.3,16.1,0,254,260
2025-12-29 21:19:26,18.6,79.8,0.0,0.0,0.2,202.0,851.6,16.1,0,254,260
2025-12-29 21:34:29,18.5,78.8,0.0,0.2,0.6,202.0,851.5,15.9,0,253,260
2025-12-29 21:50:28,18.5,79.3,0.0,0.0,0.0,201.0,851.8,16.0,0,254,261
2025-12-29 22:05:28,18.7,77.9,0.0,0.0,0.2,202.0,851.7,16.0,0,253,258
2025-12-29 22:20:29,17.0,88.8,7.8,0.2,0.9,222.0,851.7,15.7,0,254,260
2025-12-29 22:35:47,16.9,90.7,5.6000000000000005,0.5,0.9,211.0,851.7,15.8,0,254,261
2025-12-29 22:51:41,16.7,91.5,2.1999999999999993,0.3,0.7,211.0,851.6,15.7,0,254,261
2025-12-29 23:06:48,16.8,92.0,0.20000000000000107,0.0,0.0,210.0,851.5,15.8,0,253,259
2025-12-29 23:21:58,16.8,92.3,0.0,0.0,0.2,211.0,851.6,15.9,0,253,260
2025-12-29 23:37:32,16.9,92.4,0.0,0.0,0.2,211.0,851.7,16.0,0,253,261
2025-12-29 23:52:39,16.9,92.7,0.0,0.1,0.4,211.0,851.6,16.0,0,253,260
2025-12-30 00:07:39,16.8,92.8,0.0,0.0,0.0,210.0,851.3,16.0,0,254,260
2025-12-30 00:22:45,16.8,92.9,0.0,0.1,0.4,211.0,851.0,15.9,0,254,261
2025-12-30 00:37:50,16.7,92.9,0.0,0.4,0.7,211.0,850.9,15.8,0,254,261
2025-12-30 00:52:55,16.5,92.9,0.0,0.1,0.4,10.0,851.0,15.7,0,254,260
2025-12-30 01:08:00,16.6,93.1,0.0,0.0,0.2,9.0,850.8,15.7,0,254,261
2025-12-30 01:23:24,16.6,93.2,0.0,0.0,0.2,9.0,850.7,15.8,0,253,261
2025-12-30 01:38:33,16.7,93.3,0.0,0.2,0.7,11.0,850.4,15.9,0,254,260
2025-12-30 01:53:56,16.8,93.3,0.0,0.1,0.7,313.0,850.1,16.0,0,253,261
2025-12-30 02:09:02,16.8,93.4,0.0,0.0,0.0,302.0,850.0,16.1,0,254,260
2025-12-30 02:24:54,16.8,93.4,0.0,0.0,0.0,302.0,850.0,16.0,0,253,260
2025-12-30 02:39:59,16.9,93.4,0.0,0.1,0.7,303.0,850.1,16.1,0,253,260
2025-12-30 02:55:04,16.9,93.5,0.0,0.0,0.0,302.0,850.0,16.1,0,253,261
2025-12-30 03:00:06,16.9,93.5,0.0,0.1,0.4,303.0,850.0,16.1,0,253,260
2025-12-30 03:15:11,16.8,93.5,0.0,0.0,0.0,302.0,850.0,16.0,0,254,259
2025-12-30 03:30:50,16.8,93.5,0.0,0.0,0.0,302.0,850.3,16.0,0,254,260
2025-12-30 03:46:02,16.8,93.6,0.0,0.0,0.0,302.0,850.4,16.0,0,253,261
2025-12-30 04:01:23,16.8,93.6,0.0,0.0,0.0,100.0,850.6,16.0,0,254,261
2025-12-30 04:16:36,16.6,93.6,0.0,0.0,0.0,100.0,850.5,15.9,0,253,260
2025-12-30 04:32:18,16.5,93.6,0.1999999999999993,0.0,0.0,100.0,850.4,15.8,0,254,260
2025-12-30 04:47:37,16.5,93.7,0.0,0.0,0.0,100.0,850.5,15.8,0,253,260
2025-12-30 05:03:02,16.4,93.7,0.1999999999999993,0.0,0.0,100.0,850.5,15.7,0,254,262
2025-12-30 05:18:07,16.5,93.8,0.40000000000000213,0.0,0.0,100.0,850.4,15.8,0,253,261
2025-12-30 05:33:48,16.6,93.9,0.3999999999999986,0.0,0.0,100.0,850.6,15.8,0,254,260
2025-12-30 05:49:21,16.7,94.0,0.0,0.0,0.0,100.0,850.8,16.0,0,253,261
2025-12-30 06:04:40,16.7,94.1,0.0,0.0,0.0,100.0,851.1,16.0,0,254,261
2025-12-30 06:19:45,16.7,94.1,0.0,0.0,0.0,100.0,851.3,16.0,0,256,260
2025-12-30 06:34:50,16.7,94.1,0.0,0.0,0.0,100.0,851.4,16.0,0,276,262
2025-12-30 06:49:55,16.8,94.2,0.0,0.0,0.0,100.0,851.7,16.1,0,320,267
2025-12-30 07:05:01,16.8,94.2,0.0,0.0,0.0,100.0,851.8,16.1,0,357,271
2025-12-30 07:20:07,16.9,94.2,0.0,0.0,0.0,100.0,852.0,16.2,0,407,275
2025-12-30 07:35:12,17.0,94.3,0.0,0.0,0.0,26.0,852.0,16.3,0,656,299
2025-12-30 07:50:17,17.1,94.2,0.0,0.0,0.0,26.0,852.4,16.4,0,999,332
2025-12-30 08:05:22,17.4,94.1,0.0,0.2,0.7,25.0,852.4,16.7,0,1296,361
2025-12-30 08:20:26,17.7,93.9,0.0,0.0,0.0,26.0,852.4,16.9,0,1490,377
2025-12-30 08:35:51,17.8,92.8,0.0,1.0,1.7,210.0,852.5,16.9,0,1812,410
2025-12-30 08:50:56,18.2,90.2,0.1999999999999993,0.2,0.7,210.0,852.6,17.0,0,2180,443
2025-12-30 09:06:01,19.1,87.3,0.0,0.4,0.7,210.0,852.6,17.5,0,2284,451
2025-12-30 09:21:06,19.3,84.0,0.0,0.1,0.4,210.0,852.5,17.4,0,2464,471
2025-12-30 09:36:11,20.6,78.5,0.0,0.8,1.1,223.0,852.4,18.0,0,3524,572
2025-12-30 09:51:16,21.8,72.8,0.0,1.0,1.3,226.0,852.4,18.4,0,7987,981
2025-12-30 10:06:21,23.8,65.4,0.0,0.3,0.4,222.0,852.3,19.2,0,7649,948
2025-12-30 10:21:26,25.7,58.4,0.0,0.7,1.3,50.0,852.2,19.9,0,1394,387
2025-12-30 10:36:30,24.1,63.3,0.0,0.2,0.7,39.0,852.2,19.2,0,6692,864
2025-12-30 10:51:36,27.0,57.5,0.0,0.3,1.1,98.0,852.0,20.9,0,8794,1060
2025-12-30 11:06:58,25.5,60.0,0.0,0.1,0.2,65.0,851.9,20.0,0,8118,991
2025-12-30 11:22:03,25.1,56.5,0.0,1.2,1.7,83.0,851.7,19.0,0,7078,919
2025-12-30 11:37:08,26.4,54.1,0.0,0.3,1.2,46.0,851.3,19.9,0,3205,552
2025-12-30 11:52:13,27.5,51.6,0.0,0.8,2.4,51.0,851.1,20.4,0,10279,1198
2025-12-30 12:07:18,27.3,50.8,0.0,0.7,1.5,50.0,850.9,20.1,0,8498,1036
2025-12-30 12:22:23,26.0,52.5,0.0,1.3,2.0,61.0,850.6,19.2,0,3516,578
2025-12-30 12:37:28,25.5,53.1,0.0,0.5,0.9,97.0,850.3,18.9,0,10496,1213
2025-12-30 12:52:33,26.8,49.0,0.0,0.5,1.2,79.0,849.9,19.4,0,6851,895
2025-12-30 13:07:38,27.9,47.7,0.0,1.5,3.3,107.0,849.6,20.1,0,7201,927
2025-12-30 13:22:43,27.8,45.8,0.0,2.1,4.6,85.0,849.2,19.7,0,9032,1094
2025-12-30 13:38:06,27.4,48.3,0.0,0.5,1.3,162.0,849.1,19.8,0,8723,1061
2025-12-30 13:53:14,28.2,43.1,0.0,1.6,3.1,74.0,848.8,19.6,0,8115,1007
2025-12-30 14:08:15,29.3,42.6,0.0,1.1,3.4,87.0,848.3,20.4,0,2224,469
2025-12-30 14:23:25,28.8,43.4,0.0,1.4,3.7,98.0,847.9,20.1,0,8101,1006
2025-12-30 14:38:42,29.4,42.8,0.0,1.3,3.1,70.0,847.9,20.5,0,2551,480
2025-12-30 14:54:18,27.8,45.7,0.0,0.8,1.8,61.0,847.7,19.6,0,3569,573
2025-12-30 15:09:32,27.8,47.0,0.0,0.5,1.3,24.0,847.7,19.9,0,3416,564
2025-12-30 15:24:37,26.5,51.3,0.0,1.2,3.3,75.0,847.8,19.5,0,2726,499
2025-12-30 15:39:43,25.7,52.8,0.0,1.6,4.1,76.0,848.0,19.0,0,3636,585
2025-12-30 15:54:47,26.3,51.0,0.0,0.8,2.2,89.0,847.9,19.3,0,2068,437
2025-12-30 16:10:21,25.5,52.7,0.0,2.2,4.8,74.0,847.9,18.8,0,1748,407
2025-12-30 16:25:45,24.3,55.9,0.0,0.7,1.1,37.0,847.9,18.3,0,1245,361
2025-12-30 16:40:50,24.8,53.6,0.0,0.6,1.4,50.0,848.1,18.4,0,2512,474
2025-12-30 16:56:14,25.8,49.9,0.0,0.3,0.9,29.0,848.2,18.7,0,2673,487
2025-12-30 17:12:12,26.9,47.3,0.0,0.4,0.7,50.0,848.4,19.1,0,2641,481
2025-12-30 17:27:17,26.8,48.4,0.0,0.4,0.7,81.0,848.5,19.2,0,2157,434
2025-12-30 17:42:22,24.7,49.4,0.0,0.2,0.4,43.0,848.5,17.6,0,897,322
2025-12-30 17:57:26,24.0,52.0,0.0,0.0,0.2,131.0,848.5,17.4,0,616,295
2025-12-30 18:12:31,23.5,54.8,0.0,0.5,1.4,61.0,849.0,17.4,0,406,275
2025-12-30 18:27:37,22.8,58.6,0.0,0.6,1.1,68.0,849.2,17.4,0,299,266
2025-12-30 18:42:54,22.1,60.4,0.0,0.1,0.7,53.0,849.4,17.0,0,261,263
2025-12-30 18:58:31,21.5,62.0,0.0,0.0,0.0,99.0,849.6,16.6,0,254,260
2025-12-30 19:13:36,21.0,63.2,0.0,0.0,0.2,99.0,850.0,16.3,0,252,260
2025-12-30 19:28:41,20.8,62.5,0.0,0.2,0.7,90.0,850.2,16.1,0,254,261
2025-12-30 19:44:28,20.3,65.6,0.0,0.0,0.0,84.0,850.5,16.0,0,254,260
2025-12-30 19:59:34,20.0,66.1,0.0,0.0,0.0,84.0,850.7,15.8,0,253,262
2025-12-30 20:15:21,19.8,69.0,0.0,0.0,0.0,84.0,850.7,15.9,0,253,261
2025-12-30 20:31:11,19.6,68.6,0.0,0.0,0.0,84.0,850.8,15.7,0,253,260
2025-12-30 20:46:24,19.6,72.6,0.0,0.0,0.0,50.0,851.0,16.3,0,253,261
2025-12-30 21:01:29,19.6,73.0,0.0,0.0,0.0,50.0,851.2,16.3,0,253,260
2025-12-30 21:16:37,19.6,72.9,0.0,0.0,0.0,50.0,851.4,16.3,0,253,259
2025-12-30 21:31:37,19.7,75.0,0.0,0.0,0.0,50.0,851.4,16.6,0,253,260
2025-12-30 21:47:32,19.8,75.5,0.0,0.0,0.2,43.0,851.5,16.7,0,254,261
2025-12-30 22:02:33,19.9,76.1,0.0,0.1,0.4,302.0,851.4,17.0,0,254,259
2025-12-30 22:17:37,19.6,79.5,0.0,0.0,0.0,301.0,851.3,17.1,0,253,260
2025-12-30 22:32:37,17.8,87.3,7.2,0.5,1.3,254.0,851.2,16.3,0,253,260
2025-12-30 22:47:52,17.5,89.6,0.39999999999999947,0.0,0.0,116.0,851.4,16.3,0,254,259
2025-12-30 23:03:34,17.3,90.6,0.0,0.0,0.0,116.0,851.5,16.2,0,254,261
2025-12-30 23:18:37,17.2,91.2,0.0,0.0,0.0,116.0,851.3,16.2,0,254,260
2025-12-30 23:33:38,17.3,91.7,0.0,0.0,0.0,116.0,851.4,16.3,0,253,261
2025-12-30 23:49:38,17.4,92.2,0.0,0.0,0.0,116.0,851.2,16.5,0,254,261
2025-12-31 00:05:41,17.5,92.4,0.0,0.0,0.0,116.0,851.3,16.6,0,253,261
2025-12-31 00:20:46,17.6,92.6,0.0,0.0,0.0,116.0,851.2,16.7,0,253,259
2025-12-31 00:35:52,17.6,92.9,0.0,0.0,0.0,116.0,851.3,16.7,0,253,261
2025-12-31 00:50:57,17.6,92.9,0.0,0.0,0.0,116.0,851.1,16.8,0,253,259
2025-12-31 01:06:21,17.7,93.1,0.0,0.0,0.0,116.0,850.9,16.8,0,252,259
2025-12-31 01:21:27,17.7,93.2,0.20000000000000018,0.0,0.2,116.0,851.0,16.9,0,254,260
2025-12-31 01:36:33,17.5,93.1,0.39999999999999947,1.0,2.4,72.0,850.8,16.7,0,253,259
2025-12-31 01:51:37,17.0,93.1,7.600000000000001,0.0,0.2,131.0,850.8,16.2,0,253,260
2025-12-31 02:06:42,16.9,93.3,0.3999999999999986,0.0,0.0,131.0,850.6,16.1,0,254,260
2025-12-31 02:21:47,17.0,93.4,0.0,0.0,0.0,131.0,850.4,16.2,0,252,260
2025-12-31 02:37:43,17.0,93.5,0.0,0.0,0.0,131.0,850.3,16.3,0,253,260
2025-12-31 02:52:48,17.1,93.6,0.0,0.0,0.0,131.0,850.3,16.3,0,254,260
2025-12-31 03:00:51,17.2,93.7,0.0,0.0,0.0,131.0,850.3,16.4,0,253,260
2025-12-31 03:16:48,17.2,93.8,0.0,0.0,0.0,131.0,850.5,16.5,0,253,260
2025-12-31 03:31:53,17.0,93.8,0.0,0.0,0.0,131.0,850.5,16.3,0,254,260
2025-12-31 03:46:58,17.1,93.9,0.0,0.0,0.0,131.0,850.5,16.4,0,253,260
2025-12-31 04:02:03,17.0,94.0,0.0,0.1,0.2,131.0,850.4,16.3,0,254,260
2025-12-31 04:17:07,16.9,94.0,0.0,0.2,0.4,131.0,850.5,16.2,0,253,260
2025-12-31 04:32:12,16.9,94.1,0.0,0.0,0.0,131.0,850.7,16.2,0,253,261
2025-12-31 04:47:17,16.9,94.1,0.0,0.0,0.0,131.0,850.7,16.2,0,252,261
2025-12-31 05:02:22,16.7,94.1,0.0,0.0,0.0,131.0,850.6,16.0,0,253,260
2025-12-31 05:17:46,16.6,94.2,0.0,0.0,0.0,131.0,850.7,15.9,0,254,259
2025-12-31 05:32:51,16.6,94.2,0.0,0.0,0.0,131.0,850.8,15.9,0,254,261
2025-12-31 05:47:56,16.5,94.2,0.0,0.0,0.0,131.0,850.6,15.8,0,254,260
2025-12-31 06:03:01,16.4,94.2,0.0,0.0,0.0,131.0,850.8,15.7,0,253,260
2025-12-31 06:18:06,16.3,94.3,0.0,0.0,0.0,131.0,850.9,15.6,0,281,262
2025-12-31 06:33:11,16.1,94.3,0.0,0.0,0.0,131.0,850.9,15.4,0,359,270
2025-12-31 06:48:15,16.1,94.3,0.0,0.1,0.4,131.0,850.9,15.4,0,487,283
2025-12-31 07:03:21,16.3,94.4,0.0,0.1,0.2,131.0,851.1,15.6,0,591,298
2025-12-31 07:18:26,16.6,94.4,0.0,0.3,0.7,130.0,851.1,15.9,0,858,319
2025-12-31 07:33:52,16.9,94.3,0.0,0.5,1.2,17.0,851.2,16.3,0,728,315
2025-12-31 07:49:01,17.4,94.1,0.0,0.3,0.9,32.0,851.4,16.7,0,1263,360
2025-12-31 08:04:06,17.9,92.8,0.0,0.0,0.2,323.0,851.6,17.0,0,2325,450
2025-12-31 08:19:11,19.1,88.1,0.0,0.4,0.7,276.0,851.5,17.7,0,2726,488
2025-12-31 08:34:17,20.3,80.1,0.0,0.3,0.9,25.0,851.6,17.8,0,2967,513
2025-12-31 08:49:22,21.7,73.3,0.0,0.9,2.4,101.0,851.7,18.3,0,3514,563
2025-12-31 09:04:27,23.1,69.0,0.0,0.6,1.3,75.0,851.6,19.1,0,4282,634
2025-12-31 09:19:51,23.8,61.9,0.0,1.6,2.2,92.0,851.5,18.7,0,3617,583
2025-12-31 09:34:56,24.0,63.6,0.2,0.4,1.1,108.0,851.5,19.2,0,1672,411
2025-12-31 09:50:01,24.6,61.9,0.0,0.3,1.1,76.0,851.4,19.4,0,6008,798
2025-12-31 10:05:06,25.4,57.3,0.0,0.2,1.1,85.0,851.2,19.4,0,6080,807
2025-12-31 10:20:11,26.9,56.2,0.0,0.5,1.5,62.0,851.1,20.6,0,6811,874
2025-12-31 10:35:16,26.2,58.9,0.0,0.5,1.7,105.0,851.1,20.4,0,7276,922
2025-12-31 10:50:21,25.6,54.9,0.0,0.3,0.9,127.0,850.9,19.3,0,7517,937
2025-12-31 11:05:26,26.4,53.3,0.0,0.2,0.7,82.0,850.8,19.7,0,7724,967
2025-12-31 11:20:31,26.4,51.6,0.0,0.6,1.6,142.0,850.5,19.4,0,9097,1089
2025-12-31 11:35:57,26.0,46.5,0.0,1.3,3.5,93.0,850.3,18.3,0,8245,1017
2025-12-31 11:51:02,26.4,49.3,0.0,1.3,2.6,82.0,850.2,19.1,0,8396,1031
2025-12-31 12:06:07,27.5,47.1,0.0,0.7,2.4,182.0,850.0,19.6,0,8522,1046
2025-12-31 12:21:12,26.5,47.1,0.0,0.9,2.2,158.0,849.7,18.8,0,9273,1109
2025-12-31 12:36:18,26.9,45.8,0.0,1.1,2.8,51.0,849.5,18.9,0,9134,1098
2025-12-31 12:51:23,26.7,50.2,0.0,0.4,1.3,91.0,849.3,19.5,0,9500,1127
2025-12-31 13:07:02,26.3,49.1,0.0,1.4,3.1,105.0,849.1,19.0,0,4369,668
2025-12-31 13:22:07,26.9,46.8,0.0,0.3,1.5,94.0,848.8,19.1,0,3605,596
2025-12-31 13:37:13,27.5,46.4,0.0,0.2,0.9,91.0,848.5,19.6,0,8400,1031
2025-12-31 13:52:18,27.1,45.3,0.0,1.3,3.3,90.0,848.2,19.0,0,7903,985
2025-12-31 14:08:07,27.5,45.5,0.0,0.9,1.7,61.0,848.3,19.4,0,8438,1023
2025-12-31 14:23:12,28.2,44.4,0.0,0.4,1.4,122.0,848.1,19.8,0,2405,480
2025-12-31 14:38:13,27.0,46.6,0.0,0.6,1.1,12.0,847.9,19.2,0,1766,427
2025-12-31 14:53:18,28.1,42.8,0.0,2.1,5.5,82.0,847.6,19.5,0,2086,463
2025-12-31 15:09:10,28.6,44.7,0.0,1.0,3.1,84.0,847.4,20.2,0,1965,454
2025-12-31 15:24:15,28.2,44.0,0.0,1.6,3.1,64.0,847.2,19.7,0,5628,770
2025-12-31 15:39:20,28.8,42.9,0.0,1.1,3.7,54.0,847.1,20.0,0,5224,732
2025-12-31 15:54:25,27.3,46.3,0.0,1.4,2.8,78.0,847.2,19.3,0,4793,685
2025-12-31 16:10:13,27.8,45.8,0.0,0.6,2.2,71.0,847.1,19.7,0,4064,621
2025-12-31 16:25:18,27.5,46.1,0.0,0.5,1.5,157.0,847.1,19.5,0,3690,586
2025-12-31 16:40:23,28.1,44.6,0.0,0.8,2.4,43.0,847.0,19.7,0,3124,532
2025-12-31 16:55:28,27.8,44.9,0.0,1.3,3.3,91.0,847.0,19.5,0,2619,483
2025-12-31 17:11:21,26.1,50.0,0.0,0.8,1.3,82.0,847.2,19.0,0,2097,432
2025-12-31 17:27:15,26.1,49.3,0.0,1.3,2.8,91.0,847.2,18.8,0,1693,390
2025-12-31 17:42:21,24.5,51.0,0.0,1.4,3.3,67.0,847.2,17.7,0,609,307
2025-12-31 17:58:19,24.1,52.4,0.0,1.4,3.5,88.0,847.5,17.6,0,525,295
2025-12-31 18:13:21,23.6,54.1,0.0,0.6,1.3,80.0,847.6,17.4,0,451,284
2025-12-31 18:29:14,23.2,55.3,0.0,0.5,1.3,82.0,847.9,17.2,0,306,268
2025-12-31 18:45:07,22.8,57.2,0.0,0.4,1.1,116.0,848.3,17.2,0,263,261
2025-12-31 19:00:12,22.3,60.1,0.0,0.0,0.0,104.0,848.5,17.1,0,255,260
2025-12-31 19:15:17,21.8,62.6,0.0,0.0,0.0,69.0,848.6,17.0,0,253,260
2025-12-31 19:30:22,21.4,65.5,0.0,0.0,0.0,101.0,848.8,17.0,0,253,261
2025-12-31 19:45:48,21.1,67.0,0.0,0.0,0.0,101.0,849.1,16.9,0,252,261
2025-12-31 20:01:22,20.8,69.0,0.0,0.0,0.0,101.0,849.3,16.9,0,254,261
2025-12-31 20:16:57,20.5,71.1,0.0,0.0,0.0,101.0,849.8,16.9,0,253,261
2025-12-31 20:32:03,20.5,73.7,0.0,0.0,0.0,101.0,850.1,17.2,0,254,261
2025-12-31 20:47:08,20.5,74.9,0.0,0.0,0.0,100.0,850.2,17.3,0,253,261
2025-12-31 21:02:58,20.5,75.1,0.0,0.0,0.0,101.0,850.4,17.4,0,253,261
2025-12-31 21:18:03,20.5,73.9,0.0,0.0,0.0,101.0,850.6,17.2,0,252,260
2025-12-31 21:33:58,20.6,75.3,0.0,0.0,0.0,101.0,850.8,17.5,0,253,259
2025-12-31 21:49:04,20.5,76.7,0.0,0.0,0.0,101.0,850.9,17.6,0,253,262
2025-12-31 22:04:09,20.5,76.0,0.0,0.0,0.0,101.0,850.9,17.5,0,254,261
2025-12-31 22:19:14,20.5,74.1,0.0,0.3,1.1,101.0,850.8,17.3,0,253,260
2025-12-31 22:34:19,20.5,75.6,0.0,0.0,0.0,64.0,851.0,17.4,0,253,261
2025-12-31 22:49:24,20.2,76.2,0.0,0.0,0.0,64.0,851.0,17.2,0,254,261
2025-12-31 23:04:29,20.2,76.0,0.0,0.0,0.0,64.0,851.0,17.2,0,253,259
2025-12-31 23:20:08,20.3,74.6,0.0,0.1,0.4,129.0,850.9,17.2,0,254,260
2025-12-31 23:35:13,20.0,75.7,0.0,0.2,0.7,129.0,851.0,17.0,0,252,262
2025-12-31 23:50:18,19.8,77.5,0.0,0.0,0.0,129.0,851.1,17.0,0,253,260
2026-01-01 00:05:23,19.7,78.2,0.0,0.1,0.4,129.0,851.0,17.1,0,253,261
2026-01-01 00:20:28,19.8,78.2,0.0,0.2,0.7,129.0,850.8,17.1,0,253,261
2026-01-01 00:35:33,19.9,77.5,0.0,0.4,1.2,104.0,850.8,17.1,0,254,259
2026-01-01 00:51:14,19.9,76.5,0.0,0.4,0.9,109.0,850.6,17.0,0,252,260
2026-01-01 01:07:07,19.8,76.4,0.0,0.6,2.0,108.0,850.5,16.9,0,253,261
2026-01-01 01:22:49,19.5,77.6,0.0,0.4,1.3,125.0,850.3,16.8,0,253,260
2026-01-01 01:38:07,19.1,79.3,0.0,0.2,0.7,111.0,850.1,16.6,0,255,260
2026-01-01 01:53:13,18.8,80.4,0.0,0.2,0.4,71.0,850.1,16.4,0,252,259
2026-01-01 02:09:09,18.6,81.6,0.0,0.0,0.2,71.0,850.0,16.3,0,253,260
2026-01-01 02:24:15,18.4,82.3,0.0,0.1,0.4,76.0,849.9,16.3,0,254,260
2026-01-01 02:39:20,18.2,83.0,0.0,0.0,0.2,90.0,849.9,16.1,0,253,260
2026-01-01 02:54:25,18.0,83.8,0.0,0.0,0.0,90.0,849.9,16.1,0,254,260
